wind_speed,rainfall,storm_surge,elevation,distance_from_coast,distance_from_cyclone_track,historical_flood_exposure,risk_score,risk_category
187.7,260.6,0.0,43.1,60.3,30.0,0.086,29.6,LOW
133.9,181.4,0.11,39.4,58.6,10.8,0.225,19.0,LOW
50.9,75.2,0.0,39.2,59.8,126.9,0.0,0.6,LOW
186.8,286.1,1.89,0.8,7.2,12.1,0.818,56.4,HIGH
120.7,227.5,1.44,3.4,2.4,6.0,0.889,32.0,MEDIUM
118.0,297.0,0.0,23.8,36.5,136.8,0.291,23.4,LOW
268.1,291.9,0.44,44.1,35.4,3.6,0.0,46.1,MEDIUM
89.5,146.0,0.0,46.0,78.3,77.6,0.065,12.9,LOW
85.6,167.9,0.11,1.4,2.2,235.0,0.947,23.0,LOW
108.6,188.3,0.17,16.8,26.4,59.4,0.448,17.7,LOW
97.8,200.2,0.64,3.9,2.0,64.2,0.471,20.7,LOW
127.8,246.4,0.1,18.4,27.4,46.4,0.738,28.0,LOW
141.7,199.6,0.0,27.3,43.5,25.8,0.08,24.6,LOW
231.6,323.4,1.96,5.9,9.9,14.9,0.594,53.4,MEDIUM
56.2,112.8,0.07,26.9,31.0,216.2,0.117,3.5,LOW
133.0,203.1,0.64,5.4,4.0,102.3,0.488,28.3,LOW
108.6,168.1,0.62,5.6,2.5,43.9,0.572,21.2,LOW
122.6,249.5,1.02,1.7,8.1,6.3,0.844,35.8,MEDIUM
169.3,245.1,0.36,19.3,22.7,3.2,0.563,39.3,MEDIUM
193.7,309.7,1.48,8.9,10.5,17.3,0.503,42.7,MEDIUM
203.1,228.2,0.2,22.2,31.4,12.7,0.178,37.2,MEDIUM
106.1,182.9,0.19,3.5,5.8,196.8,0.768,24.9,LOW
73.0,109.6,0.1,33.4,46.1,69.1,0.287,7.5,LOW
186.0,265.2,0.3,28.6,30.9,6.9,0.291,37.4,MEDIUM
60.8,153.6,0.0,20.5,16.6,122.9,0.393,8.0,LOW
150.8,207.2,0.59,9.6,10.6,51.7,0.527,31.6,MEDIUM
80.2,164.0,0.12,17.8,11.5,26.9,0.407,13.1,LOW
133.4,210.2,1.19,1.8,2.1,13.9,0.717,39.3,MEDIUM
135.8,211.2,0.89,5.4,4.7,90.6,0.804,32.0,MEDIUM
109.1,192.8,0.21,13.6,17.3,54.8,0.799,23.9,LOW
184.8,332.1,1.05,1.6,9.9,10.5,0.779,50.6,MEDIUM
154.7,288.9,0.0,37.1,31.8,91.8,0.181,28.4,LOW
70.4,148.5,0.18,17.1,17.9,195.4,0.442,15.0,LOW
183.8,243.8,1.66,1.3,6.1,11.0,0.659,49.6,MEDIUM
219.4,258.4,1.12,11.6,11.7,31.3,0.618,48.5,MEDIUM
195.2,263.7,0.99,42.1,16.2,11.1,0.214,33.2,MEDIUM
67.6,243.3,0.11,0.6,8.8,115.5,0.719,24.1,LOW
208.1,306.0,1.74,1.5,8.2,10.3,0.889,62.2,HIGH
167.5,227.9,0.25,17.3,22.2,11.0,0.403,34.6,MEDIUM
112.4,174.8,0.3,1.5,7.6,117.3,0.607,27.0,LOW
167.5,220.8,0.04,25.0,33.5,24.6,0.347,32.2,MEDIUM
71.6,211.0,0.14,23.3,35.0,132.7,0.351,14.1,LOW
218.2,273.6,0.3,22.9,27.3,4.2,0.464,42.3,MEDIUM
85.7,207.6,0.31,0.9,2.0,68.3,0.896,24.6,LOW
147.4,213.8,0.1,18.8,28.6,62.1,0.361,30.3,MEDIUM
205.1,224.1,0.01,22.0,34.1,14.9,0.26,39.7,MEDIUM
259.3,278.4,0.44,20.1,28.3,4.4,0.359,49.8,MEDIUM
106.0,212.1,0.3,5.3,7.2,1.5,0.702,25.8,LOW
112.0,197.5,0.42,4.8,8.2,91.1,0.733,31.0,MEDIUM
82.8,197.6,0.03,1.9,4.3,128.8,0.787,23.0,LOW
111.4,191.2,0.46,4.8,9.1,42.0,0.646,27.0,LOW
130.9,256.4,1.19,2.8,0.7,22.6,0.864,42.0,MEDIUM
182.1,268.5,1.92,4.8,4.4,4.5,0.56,40.6,MEDIUM
150.9,204.1,0.24,21.1,33.1,34.6,0.716,34.0,MEDIUM
130.1,171.6,0.01,64.9,100.1,149.5,0.174,15.4,LOW
72.3,130.9,0.11,16.0,14.3,99.3,0.253,9.6,LOW
129.5,205.5,0.82,2.3,7.3,40.6,0.758,33.1,MEDIUM
205.1,282.2,1.79,10.9,10.1,6.1,0.634,45.1,MEDIUM
95.2,228.5,0.35,3.6,9.2,47.2,0.64,25.0,LOW
220.2,266.2,2.66,2.6,3.4,6.2,0.497,62.0,HIGH
137.9,153.4,0.16,25.7,27.3,108.3,0.131,21.7,LOW
135.1,231.7,0.05,21.9,34.6,89.6,0.414,22.8,LOW
96.0,162.5,0.0,30.4,37.9,88.3,0.0,16.9,LOW
215.7,228.4,0.0,79.0,132.9,1.3,0.0,31.2,MEDIUM
222.7,310.1,0.06,32.5,52.9,11.6,0.299,42.1,MEDIUM
76.7,143.2,0.2,25.1,41.3,89.8,0.26,7.9,LOW
147.8,201.9,0.22,20.0,26.3,39.0,0.255,24.8,LOW
166.0,194.0,0.49,24.0,15.0,49.7,0.232,29.2,LOW
93.7,155.2,0.21,1.5,1.3,20.8,0.532,22.0,LOW
100.6,179.0,0.07,20.7,24.1,73.8,0.422,17.8,LOW
141.5,192.1,0.43,31.7,15.7,42.2,0.104,23.0,LOW
103.7,139.1,0.06,26.7,37.9,55.3,0.195,15.8,LOW
143.0,235.3,0.06,39.1,50.9,27.8,0.219,22.7,LOW
218.1,357.0,1.74,3.7,8.5,16.4,0.651,51.4,MEDIUM
114.6,163.0,0.64,4.6,1.4,1.8,0.559,22.3,LOW
128.1,143.9,0.14,16.9,23.3,4.4,0.108,22.0,LOW
211.2,244.8,0.0,37.6,64.0,9.5,0.233,36.5,MEDIUM
203.9,411.2,0.82,25.4,20.7,3.1,0.301,43.0,MEDIUM
107.9,179.6,0.0,33.6,53.5,77.2,0.131,16.9,LOW
110.2,228.1,0.23,14.3,19.0,65.3,0.295,23.1,LOW
85.1,174.4,0.1,21.4,33.0,17.8,0.342,12.6,LOW
154.2,225.5,1.33,4.6,7.4,43.9,0.736,38.0,MEDIUM
119.8,177.7,0.65,2.5,3.6,39.8,0.74,29.4,LOW
144.7,220.2,0.84,3.4,3.8,109.3,0.945,36.3,MEDIUM
206.5,276.6,3.41,4.7,3.1,7.0,0.769,58.2,HIGH
51.9,161.3,0.0,0.8,1.6,155.2,0.759,17.2,LOW
183.2,357.4,0.08,27.2,43.1,1.9,0.381,40.3,MEDIUM
184.2,235.3,0.7,17.7,11.4,66.5,0.402,37.0,MEDIUM
211.7,296.7,1.62,0.9,9.9,6.1,0.779,56.6,HIGH
99.2,194.9,0.0,17.2,23.6,75.9,0.597,26.2,LOW
118.0,182.4,0.8,2.6,4.9,12.3,0.587,24.2,LOW
166.1,272.6,0.0,31.0,48.2,20.1,0.235,30.2,MEDIUM
93.2,183.1,0.03,35.7,32.5,119.4,0.37,17.6,LOW
111.1,206.5,0.61,1.7,8.4,67.7,0.793,29.1,LOW
106.5,281.1,0.49,2.6,5.2,51.0,0.667,30.1,MEDIUM
177.6,209.6,0.68,9.4,13.5,60.3,0.292,31.5,MEDIUM
150.7,244.4,0.9,1.0,7.8,33.3,0.428,34.0,MEDIUM
146.2,228.3,1.42,3.8,2.1,13.7,1.0,39.5,MEDIUM
69.1,128.5,0.16,21.5,12.8,138.3,0.385,9.9,LOW
74.8,120.3,0.0,33.6,56.5,116.4,0.121,11.8,LOW
106.0,173.7,0.29,19.0,25.4,91.7,0.427,17.6,LOW
124.3,159.4,0.15,45.7,77.3,31.8,0.0,15.9,LOW
115.5,194.8,0.0,47.4,51.4,58.2,0.071,17.0,LOW
147.2,201.9,0.24,22.4,28.1,7.1,0.185,24.7,LOW
133.8,225.3,0.0,29.5,46.5,22.2,0.034,20.3,LOW
114.3,143.5,0.0,16.2,18.4,16.2,0.103,16.9,LOW
106.4,234.2,0.0,16.8,26.9,50.0,0.168,23.7,LOW
179.9,327.1,1.34,4.2,9.7,3.8,0.83,45.9,MEDIUM
144.3,215.4,1.52,4.9,5.7,25.0,0.511,28.1,LOW
192.2,324.9,0.31,39.9,53.8,18.8,0.242,38.0,MEDIUM
174.8,236.0,1.82,4.1,3.7,13.1,0.823,43.0,MEDIUM
143.4,244.2,0.79,2.7,4.9,53.6,0.721,33.5,MEDIUM
84.5,187.6,0.22,5.6,8.0,18.3,0.594,21.3,LOW
94.7,166.1,0.03,16.3,24.4,89.9,0.436,18.9,LOW
105.3,184.5,0.14,12.7,10.5,8.8,0.419,19.5,LOW
171.1,238.9,0.71,15.7,17.3,3.5,0.607,33.8,MEDIUM
146.9,235.8,0.05,49.0,54.2,17.9,0.394,28.0,LOW
196.1,281.3,0.32,26.5,38.7,6.3,0.494,39.2,MEDIUM
176.3,205.1,0.28,21.6,29.5,10.5,0.014,29.9,LOW
65.6,224.4,0.0,4.5,4.5,131.5,0.603,18.3,LOW
138.3,280.5,0.17,19.5,29.9,8.2,0.367,30.5,MEDIUM
248.4,310.6,1.98,11.6,11.6,5.4,0.572,53.5,MEDIUM
133.8,250.8,0.88,3.4,3.3,25.0,0.439,33.0,MEDIUM
103.9,146.1,0.24,11.1,10.2,11.6,0.251,18.4,LOW
58.9,120.3,0.0,1.6,2.0,125.2,0.945,13.5,LOW
134.9,194.2,0.31,21.2,23.1,118.6,0.259,23.4,LOW
138.9,187.9,0.15,17.4,24.5,118.9,0.175,24.2,LOW
91.2,138.8,0.26,4.1,7.6,86.3,0.514,17.5,LOW
95.3,166.3,0.07,3.8,1.3,19.9,0.747,25.8,LOW
170.0,297.4,0.01,41.4,68.4,21.7,0.029,30.9,MEDIUM
93.2,181.7,0.12,17.8,20.4,51.1,0.43,14.4,LOW
91.4,220.3,0.0,25.9,37.4,9.9,0.137,14.6,LOW
148.7,242.2,0.98,4.3,9.0,19.7,0.413,32.3,MEDIUM
175.7,264.8,0.3,25.9,42.1,12.0,0.498,34.8,MEDIUM
102.4,186.6,0.09,38.0,41.2,44.4,0.234,17.6,LOW
110.5,213.6,0.86,4.8,2.5,65.1,0.61,27.6,LOW
181.7,233.1,0.03,86.5,136.0,18.5,0.0,27.4,LOW
189.3,277.7,0.77,13.6,17.0,3.2,0.684,44.8,MEDIUM
85.4,185.0,0.07,23.5,35.1,23.2,0.401,18.7,LOW
90.1,216.5,0.0,5.5,6.3,24.6,0.813,27.0,LOW
84.6,178.0,0.08,25.1,24.8,269.3,0.206,15.0,LOW
125.2,270.6,0.5,5.7,7.4,25.7,0.644,32.0,MEDIUM
146.1,209.7,0.03,32.0,40.5,9.4,0.282,24.9,LOW
74.6,184.9,0.3,11.5,11.8,15.3,0.422,19.5,LOW
109.5,178.6,0.33,16.8,19.7,60.9,0.395,21.6,LOW
144.1,267.6,0.21,11.5,13.4,50.2,0.417,29.8,LOW
78.3,173.0,0.0,21.2,19.0,82.2,0.402,14.3,LOW
141.7,231.9,0.86,10.7,12.0,24.4,0.324,28.0,LOW
85.7,175.9,0.19,24.7,15.5,85.7,0.383,17.0,LOW
176.4,279.9,2.36,4.0,0.9,32.6,0.729,50.0,MEDIUM
97.3,173.5,0.01,28.0,39.9,101.5,0.231,12.5,LOW
62.2,121.7,0.0,44.3,62.9,127.8,0.203,7.3,LOW
81.9,140.0,0.02,14.2,14.7,222.5,0.399,13.3,LOW
243.2,251.5,0.0,51.9,85.3,14.6,0.0,35.8,MEDIUM
97.3,186.3,0.31,5.8,4.4,5.4,0.716,25.8,LOW
166.6,202.3,0.17,49.1,69.8,8.6,0.2,24.7,LOW
68.1,107.0,0.0,5.5,9.3,260.2,0.566,11.2,LOW
156.7,263.6,0.71,14.9,16.9,20.7,0.353,32.8,MEDIUM
104.1,147.9,0.0,39.6,61.1,6.2,0.136,14.6,LOW
89.0,142.1,0.08,0.5,3.4,21.2,0.701,19.8,LOW
133.9,260.1,0.87,4.0,5.0,28.9,0.91,37.6,MEDIUM
50.2,73.8,0.0,39.1,33.8,300.0,0.215,4.4,LOW
109.8,181.7,0.03,19.1,24.8,32.7,0.375,18.7,LOW
188.1,296.4,1.29,1.5,7.4,30.2,0.614,50.1,MEDIUM
111.9,210.6,0.31,11.6,11.3,45.2,0.614,26.0,LOW
140.9,172.7,0.53,13.5,18.9,12.1,0.375,28.8,LOW
108.1,158.0,0.0,29.7,47.7,21.3,0.146,16.4,LOW
96.7,182.0,0.03,2.1,9.2,141.9,0.851,22.3,LOW
147.6,199.1,0.45,23.2,19.3,58.5,0.374,32.3,MEDIUM
187.9,266.4,1.55,2.1,9.1,23.2,0.359,44.8,MEDIUM
115.0,209.0,0.61,3.2,7.8,70.7,0.681,28.7,LOW
150.7,269.6,0.11,42.9,53.5,6.3,0.163,26.4,LOW
91.5,155.8,0.19,24.8,14.1,85.2,0.246,14.8,LOW
185.0,236.8,0.2,32.3,33.7,48.5,0.244,34.5,MEDIUM
74.4,129.4,0.2,0.6,7.8,131.8,0.511,16.6,LOW
137.7,191.6,1.29,1.8,4.9,2.8,0.32,31.1,MEDIUM
165.1,245.5,0.29,36.4,28.8,31.3,0.04,23.2,LOW
97.8,157.7,0.12,26.5,35.6,31.6,0.319,15.2,LOW
51.8,100.7,0.0,18.3,24.0,211.8,0.0,1.9,LOW
127.0,198.6,0.0,25.9,29.9,127.9,0.157,19.9,LOW
66.7,98.1,0.02,25.7,25.7,62.1,0.0,2.7,LOW
120.6,196.1,0.07,19.5,27.5,32.1,0.331,21.5,LOW
120.3,189.2,0.0,38.0,56.6,30.0,0.469,23.4,LOW
92.7,153.1,0.16,49.8,70.8,51.7,0.076,11.9,LOW
219.4,360.1,1.1,12.5,16.8,17.3,0.469,47.2,MEDIUM
176.7,258.7,1.89,0.7,2.5,39.3,0.905,56.1,HIGH
167.6,237.1,0.24,22.7,35.3,65.5,0.325,28.8,LOW
186.5,221.1,0.4,15.3,21.4,42.4,0.402,37.4,MEDIUM
133.3,229.9,0.11,38.0,61.2,41.6,0.314,21.0,LOW
154.2,353.2,0.23,22.5,26.3,24.3,0.396,34.9,MEDIUM
161.4,222.7,1.9,4.1,3.7,17.4,0.723,41.3,MEDIUM
156.0,226.1,0.35,18.7,26.4,18.0,0.358,31.4,MEDIUM
142.3,201.7,0.49,14.2,14.5,64.1,0.402,27.4,LOW
120.2,261.6,0.98,5.4,3.1,51.4,0.782,35.6,MEDIUM
141.4,283.2,1.49,6.0,7.0,14.8,0.579,33.4,MEDIUM
116.7,180.7,0.06,60.5,87.1,55.6,0.256,17.3,LOW
121.5,187.8,0.24,11.4,10.3,44.3,0.351,22.5,LOW
198.3,272.6,2.07,3.0,6.7,1.7,0.926,55.7,HIGH
153.2,224.9,0.98,13.8,11.3,20.2,0.532,34.3,MEDIUM
152.3,234.0,0.04,30.9,51.9,29.7,0.087,27.4,LOW
162.1,211.4,0.3,23.5,27.4,23.2,0.389,27.3,LOW
107.2,195.2,0.22,1.9,5.1,159.9,0.643,23.7,LOW
171.4,249.1,3.14,5.2,0.4,21.8,0.655,51.8,MEDIUM
109.8,285.0,0.41,11.7,11.2,45.3,0.428,23.6,LOW
94.6,188.2,0.3,1.1,4.0,62.2,0.745,22.5,LOW
75.8,111.9,0.04,46.8,51.9,106.3,0.265,9.3,LOW
82.0,163.9,0.05,5.9,2.9,32.6,0.711,22.0,LOW
156.9,203.7,0.3,11.8,17.3,3.6,0.33,31.9,MEDIUM
179.9,231.5,0.3,22.6,25.6,32.3,0.163,29.4,LOW
129.6,156.8,0.11,76.1,72.0,90.6,0.079,16.3,LOW
153.4,266.9,1.01,4.4,7.5,4.1,0.722,37.5,MEDIUM
141.6,189.6,0.04,27.3,43.6,72.2,0.168,22.4,LOW
107.5,282.2,0.07,17.7,19.3,35.0,0.632,24.0,LOW
150.5,246.0,0.03,27.0,43.5,44.5,0.394,32.5,MEDIUM
175.3,238.3,1.37,3.3,9.2,5.9,0.608,39.8,MEDIUM
196.8,296.6,1.67,1.0,8.5,17.9,0.659,53.6,MEDIUM
121.6,221.4,0.96,0.6,6.5,11.9,0.747,37.1,MEDIUM
121.3,252.6,0.03,18.2,26.3,12.9,0.336,24.7,LOW
86.2,177.6,0.09,13.4,16.4,97.9,0.656,21.5,LOW
148.1,265.5,0.39,28.2,21.9,23.3,0.406,29.0,LOW
154.9,250.5,0.16,24.1,32.3,77.8,0.31,29.3,LOW
93.1,137.8,0.06,20.3,29.1,151.7,0.456,16.5,LOW
202.3,347.6,0.44,17.8,26.3,19.3,0.516,47.3,MEDIUM
70.4,128.4,0.0,21.8,35.2,34.0,0.343,8.5,LOW
101.9,195.7,0.37,3.5,1.1,132.8,0.756,23.3,LOW
122.6,204.7,0.08,27.2,37.8,103.1,0.359,23.7,LOW
143.9,181.9,0.14,29.3,32.7,28.3,0.321,25.8,LOW
133.7,198.0,0.57,10.5,11.2,38.9,0.409,26.9,LOW
60.9,150.1,0.15,2.8,6.2,103.8,0.614,14.8,LOW
103.7,182.3,0.22,13.9,18.0,59.8,0.415,20.4,LOW
85.8,255.4,0.0,33.2,50.8,5.6,0.106,17.3,LOW
103.8,207.1,0.01,5.1,8.3,199.1,0.431,22.9,LOW
173.9,238.6,0.0,31.2,36.0,26.3,0.331,32.3,MEDIUM
108.4,119.8,0.0,66.4,74.4,13.6,0.108,10.8,LOW
140.4,192.6,0.58,8.2,10.2,90.3,0.376,26.8,LOW
139.8,207.4,0.0,64.2,107.8,55.7,0.025,21.2,LOW
114.4,236.8,0.92,4.0,1.7,59.4,0.653,30.3,MEDIUM
191.2,254.1,2.0,2.9,1.1,53.9,0.74,50.2,MEDIUM
201.9,347.9,0.18,34.2,46.6,8.1,0.041,40.2,MEDIUM
138.7,190.4,0.41,22.4,16.3,13.1,0.124,22.8,LOW
132.6,208.9,0.14,14.7,15.4,115.4,0.522,32.6,MEDIUM
74.6,232.9,0.15,35.5,49.2,174.3,0.0,13.0,LOW
133.7,277.7,0.08,54.0,62.1,6.1,0.057,21.3,LOW
98.4,201.0,0.0,34.2,20.8,61.1,0.154,13.1,LOW
121.3,188.8,0.09,34.8,52.9,44.7,0.18,17.4,LOW
218.2,406.4,0.62,18.4,25.5,5.5,0.421,48.6,MEDIUM
123.0,264.1,0.53,10.7,12.7,61.0,0.762,35.5,MEDIUM
131.6,215.3,0.81,1.7,6.3,42.7,0.506,29.6,LOW
126.5,270.5,0.0,22.0,34.6,23.2,0.463,28.0,LOW
136.4,178.4,0.0,34.7,53.7,79.9,0.0,19.9,LOW
60.0,92.9,0.0,43.2,66.9,142.5,0.351,5.7,LOW
108.2,165.2,0.23,3.1,7.8,106.2,0.399,20.3,LOW
74.0,128.7,0.0,21.3,25.8,207.8,0.706,18.2,LOW
96.5,155.4,0.13,43.5,13.0,15.1,0.082,14.1,LOW
188.4,257.3,0.0,29.2,43.0,52.9,0.442,34.5,MEDIUM
206.7,285.6,2.05,1.4,5.7,34.4,0.919,59.9,HIGH
127.2,271.3,1.08,4.2,1.7,39.1,0.612,33.8,MEDIUM
202.7,300.5,1.94,3.8,9.2,4.4,0.632,52.5,MEDIUM
177.6,246.4,2.47,5.0,2.0,28.2,0.531,41.7,MEDIUM
105.5,162.5,0.27,13.2,12.0,34.8,0.59,21.1,LOW
96.4,191.3,0.02,12.0,12.4,32.0,0.432,21.9,LOW
139.8,276.7,1.78,3.0,3.0,27.9,0.587,41.0,MEDIUM
154.6,223.2,0.0,45.3,77.4,24.3,0.211,26.1,LOW
157.0,218.7,1.41,2.0,7.8,21.5,0.603,40.6,MEDIUM
155.4,218.2,0.32,24.1,30.1,20.0,0.255,28.0,LOW
116.3,225.0,0.38,5.1,5.2,118.7,0.668,27.9,LOW
91.5,212.4,0.09,20.8,12.9,83.7,0.251,18.8,LOW
99.2,184.3,0.63,4.3,2.5,42.2,0.6,21.6,LOW
114.8,194.4,0.86,4.4,3.1,29.7,0.901,29.2,LOW
110.0,247.2,1.32,3.4,0.5,55.8,0.668,32.2,MEDIUM
122.2,257.3,0.08,31.2,40.6,74.7,0.176,20.5,LOW
228.9,293.6,1.86,5.3,9.1,5.1,0.62,55.2,HIGH
148.5,222.7,0.36,13.2,17.5,16.4,0.541,32.2,MEDIUM
115.3,160.1,0.14,25.2,21.9,88.8,0.137,17.6,LOW
103.6,207.4,0.44,1.8,4.7,46.7,0.81,29.0,LOW
161.1,201.9,0.15,45.7,73.5,22.7,0.167,27.9,LOW
138.2,176.3,0.38,16.6,13.9,105.5,0.143,25.7,LOW
111.4,213.9,1.31,2.7,2.1,19.8,0.987,33.5,MEDIUM
204.4,297.8,3.31,4.9,2.9,1.5,0.877,63.6,HIGH
107.7,160.9,0.13,10.8,12.6,15.2,0.4,19.4,LOW
79.5,122.8,0.11,1.2,3.4,111.7,0.593,15.6,LOW
150.6,417.5,1.44,4.9,8.4,19.3,0.691,43.5,MEDIUM
185.1,212.4,0.45,27.4,18.8,37.7,0.054,32.8,MEDIUM
160.0,231.4,2.23,2.4,1.2,21.3,0.93,50.8,MEDIUM
145.4,232.1,0.71,1.2,9.2,60.4,0.693,33.6,MEDIUM
162.5,287.7,0.08,31.3,39.4,47.7,0.472,31.6,MEDIUM
156.0,299.9,2.57,0.9,2.1,8.9,0.647,58.6,HIGH
141.1,245.8,0.44,17.2,24.5,6.5,0.385,31.7,MEDIUM
115.7,278.7,0.93,5.1,1.5,45.2,0.841,31.6,MEDIUM
195.4,207.1,0.06,58.1,67.2,4.0,0.03,31.8,MEDIUM
89.7,159.3,0.27,4.8,6.6,115.0,0.702,23.6,LOW
108.4,227.1,0.37,2.1,6.3,50.7,0.9,29.3,LOW
51.0,104.7,0.05,19.5,27.5,267.9,0.283,8.2,LOW
87.8,167.1,0.14,36.1,56.7,109.4,0.0,11.9,LOW
69.6,173.7,0.13,63.1,79.9,57.2,0.0,4.4,LOW
120.7,219.8,0.0,22.6,34.7,46.0,0.411,23.2,LOW
98.7,166.6,0.0,27.5,43.4,155.9,0.325,15.0,LOW
154.0,304.1,0.43,33.0,27.6,40.7,0.373,30.9,MEDIUM
154.8,254.3,0.92,1.1,5.0,83.3,0.723,42.9,MEDIUM
153.6,188.0,0.13,42.1,29.3,30.4,0.0,21.9,LOW
102.9,177.3,0.59,1.9,4.4,49.4,0.39,21.5,LOW
129.0,214.3,0.0,20.2,24.9,73.7,0.787,30.1,MEDIUM
151.3,186.7,0.18,14.8,19.4,71.4,0.522,28.3,LOW
119.7,293.0,0.46,1.7,9.1,69.0,0.769,35.1,MEDIUM
159.1,212.3,0.45,12.5,18.0,27.1,0.528,35.4,MEDIUM
129.1,163.1,0.13,21.8,22.8,45.8,0.12,19.7,LOW
72.8,169.4,0.35,4.5,6.0,43.8,0.548,18.2,LOW
124.3,233.0,0.48,11.6,10.7,14.9,0.764,28.7,LOW
65.9,131.3,0.07,10.7,10.8,161.9,0.62,17.1,LOW
184.5,244.9,2.16,1.7,3.0,7.0,0.633,56.2,HIGH
148.3,255.7,1.23,1.7,7.4,40.4,0.564,40.3,MEDIUM
79.8,161.7,0.0,17.5,25.9,87.7,0.32,12.3,LOW
118.8,203.2,0.0,24.8,30.1,3.8,0.249,22.4,LOW
225.0,286.1,1.2,33.1,14.5,9.8,0.521,46.2,MEDIUM
139.7,164.7,0.28,24.6,15.2,88.8,0.271,25.2,LOW
159.4,213.7,0.92,8.4,10.1,35.4,0.393,34.8,MEDIUM
104.9,201.1,0.13,20.6,29.4,43.0,0.343,18.8,LOW
112.4,190.8,0.73,13.5,10.4,58.3,0.506,26.0,LOW
181.4,229.1,0.38,19.0,24.2,5.7,0.182,34.9,MEDIUM
141.1,244.7,0.18,11.9,16.2,83.5,0.558,29.5,LOW
142.9,219.3,0.69,16.0,15.2,13.8,0.604,34.4,MEDIUM
158.5,254.6,0.12,45.6,72.0,62.9,0.15,26.1,LOW
124.9,182.2,0.0,51.8,53.8,71.6,0.0,17.7,LOW
109.0,176.7,0.13,18.4,24.0,121.1,0.304,19.9,LOW
98.0,259.7,0.09,29.4,30.0,8.1,0.0,14.4,LOW
243.0,303.1,3.68,0.7,3.9,9.0,0.759,86.8,CRITICAL
116.4,166.0,0.17,10.0,11.8,78.5,0.584,23.6,LOW
109.4,172.2,0.05,27.5,32.8,42.1,0.132,14.2,LOW
125.5,212.1,0.23,26.3,25.8,7.2,0.57,24.2,LOW
114.1,219.7,0.7,3.8,6.1,21.9,0.807,26.5,LOW
72.6,160.0,0.07,48.9,77.8,146.2,0.0,4.6,LOW
75.6,139.0,0.04,4.3,1.2,38.9,0.408,16.1,LOW
77.0,100.7,0.04,20.8,28.0,118.9,0.201,6.1,LOW
106.9,368.8,0.93,4.1,2.6,67.9,0.915,37.6,MEDIUM
121.0,173.9,0.06,38.6,61.6,86.8,0.305,18.7,LOW
188.0,310.3,2.99,3.6,2.4,16.9,0.936,65.4,HIGH
147.4,205.3,0.04,24.8,39.0,39.6,0.299,26.9,LOW
81.8,157.1,0.22,5.8,4.7,41.3,0.603,16.0,LOW
115.0,168.5,0.0,82.3,113.7,72.5,0.0,14.9,LOW
165.1,240.4,0.42,14.3,14.7,38.9,0.504,34.3,MEDIUM
140.9,255.5,0.2,19.8,29.6,62.6,0.333,29.9,LOW
72.7,212.2,0.0,18.6,24.7,110.4,0.346,15.2,LOW
213.9,330.9,1.07,12.1,16.9,23.6,0.736,48.9,MEDIUM
173.1,248.9,0.19,23.4,36.3,22.8,0.294,33.2,MEDIUM
210.6,368.2,0.51,25.1,18.7,19.5,0.493,45.5,MEDIUM
153.7,231.4,0.1,43.3,68.7,19.0,0.0,24.0,LOW
166.0,284.0,1.98,3.1,1.7,23.8,1.0,51.8,MEDIUM
226.5,350.5,0.09,79.4,134.2,9.4,0.0,34.1,MEDIUM
252.5,304.2,0.55,17.3,20.9,15.9,0.506,51.7,MEDIUM
200.2,351.6,2.25,5.2,7.6,8.6,0.779,51.7,MEDIUM
138.4,195.2,0.22,10.2,14.9,61.1,0.457,25.6,LOW
126.7,209.6,0.0,24.0,31.3,114.8,0.429,22.4,LOW
146.4,313.8,0.08,19.6,25.1,44.4,0.496,30.3,MEDIUM
71.7,175.5,0.0,45.0,52.4,120.6,0.025,11.8,LOW
137.3,210.0,0.0,42.6,57.1,38.7,0.04,21.2,LOW
185.6,222.3,0.23,16.4,23.8,3.7,0.422,37.6,MEDIUM
192.5,216.3,0.05,35.4,39.6,19.6,0.177,36.3,MEDIUM
157.7,236.0,0.39,14.5,17.0,27.6,0.657,40.8,MEDIUM
147.8,237.2,1.62,4.1,3.1,30.3,0.786,35.3,MEDIUM
174.5,281.0,0.68,14.3,13.8,67.3,0.44,36.7,MEDIUM
145.1,247.4,1.17,1.0,7.6,34.1,0.861,41.7,MEDIUM
75.0,171.7,0.0,44.1,49.5,59.2,0.0,7.9,LOW
175.8,274.1,1.69,5.0,5.9,26.9,0.564,37.0,MEDIUM
131.3,172.2,0.06,24.4,32.1,23.1,0.344,25.9,LOW
70.0,161.0,0.12,42.1,57.0,123.4,0.316,10.8,LOW
78.0,176.8,0.33,3.7,3.5,151.4,0.72,19.9,LOW
217.6,280.8,0.37,23.1,23.9,36.0,0.537,42.6,MEDIUM
76.5,157.4,0.0,51.4,65.4,87.7,0.232,12.4,LOW
109.0,189.3,0.21,16.0,13.1,51.4,0.349,19.7,LOW
122.4,197.5,0.3,13.5,12.5,68.7,0.445,28.3,LOW
164.2,217.3,0.65,22.8,16.8,1.7,0.382,31.0,MEDIUM
127.9,190.7,1.04,4.1,5.3,9.0,0.612,28.9,LOW
186.1,264.2,1.87,1.5,4.7,4.9,0.983,55.7,HIGH
221.5,306.4,0.0,62.1,77.9,9.5,0.0,39.8,MEDIUM
218.9,273.2,0.0,51.0,60.2,32.6,0.151,35.0,MEDIUM
90.5,174.5,0.17,14.2,14.9,76.7,0.564,20.9,LOW
185.7,358.3,1.8,2.9,8.3,3.6,0.665,54.9,MEDIUM
221.0,266.2,0.16,34.5,33.8,13.7,0.12,36.6,MEDIUM
124.1,183.4,0.0,69.9,108.9,18.8,0.037,18.3,LOW
143.2,209.4,0.0,37.2,54.4,63.7,0.303,28.0,LOW
149.1,201.1,0.67,11.8,12.4,4.8,0.425,30.7,MEDIUM
96.0,138.7,0.12,16.6,16.8,2.0,0.252,16.2,LOW
97.7,166.7,0.0,21.1,27.6,34.9,0.517,19.8,LOW
84.5,123.9,0.08,14.6,19.0,70.0,0.507,15.6,LOW
194.9,267.7,1.83,5.3,8.3,15.5,0.797,44.7,MEDIUM
125.2,212.9,0.92,1.7,8.2,36.2,0.862,34.4,MEDIUM
178.6,364.2,0.36,19.8,27.3,23.5,0.689,43.2,MEDIUM
148.7,215.7,0.0,58.9,87.5,75.6,0.243,27.6,LOW
122.9,259.3,0.83,0.5,5.0,35.0,0.676,37.1,MEDIUM
126.6,219.0,0.0,27.7,29.9,156.0,0.335,23.7,LOW
143.1,187.9,0.0,41.3,65.8,80.8,0.07,22.4,LOW
74.7,154.5,0.41,1.9,0.5,98.4,0.673,19.2,LOW
193.8,262.6,1.06,13.9,13.9,7.4,0.246,36.7,MEDIUM
204.2,226.8,0.13,21.8,33.9,27.8,0.291,40.3,MEDIUM
120.3,158.4,0.0,40.5,57.0,52.2,0.24,18.3,LOW
48.7,75.0,0.05,45.4,70.6,161.8,0.12,3.2,LOW
123.0,242.7,0.95,3.2,8.6,3.4,0.539,27.6,LOW
218.2,260.0,3.57,5.0,2.0,23.0,0.426,59.9,HIGH
181.6,258.7,1.24,4.0,8.7,33.7,0.997,49.7,MEDIUM
195.5,262.7,0.45,18.2,20.4,14.2,0.435,44.3,MEDIUM
225.4,279.3,2.75,5.6,6.8,15.0,0.517,54.4,MEDIUM
132.5,231.4,0.79,9.5,10.9,17.2,0.616,28.5,LOW
152.4,271.2,0.0,22.2,35.7,103.0,0.657,30.9,MEDIUM
164.7,229.1,2.66,3.0,0.6,11.1,0.802,55.4,HIGH
218.3,225.6,0.0,30.4,44.6,7.1,0.0,41.1,MEDIUM
126.5,228.9,1.92,2.6,0.7,2.1,1.0,43.1,MEDIUM
63.9,156.8,0.13,17.7,24.1,135.2,0.117,7.8,LOW
122.6,246.6,1.35,1.8,1.7,11.9,0.714,38.4,MEDIUM
107.2,165.1,0.4,1.7,8.2,35.7,0.577,28.6,LOW
65.3,157.3,0.17,12.3,14.8,70.0,0.378,12.3,LOW
91.8,168.4,0.0,34.9,54.6,45.3,0.24,14.4,LOW
160.1,276.4,1.32,4.5,5.6,20.0,0.356,34.4,MEDIUM
265.3,277.4,0.0,62.7,97.3,1.9,0.052,40.7,MEDIUM
111.9,142.0,0.0,34.4,54.7,16.9,0.374,20.4,LOW
68.9,165.0,0.0,0.9,2.2,143.3,0.644,16.2,LOW
177.1,221.6,3.34,1.8,0.4,3.4,0.535,66.0,HIGH
107.3,220.8,0.94,5.4,4.4,50.6,0.624,28.3,LOW
146.8,212.2,0.3,17.4,24.6,34.0,0.348,26.8,LOW
275.7,281.2,0.06,96.5,154.4,3.6,0.0,38.7,MEDIUM
120.1,184.8,0.5,3.7,9.1,35.3,0.512,29.9,LOW
159.3,224.5,0.05,22.7,35.1,31.3,0.401,28.8,LOW
240.1,290.7,3.83,0.8,2.3,11.0,0.865,88.8,CRITICAL
160.7,204.4,0.14,28.0,39.2,8.3,0.101,27.6,LOW
163.0,198.7,0.0,29.9,49.9,1.4,0.103,27.9,LOW
121.5,145.8,0.14,36.4,55.6,142.5,0.207,16.4,LOW
132.7,145.0,0.0,41.5,56.5,22.3,0.007,15.7,LOW
88.8,138.1,0.0,30.7,41.3,117.7,0.261,11.4,LOW
91.5,199.2,0.32,4.4,2.3,45.3,0.892,26.2,LOW
142.4,253.9,0.34,25.1,20.8,67.3,0.284,26.7,LOW
125.5,223.5,0.3,21.9,11.1,98.0,0.151,24.0,LOW
146.7,201.4,0.73,50.2,11.9,8.2,0.166,25.7,LOW
136.5,172.2,0.05,40.5,56.0,27.2,0.131,19.2,LOW
163.6,190.6,0.25,36.3,54.1,15.2,0.164,27.8,LOW
68.5,170.3,0.0,27.5,29.4,45.0,0.338,11.5,LOW
226.5,278.2,2.43,3.3,6.5,2.1,0.805,66.7,HIGH
132.1,253.7,0.14,21.7,27.8,34.2,0.342,25.9,LOW
193.5,251.9,1.81,5.2,7.4,21.8,0.641,44.7,MEDIUM
189.8,291.3,0.14,28.2,37.3,14.5,0.569,44.3,MEDIUM
112.2,226.2,0.77,4.3,5.0,33.7,0.855,26.6,LOW
175.7,303.5,0.28,20.5,29.8,34.1,0.478,41.4,MEDIUM
203.1,257.1,1.07,14.4,12.1,25.3,0.47,41.2,MEDIUM
127.0,195.9,0.99,0.5,2.6,38.2,0.633,33.5,MEDIUM
122.7,215.9,0.14,21.5,34.7,7.3,0.507,26.1,LOW
136.0,269.9,0.91,1.6,3.4,73.4,0.771,38.9,MEDIUM
126.6,144.9,0.0,62.2,107.0,78.3,0.0,17.5,LOW
116.2,185.7,0.38,12.9,16.7,111.0,0.441,24.7,LOW
104.0,189.9,0.38,1.9,9.1,46.5,0.596,24.2,LOW
188.7,255.2,1.97,4.4,5.2,16.6,0.831,51.0,MEDIUM
99.2,167.4,0.1,22.1,18.4,144.7,0.432,21.1,LOW
101.4,195.3,0.0,28.9,35.0,36.4,0.279,18.5,LOW
128.4,152.4,0.05,36.6,44.6,29.5,0.179,20.2,LOW
160.5,255.9,0.49,21.0,22.2,12.2,0.243,33.5,MEDIUM
177.8,220.4,0.0,53.5,84.9,42.8,0.0,28.1,LOW
64.7,166.9,0.0,33.7,39.0,144.7,0.0,4.2,LOW
184.2,300.1,1.88,3.3,4.7,35.1,0.59,48.2,MEDIUM
66.8,195.7,0.0,52.2,81.1,123.7,0.0,6.3,LOW
126.4,205.6,0.22,19.6,10.3,90.5,0.409,25.1,LOW
62.3,148.3,0.0,49.0,85.2,168.8,0.234,4.5,LOW
147.7,223.6,0.67,4.6,8.0,85.9,0.646,32.2,MEDIUM
146.7,235.4,0.86,12.3,13.3,21.4,0.699,36.5,MEDIUM
102.9,163.2,0.0,28.6,28.9,92.3,0.137,15.4,LOW
229.6,301.3,3.78,3.3,2.0,12.2,0.68,75.2,HIGH
92.0,138.7,0.0,39.2,66.1,4.4,0.159,11.2,LOW
86.0,161.1,0.06,21.6,11.4,40.3,0.501,16.2,LOW
72.6,170.7,0.0,2.3,6.7,66.0,0.746,20.0,LOW
96.6,170.5,0.4,1.1,1.7,127.5,0.787,21.5,LOW
214.6,272.3,4.32,1.6,0.8,3.7,0.502,80.2,CRITICAL
95.9,242.6,0.12,2.7,0.9,27.8,0.583,25.5,LOW
162.0,244.9,0.78,3.5,9.7,51.5,0.859,40.6,MEDIUM
146.5,198.8,1.25,5.7,9.3,17.1,0.327,25.2,LOW
162.3,242.3,0.38,23.4,25.7,73.8,0.516,33.7,MEDIUM
129.5,195.2,0.12,43.5,57.5,8.8,0.215,20.8,LOW
162.2,202.3,0.03,20.9,29.5,108.7,0.235,27.9,LOW
111.0,177.4,0.13,20.9,27.5,83.0,0.221,16.9,LOW
222.7,295.9,1.15,13.6,14.0,21.9,0.749,51.5,MEDIUM
134.4,199.2,0.19,32.2,24.4,34.7,0.432,25.2,LOW
139.9,173.5,0.34,13.1,20.2,9.0,0.456,28.2,LOW
112.1,177.2,0.59,1.8,1.5,123.6,0.764,31.7,MEDIUM
137.9,242.7,0.91,4.2,6.9,33.3,0.58,33.7,MEDIUM
128.6,282.8,0.73,1.3,6.7,24.0,0.778,35.8,MEDIUM
114.4,165.7,0.5,4.4,2.1,99.1,0.569,27.1,LOW
178.6,245.8,0.98,12.0,11.6,27.3,0.484,37.4,MEDIUM
212.6,306.2,3.64,0.6,1.7,5.3,1.0,86.3,CRITICAL
103.6,264.6,0.06,27.0,37.8,48.5,0.257,18.7,LOW
176.9,248.3,0.05,30.2,38.7,15.1,0.082,32.4,MEDIUM
123.3,311.3,1.4,4.1,2.9,47.6,0.474,31.0,MEDIUM
83.2,141.5,0.39,1.4,2.4,35.3,0.776,22.6,LOW
99.9,121.8,0.0,48.6,78.4,4.9,0.001,12.5,LOW
66.2,211.3,0.04,1.5,8.0,106.1,0.791,19.4,LOW
142.0,176.3,0.36,12.4,17.8,44.6,0.244,23.4,LOW
93.4,166.0,0.31,16.5,15.6,71.3,0.516,19.3,LOW
47.1,90.9,0.1,22.2,32.0,225.1,0.17,6.0,LOW
108.0,145.4,0.18,28.2,26.1,40.2,0.266,19.1,LOW
226.5,254.4,0.28,40.3,57.4,7.4,0.109,43.0,MEDIUM
95.4,319.2,0.37,3.6,4.9,114.5,0.951,33.6,MEDIUM
103.8,203.7,0.0,17.8,26.0,119.6,0.418,22.8,LOW
203.0,257.6,1.53,10.8,10.9,13.9,0.81,49.4,MEDIUM
78.8,138.4,0.12,13.1,18.1,25.7,0.558,19.9,LOW
196.9,275.5,0.14,61.1,103.8,17.8,0.283,35.1,MEDIUM
128.4,271.3,0.47,21.3,13.7,14.1,0.311,25.9,LOW
58.3,224.1,0.03,32.6,29.7,104.2,0.269,12.6,LOW
138.4,232.2,0.56,12.2,16.2,11.4,0.674,29.7,LOW
92.8,149.1,0.16,2.6,5.1,39.5,0.858,26.1,LOW
120.9,232.5,1.35,3.1,0.7,17.9,0.787,35.7,MEDIUM
187.6,210.5,0.15,30.2,39.2,34.3,0.19,35.1,MEDIUM
86.9,177.7,0.07,2.2,2.6,160.0,0.709,20.4,LOW
67.6,199.1,0.21,5.7,5.1,48.6,0.806,20.9,LOW
148.1,209.7,0.25,20.8,23.0,29.9,0.55,32.8,MEDIUM
193.2,328.6,1.42,2.1,9.5,18.2,0.647,52.7,MEDIUM
169.3,242.4,0.71,13.2,15.5,59.3,0.361,34.6,MEDIUM
98.9,159.0,0.1,15.3,15.8,62.2,0.298,17.6,LOW
153.3,218.3,1.33,3.5,0.8,69.6,0.82,43.8,MEDIUM
186.5,258.2,0.0,36.0,55.4,21.5,0.05,30.7,MEDIUM
159.3,246.7,0.02,60.7,101.6,15.3,0.193,23.6,LOW
124.6,161.4,0.36,19.8,17.3,17.8,0.444,21.4,LOW
131.8,265.4,0.53,12.9,10.5,46.2,0.395,33.3,MEDIUM
109.4,164.4,0.0,35.5,57.0,61.2,0.428,20.4,LOW
160.6,224.4,0.5,13.6,13.6,57.7,0.245,29.6,LOW
189.3,244.3,0.32,21.1,24.5,38.4,0.593,44.4,MEDIUM
51.1,134.4,0.1,47.8,51.9,171.4,0.166,1.8,LOW
112.4,209.9,0.51,15.9,11.0,23.5,0.112,18.3,LOW
120.0,199.8,0.0,39.9,48.3,131.3,0.401,19.0,LOW
137.5,217.6,0.3,20.1,28.8,29.4,0.504,28.7,LOW
147.1,208.0,0.28,18.7,25.9,37.0,0.315,28.9,LOW
92.1,152.9,0.0,29.6,44.3,300.0,0.1,12.9,LOW
101.0,178.4,0.82,5.2,0.6,50.9,0.414,23.1,LOW
95.8,211.6,0.26,4.2,9.5,112.9,1.0,28.2,LOW
136.5,223.0,0.78,2.3,5.8,82.3,0.592,31.3,MEDIUM
100.0,188.3,0.56,3.5,8.4,41.1,0.505,22.9,LOW
112.9,195.8,0.59,10.9,10.8,30.8,0.557,28.5,LOW
139.2,228.0,0.93,1.0,6.6,59.5,0.524,36.7,MEDIUM
65.0,133.7,0.03,15.2,15.1,58.2,0.289,9.2,LOW
72.3,160.1,0.02,3.5,9.0,98.9,0.845,22.0,LOW
107.4,194.5,0.28,10.9,14.2,69.1,0.588,23.7,LOW
193.3,245.0,0.82,14.5,16.5,33.5,0.389,39.7,MEDIUM
140.6,230.9,0.62,2.9,7.0,69.2,0.716,34.2,MEDIUM
110.3,211.5,0.15,22.3,24.5,27.5,0.261,17.9,LOW
176.6,301.8,0.23,20.5,29.6,8.8,0.343,35.8,MEDIUM
120.6,201.4,0.0,23.6,39.1,55.0,0.197,24.1,LOW
218.9,242.8,2.04,4.7,5.9,10.4,0.577,49.4,MEDIUM
215.3,266.0,0.63,19.5,25.0,5.9,0.275,42.5,MEDIUM
110.6,166.4,0.01,25.2,34.5,46.8,0.183,17.6,LOW
152.9,237.6,1.77,5.2,1.4,55.2,0.807,37.4,MEDIUM
196.3,239.5,1.31,16.6,14.5,11.4,0.527,41.0,MEDIUM
170.2,242.4,0.26,19.5,24.0,55.1,0.227,31.7,MEDIUM
112.6,213.3,0.63,1.6,7.6,58.7,0.571,27.4,LOW
104.7,140.7,0.09,37.7,46.2,23.9,0.153,12.4,LOW
98.9,172.8,0.16,22.2,32.6,81.5,0.652,22.4,LOW
184.4,253.1,1.72,0.9,4.9,5.0,0.616,53.0,MEDIUM
128.3,318.7,0.48,11.7,15.1,57.1,0.477,29.2,LOW
134.1,199.8,0.0,61.7,84.0,4.7,0.081,19.0,LOW
106.3,172.7,0.26,18.7,20.1,8.3,0.362,18.7,LOW
130.0,168.6,0.21,23.7,35.7,15.9,0.241,24.0,LOW
79.5,169.8,0.02,39.7,62.0,91.9,0.337,12.0,LOW
130.3,199.3,0.44,16.5,15.0,5.5,0.482,25.0,LOW
103.1,211.9,0.61,2.6,2.6,59.6,0.846,24.5,LOW
74.8,140.2,0.16,3.4,6.4,41.9,0.786,17.9,LOW
136.6,199.0,0.29,13.4,16.8,3.3,0.602,31.9,MEDIUM
249.2,295.2,1.4,15.6,14.9,16.1,0.667,53.9,MEDIUM
99.7,184.6,0.02,16.1,20.5,88.4,0.619,20.3,LOW
105.3,269.9,0.1,22.9,33.2,22.8,0.669,25.6,LOW
132.2,256.1,0.08,24.1,38.2,81.6,0.488,28.4,LOW
174.7,239.4,0.32,21.0,26.9,12.1,0.244,36.3,MEDIUM
68.1,114.6,0.12,44.8,71.7,63.4,0.26,7.6,LOW
166.8,198.2,0.0,54.8,90.6,16.7,0.196,25.8,LOW
150.7,252.5,0.03,24.8,32.8,10.5,0.585,33.2,MEDIUM
152.3,196.1,0.04,36.5,48.9,26.2,0.04,25.4,LOW
94.2,168.3,0.32,16.5,13.1,44.8,0.496,20.3,LOW
176.7,242.6,2.04,2.6,3.8,4.8,0.62,50.3,MEDIUM
119.8,198.9,0.09,16.9,21.2,18.5,0.484,28.9,LOW
133.2,193.7,0.0,40.1,65.0,17.7,0.129,18.7,LOW
173.8,246.7,1.79,4.0,4.2,14.2,0.755,43.2,MEDIUM
105.8,151.7,0.41,10.4,11.2,27.5,0.316,18.6,LOW
173.5,251.1,0.16,19.9,25.2,4.0,0.48,33.6,MEDIUM
49.3,147.2,0.04,11.9,14.6,108.6,0.528,8.4,LOW
117.8,223.8,0.81,3.3,1.5,58.7,0.724,29.5,LOW
165.6,237.4,0.1,60.8,104.1,4.1,0.363,27.4,LOW
210.7,247.3,0.97,13.5,19.6,9.4,0.409,41.8,MEDIUM
157.2,216.4,1.31,5.7,7.5,16.5,0.689,32.6,MEDIUM
228.7,282.9,1.34,11.5,12.6,21.9,0.52,47.0,MEDIUM
56.0,163.8,0.06,2.8,0.9,246.6,0.746,15.1,LOW
136.5,226.4,0.15,14.5,20.3,58.3,0.78,32.1,MEDIUM
152.6,398.9,0.0,30.5,41.3,8.0,0.245,34.3,MEDIUM
140.4,218.0,0.11,26.2,20.4,22.6,0.196,24.4,LOW
200.2,254.3,0.1,25.3,37.3,23.7,0.572,40.1,MEDIUM
156.0,219.2,0.6,14.7,17.1,80.0,0.399,32.0,MEDIUM
189.6,226.7,0.2,32.2,36.6,25.3,0.0,32.4,MEDIUM
98.0,185.3,0.19,12.4,17.9,34.8,0.376,17.3,LOW
93.9,125.8,0.0,37.3,25.8,105.6,0.0,14.5,LOW
129.9,164.0,0.0,59.7,48.3,17.8,0.0,12.9,LOW
112.7,220.5,0.0,62.5,110.0,91.6,0.011,16.9,LOW
163.9,238.7,0.56,13.2,13.7,29.2,0.462,36.3,MEDIUM
121.8,186.6,0.05,51.5,86.3,15.6,0.279,21.2,LOW
80.0,193.6,0.29,1.0,3.0,30.7,0.864,24.5,LOW
190.5,259.7,0.38,17.3,22.9,45.7,0.488,37.3,MEDIUM
70.1,173.9,0.15,19.8,17.8,43.9,0.228,15.1,LOW
109.1,276.7,0.03,17.6,21.8,34.3,0.529,23.4,LOW
120.5,207.5,0.07,29.2,46.4,9.5,0.458,21.2,LOW
100.5,146.9,0.04,12.3,12.5,122.2,0.548,19.0,LOW
110.4,159.7,0.08,66.1,105.2,19.7,0.12,11.7,LOW
151.3,262.1,0.37,14.3,20.1,50.2,0.262,28.1,LOW
100.3,265.6,0.06,22.9,36.7,43.1,0.478,21.0,LOW
121.1,183.6,0.21,35.9,22.4,20.2,0.457,18.0,LOW
74.8,137.4,0.12,14.4,18.6,112.0,0.498,14.4,LOW
122.5,222.9,0.32,13.5,14.6,6.4,0.376,24.2,LOW
145.3,209.1,2.16,2.2,0.8,28.6,0.709,46.3,MEDIUM
78.1,146.9,0.0,62.6,98.4,109.1,0.002,8.0,LOW
174.9,253.5,0.41,34.4,26.2,3.3,0.148,31.0,MEDIUM
97.9,145.5,0.07,46.7,69.2,104.5,0.221,12.1,LOW
126.8,145.5,0.0,58.5,101.3,26.2,0.119,18.2,LOW
105.2,171.9,0.09,24.4,38.9,32.7,0.452,19.1,LOW
120.5,246.5,0.48,11.5,12.2,38.2,0.562,26.6,LOW
127.9,219.1,0.22,13.9,16.1,3.7,0.328,25.0,LOW
146.7,232.8,1.69,3.8,2.7,22.2,0.611,38.0,MEDIUM
185.5,293.2,0.24,42.8,59.5,11.7,0.06,31.7,MEDIUM
47.0,135.6,0.0,19.7,29.6,113.6,0.337,8.5,LOW
114.6,178.5,0.05,54.2,68.9,55.2,0.361,15.9,LOW
157.6,197.8,0.09,54.2,60.8,20.4,0.385,26.6,LOW
123.6,231.5,1.28,1.9,1.2,21.2,0.867,38.9,MEDIUM
160.9,258.8,0.01,32.2,44.3,6.0,0.238,28.3,LOW
162.1,323.8,2.27,2.0,3.8,8.6,0.535,51.9,MEDIUM
103.4,182.8,0.73,2.4,2.1,89.8,0.761,24.2,LOW
180.5,233.5,0.3,20.2,28.6,2.4,0.237,32.2,MEDIUM
89.0,233.3,0.0,11.9,15.4,20.5,0.742,24.0,LOW
87.4,173.8,0.0,26.8,39.6,108.0,0.033,15.0,LOW
128.8,209.2,0.05,49.7,82.0,87.9,0.167,21.1,LOW
137.4,191.9,0.2,12.6,14.0,33.3,0.352,26.4,LOW
87.0,152.0,0.13,23.9,23.3,135.7,0.306,16.8,LOW
84.2,206.2,0.5,4.6,0.3,124.5,0.765,20.7,LOW
110.0,174.1,0.56,5.7,6.0,103.2,0.791,29.5,LOW
79.2,160.7,0.14,18.6,28.2,32.4,0.371,13.3,LOW
183.2,262.3,3.09,2.4,0.5,2.4,0.84,66.7,HIGH
121.6,192.4,0.15,18.0,26.4,93.0,0.29,23.6,LOW
98.6,181.5,0.05,19.7,25.0,10.3,0.4,19.7,LOW
116.4,192.3,0.95,1.6,2.6,12.8,0.901,33.0,MEDIUM
94.5,136.0,0.05,40.8,65.2,50.5,0.206,14.4,LOW
113.9,264.5,0.0,30.1,36.5,44.9,0.161,20.2,LOW
64.1,146.5,0.0,49.4,60.1,116.2,0.069,5.0,LOW
167.4,275.8,2.42,2.8,4.4,21.0,0.867,53.8,MEDIUM
116.8,201.8,0.0,24.1,35.3,160.3,0.141,20.6,LOW
262.4,290.1,1.89,12.6,10.7,10.4,0.342,47.3,MEDIUM
108.3,203.6,0.0,45.9,76.3,25.1,0.218,15.3,LOW
178.3,220.7,0.57,12.8,16.8,11.7,0.414,32.4,MEDIUM
108.0,269.1,0.01,16.7,24.3,107.0,0.193,21.3,LOW
135.8,236.8,0.99,2.4,8.3,35.0,0.928,39.0,MEDIUM
107.5,188.4,0.2,15.9,16.3,25.3,0.258,25.8,LOW
125.2,222.4,0.0,21.7,35.0,119.9,0.305,24.4,LOW
159.8,231.5,0.21,20.5,26.8,10.8,0.259,33.6,MEDIUM
189.7,284.7,3.52,5.9,0.6,11.8,0.586,55.0,HIGH
211.7,301.6,3.51,3.1,1.1,23.3,0.575,70.9,HIGH
182.6,274.3,0.47,12.8,15.5,54.6,0.586,40.7,MEDIUM
179.0,219.4,0.22,23.8,37.9,1.9,0.325,33.7,MEDIUM
142.7,224.7,0.2,20.9,23.5,10.2,0.494,29.4,LOW
114.0,180.2,0.52,4.2,5.2,84.3,0.584,24.7,LOW
144.0,200.1,0.1,34.8,40.8,43.6,0.519,30.9,MEDIUM
189.4,209.4,0.01,51.8,84.5,11.5,0.0,31.1,MEDIUM
111.3,149.8,0.35,26.6,10.5,63.7,0.038,14.0,LOW
173.7,251.8,0.56,11.7,16.5,7.1,0.764,42.0,MEDIUM
115.0,176.0,0.31,19.1,14.9,59.0,0.444,24.1,LOW
228.6,265.4,1.78,5.5,8.9,23.3,0.693,49.1,MEDIUM
112.6,220.6,0.37,10.9,10.8,124.1,0.582,28.1,LOW
106.7,211.6,0.78,4.0,9.1,15.4,0.768,29.7,LOW
152.2,252.0,1.26,1.9,5.3,24.4,0.787,43.4,MEDIUM
133.2,250.8,1.82,3.8,1.7,25.5,0.541,37.4,MEDIUM
172.2,315.7,1.43,2.7,8.6,6.5,0.841,50.1,MEDIUM
118.2,156.5,0.0,41.5,54.5,11.9,0.251,17.3,LOW
177.2,279.7,1.13,2.8,9.9,26.7,0.929,46.6,MEDIUM
216.7,310.2,2.34,5.9,6.9,12.6,0.897,56.8,HIGH
155.3,194.3,0.04,24.5,39.1,21.0,0.35,27.7,LOW
125.8,177.6,0.27,23.3,13.1,128.2,0.131,19.5,LOW
219.2,281.8,0.19,23.7,36.0,34.7,0.576,46.8,MEDIUM
180.0,223.8,0.04,32.2,29.3,24.6,0.068,30.3,MEDIUM
233.8,264.7,0.22,24.4,29.3,27.9,0.352,50.8,MEDIUM
183.8,241.8,1.33,2.0,9.3,2.7,0.699,48.9,MEDIUM
182.3,399.9,0.51,16.9,21.6,54.3,0.343,47.0,MEDIUM
249.7,292.6,0.03,49.1,72.8,11.6,0.227,46.1,MEDIUM
80.0,119.9,0.07,24.7,34.2,201.5,0.334,12.3,LOW
124.8,205.6,0.06,21.7,30.7,2.4,0.412,20.5,LOW
91.4,135.8,0.15,17.8,15.3,77.6,0.271,15.0,LOW
92.9,160.3,0.0,21.6,29.4,129.6,0.31,13.5,LOW
227.7,283.8,0.97,14.1,18.5,3.9,0.34,43.5,MEDIUM
94.0,226.1,0.2,3.1,4.7,140.7,0.677,27.6,LOW
217.2,256.8,1.98,1.4,9.1,12.1,0.739,57.3,HIGH
203.4,325.5,2.27,1.5,4.5,18.6,1.0,66.5,HIGH
79.3,150.1,0.0,19.8,27.6,103.0,0.324,12.1,LOW
80.7,192.6,0.18,3.8,2.7,15.1,0.368,17.3,LOW
126.1,254.4,0.55,4.6,2.5,103.9,0.874,34.6,MEDIUM
123.4,269.2,0.99,4.0,5.6,9.6,0.749,34.8,MEDIUM
175.0,226.0,0.75,17.2,12.1,56.1,0.382,35.8,MEDIUM
174.7,274.2,1.73,2.3,4.6,38.1,0.664,45.5,MEDIUM
96.5,136.7,0.0,23.2,33.0,117.7,0.175,16.9,LOW
110.9,200.2,0.48,25.8,19.5,40.4,0.576,20.7,LOW
135.6,196.4,0.0,75.3,128.1,91.9,0.047,16.6,LOW
198.2,264.6,0.0,51.3,85.5,11.1,0.0,36.7,MEDIUM
145.6,252.6,0.65,31.5,18.1,12.1,0.276,27.3,LOW
188.1,265.9,1.03,14.7,16.1,41.0,0.626,44.1,MEDIUM
66.1,158.3,0.02,0.8,3.2,300.0,0.797,20.2,LOW
92.6,164.7,0.0,25.7,41.4,20.9,0.15,14.6,LOW
133.2,174.0,0.0,56.9,88.4,56.7,0.0,17.0,LOW
198.1,302.5,1.09,34.2,16.7,4.3,0.066,36.1,MEDIUM
254.6,288.1,0.38,27.9,39.7,1.2,0.49,52.1,MEDIUM
61.9,116.1,0.19,3.1,0.7,143.4,0.696,13.0,LOW
187.2,260.4,0.02,104.9,184.9,8.4,0.0,26.7,LOW
90.1,197.6,0.3,3.3,2.9,119.5,0.759,25.2,LOW
132.9,313.3,0.11,24.8,38.0,74.4,0.318,27.7,LOW
188.6,284.0,2.63,4.7,1.6,26.5,0.595,49.3,MEDIUM
72.0,134.6,0.3,4.0,8.8,129.9,0.528,14.4,LOW
120.5,224.5,0.44,22.7,10.2,93.8,0.163,21.1,LOW
155.0,292.3,0.44,27.5,26.7,3.1,0.43,29.6,LOW
174.3,279.5,2.52,5.3,1.9,24.5,0.685,46.3,MEDIUM
203.4,247.5,1.14,9.6,11.4,20.4,0.617,47.1,MEDIUM
101.0,195.5,0.49,4.8,6.3,11.0,0.697,18.3,LOW
262.1,321.8,3.8,2.5,3.2,3.6,0.773,81.9,CRITICAL
107.5,165.9,0.03,26.6,42.3,71.8,0.206,11.0,LOW
140.2,231.5,0.43,9.3,12.2,96.3,0.52,33.9,MEDIUM
129.0,194.4,1.12,4.0,2.7,11.3,0.857,31.1,MEDIUM
169.8,266.0,0.95,10.9,14.5,26.9,0.73,40.3,MEDIUM
73.7,130.9,0.22,4.6,5.1,135.5,0.482,12.3,LOW
77.9,140.7,0.41,5.8,0.2,45.6,0.604,20.9,LOW
233.6,319.2,3.91,2.8,3.0,9.1,0.84,85.4,CRITICAL
94.2,172.7,0.02,24.0,30.1,55.3,0.589,16.9,LOW
87.6,237.6,0.84,4.1,0.2,6.5,0.947,25.4,LOW
160.3,226.9,0.89,12.9,12.1,51.1,0.358,33.7,MEDIUM
152.6,247.9,0.47,32.1,17.7,14.3,0.413,31.5,MEDIUM
178.6,309.2,1.51,2.7,7.7,6.3,0.728,47.5,MEDIUM
206.8,265.5,0.7,18.8,20.3,34.3,0.534,41.4,MEDIUM
136.0,207.1,0.0,28.0,45.9,45.3,0.379,28.5,LOW
101.2,177.5,0.31,25.3,15.8,6.0,0.101,14.7,LOW
137.2,228.2,0.46,12.7,14.9,34.5,0.563,29.7,LOW
175.9,268.6,2.0,4.6,4.0,27.8,0.818,45.4,MEDIUM
116.5,191.9,0.39,14.4,16.0,21.8,0.447,20.5,LOW
115.2,180.5,0.0,40.8,58.2,83.5,0.119,15.9,LOW
102.5,156.8,0.36,17.3,14.8,33.9,0.165,13.9,LOW
73.9,152.0,0.23,14.8,18.4,22.7,0.546,11.1,LOW
135.3,256.7,0.0,51.9,72.1,5.9,0.132,20.5,LOW
250.8,281.2,2.65,9.5,10.2,2.9,0.408,50.0,MEDIUM
86.6,160.6,0.58,5.5,1.3,66.4,0.593,17.7,LOW
108.5,210.0,0.01,33.8,52.7,21.1,0.23,18.1,LOW
150.0,261.4,0.42,17.0,17.5,84.0,0.321,28.5,LOW
157.2,197.2,1.36,5.6,3.8,1.7,0.641,35.8,MEDIUM
128.6,242.3,0.15,1.4,2.4,139.7,0.495,32.0,MEDIUM
190.4,426.6,0.42,12.7,16.9,30.0,0.684,50.2,MEDIUM
149.8,271.3,0.0,28.7,39.4,24.7,0.257,29.3,LOW
109.2,182.8,0.81,1.6,1.0,52.7,0.585,28.1,LOW
84.9,152.4,0.31,4.7,2.0,30.9,0.295,13.6,LOW
56.7,146.4,0.0,4.0,3.0,300.0,0.837,14.9,LOW
111.2,181.8,0.92,5.5,4.4,35.3,0.726,26.4,LOW
125.8,181.5,0.18,18.1,25.1,69.1,0.42,22.9,LOW
139.3,215.2,1.33,2.2,1.6,22.0,0.861,42.3,MEDIUM
138.9,243.6,0.08,29.9,47.9,65.6,0.372,31.0,MEDIUM
87.5,178.4,0.0,65.5,63.2,62.6,0.087,15.4,LOW
115.7,147.1,0.11,80.8,125.1,72.3,0.0,15.4,LOW
69.6,161.0,0.35,5.2,0.4,36.8,0.588,16.9,LOW
121.9,189.2,1.21,4.3,5.6,18.8,0.738,25.3,LOW
205.8,335.5,0.84,12.6,18.6,6.3,0.692,48.3,MEDIUM
107.7,191.1,0.43,1.6,1.9,130.5,0.736,25.5,LOW
148.6,231.2,0.1,61.4,103.1,21.9,0.29,22.9,LOW
175.5,224.2,0.17,49.2,84.1,11.8,0.168,32.0,MEDIUM
177.0,267.2,0.65,14.7,17.3,7.9,0.501,41.2,MEDIUM
185.3,242.2,0.19,34.4,50.1,22.4,0.563,36.0,MEDIUM
140.8,177.8,0.0,39.5,52.0,6.8,0.413,23.3,LOW
219.8,259.3,0.65,13.8,19.1,9.2,0.713,48.1,MEDIUM
88.4,150.5,0.27,14.5,12.4,51.2,0.328,11.5,LOW
139.4,214.8,0.0,33.7,50.4,14.8,0.536,29.8,LOW
71.8,125.5,0.0,15.8,15.2,207.8,0.414,13.6,LOW
94.3,123.6,0.0,38.7,62.3,50.3,0.136,9.3,LOW
130.2,147.4,0.41,29.1,25.5,55.7,0.0,15.8,LOW
154.0,233.6,0.34,15.1,17.3,18.7,0.485,35.8,MEDIUM
133.1,201.0,0.7,27.0,12.7,12.6,0.109,23.7,LOW
206.2,256.0,1.29,1.2,8.8,48.1,0.824,58.3,HIGH
72.5,140.4,0.0,4.4,5.7,99.4,0.498,13.2,LOW
136.3,223.9,1.18,1.4,0.5,70.8,1.0,47.2,MEDIUM
151.1,279.6,1.12,4.9,8.0,26.8,0.741,36.8,MEDIUM
118.1,230.6,1.28,3.6,0.7,30.0,1.0,34.3,MEDIUM
86.4,231.5,0.39,3.1,6.5,5.8,0.553,18.9,LOW
136.7,253.0,0.22,47.6,82.9,68.2,0.352,23.7,LOW
185.1,187.7,0.04,36.0,62.0,36.6,0.0,29.9,LOW
84.7,163.5,0.0,47.1,60.3,97.3,0.153,10.2,LOW
169.0,272.2,1.04,19.1,10.2,14.6,0.278,35.3,MEDIUM
110.3,188.1,0.0,62.9,74.8,53.5,0.0,12.7,LOW
99.6,148.4,0.0,21.8,28.9,150.4,0.257,15.9,LOW
233.2,277.7,3.92,2.0,1.3,2.5,0.601,80.8,CRITICAL
108.7,187.8,0.69,5.9,6.8,33.4,0.443,22.1,LOW
195.0,318.4,0.51,21.0,27.2,8.5,0.279,42.0,MEDIUM
94.4,232.7,0.51,4.5,4.6,78.9,0.686,24.1,LOW
156.4,316.9,1.98,4.8,3.2,11.5,0.835,42.8,MEDIUM
135.9,224.8,0.0,48.2,36.0,62.5,0.161,21.2,LOW
49.2,167.2,0.3,4.7,0.3,62.3,0.837,19.5,LOW
54.8,232.6,0.2,3.7,1.1,80.7,0.468,15.4,LOW
183.0,202.9,0.0,30.0,49.0,38.1,0.176,31.7,MEDIUM
254.5,326.7,2.83,5.7,8.9,2.4,0.744,60.1,HIGH
180.7,232.0,0.08,43.4,67.4,2.0,0.193,32.1,MEDIUM
56.2,157.0,0.08,26.3,38.6,108.1,0.15,5.9,LOW
54.8,119.1,0.08,24.0,28.9,115.8,0.446,7.4,LOW
94.4,253.5,0.33,10.3,10.9,98.1,0.45,21.6,LOW
146.2,235.1,0.93,3.7,4.5,45.3,0.573,33.8,MEDIUM
74.3,169.6,0.5,3.4,2.1,86.1,0.772,22.3,LOW
101.4,139.3,0.0,32.0,36.1,10.9,0.223,14.1,LOW
184.0,242.6,2.56,2.0,2.8,14.2,0.66,55.0,HIGH
98.5,142.0,0.43,2.0,5.3,21.8,0.654,18.9,LOW
117.0,181.2,0.15,16.0,19.4,67.5,0.262,26.6,LOW
178.2,371.6,2.27,4.6,1.2,36.9,0.607,48.7,MEDIUM
58.8,165.4,0.0,18.2,27.2,76.4,0.552,16.4,LOW
149.2,270.3,1.93,2.3,1.9,24.7,0.765,47.2,MEDIUM
63.3,142.9,0.17,4.5,5.3,75.3,0.812,15.3,LOW
91.5,169.3,0.58,5.7,2.3,61.4,0.713,22.0,LOW
149.3,159.9,0.05,38.2,58.6,112.5,0.082,23.8,LOW
150.8,246.3,0.03,55.9,89.9,24.5,0.0,23.1,LOW
67.8,101.2,0.16,20.8,33.1,57.4,0.209,6.4,LOW
66.9,125.0,0.13,21.5,29.6,116.4,0.238,5.5,LOW
76.0,164.7,0.28,2.9,7.5,93.6,0.6,16.7,LOW
199.3,281.9,0.36,20.5,28.4,5.3,0.5,43.0,MEDIUM
119.2,258.6,0.22,21.6,29.8,89.4,0.482,23.1,LOW
87.4,183.0,0.19,26.4,35.9,112.0,0.61,17.3,LOW
123.6,164.3,0.0,27.7,40.3,21.4,0.149,19.8,LOW
191.6,307.6,0.09,26.4,41.7,38.9,0.518,43.4,MEDIUM
194.3,325.0,2.7,1.0,0.7,24.1,1.0,72.7,HIGH
99.8,142.2,0.0,27.7,29.6,66.9,0.229,19.0,LOW
89.7,144.2,0.0,17.0,24.6,133.1,0.477,17.6,LOW
156.3,209.7,0.0,33.3,51.7,27.8,0.397,26.6,LOW
145.4,211.2,1.39,4.2,3.4,39.6,0.668,33.9,MEDIUM
111.5,217.0,0.0,26.6,28.3,8.6,0.256,18.7,LOW
100.9,175.9,0.36,14.6,16.2,32.8,0.352,15.6,LOW
169.1,221.2,0.52,12.9,16.6,19.1,0.124,30.3,MEDIUM
153.3,353.6,1.51,0.6,4.3,31.1,0.793,54.1,MEDIUM
116.0,179.1,0.06,23.2,36.3,66.9,0.21,19.9,LOW
117.9,167.2,0.29,13.3,17.9,80.9,0.308,19.2,LOW
93.5,246.0,0.68,4.8,2.9,6.5,0.723,24.5,LOW
116.5,277.1,0.0,106.2,187.0,100.8,0.0,15.4,LOW
228.4,335.2,0.55,27.7,23.6,6.8,0.385,48.7,MEDIUM
126.3,211.4,0.6,11.1,13.0,49.6,0.585,25.6,LOW
159.6,241.5,0.06,53.0,81.7,84.4,0.036,22.2,LOW
173.8,298.2,0.25,29.6,46.9,43.3,0.236,31.8,MEDIUM
124.5,167.7,0.19,31.1,38.8,95.7,0.052,20.6,LOW
179.6,257.8,1.72,3.4,2.0,18.0,0.811,41.5,MEDIUM
75.8,138.4,0.0,21.7,28.3,94.0,0.364,11.0,LOW
196.5,243.2,0.15,36.3,54.8,31.5,0.226,37.3,MEDIUM
116.1,221.4,0.43,39.9,17.4,48.0,0.237,20.1,LOW
158.0,204.0,0.06,29.1,36.7,93.4,0.153,26.6,LOW
159.1,210.9,1.1,3.2,8.3,19.3,0.476,35.6,MEDIUM
126.1,193.4,0.67,3.6,3.9,65.9,0.835,31.1,MEDIUM
101.4,196.0,0.02,56.2,54.3,15.8,0.188,13.4,LOW
96.4,208.2,0.4,10.3,13.8,42.9,0.449,22.4,LOW
141.6,256.4,0.39,13.7,18.1,25.5,0.523,35.6,MEDIUM
240.6,302.4,1.92,3.3,9.2,19.5,0.889,57.3,HIGH
113.0,244.8,0.2,14.3,17.5,131.8,0.622,25.5,LOW
138.0,277.8,0.95,2.3,8.9,26.5,0.646,34.9,MEDIUM
163.6,292.6,2.33,2.0,1.6,18.3,0.514,51.8,MEDIUM
91.1,128.7,0.0,42.8,50.1,6.6,0.0,10.1,LOW
85.2,180.8,0.27,2.8,4.9,106.3,0.669,21.3,LOW
181.0,291.7,1.02,5.4,9.8,54.8,0.863,43.7,MEDIUM
137.8,194.0,0.09,38.7,48.8,54.4,0.061,22.5,LOW
163.0,235.5,0.12,21.1,27.6,3.2,0.255,30.6,MEDIUM
211.8,282.1,0.43,15.6,22.0,6.9,0.335,45.8,MEDIUM
67.4,174.9,0.06,33.0,54.5,96.9,0.134,10.9,LOW
238.3,319.8,3.13,1.2,4.7,15.9,0.759,77.8,HIGH
160.6,253.9,0.43,13.2,16.9,8.8,0.279,33.3,MEDIUM
103.8,153.8,0.11,15.5,15.9,6.7,0.592,16.5,LOW
162.4,219.3,0.0,51.1,87.5,35.0,0.082,21.7,LOW
111.1,171.1,0.12,33.9,43.4,15.4,0.578,23.1,LOW
124.8,257.6,0.83,2.3,5.7,51.1,0.554,30.4,MEDIUM
86.1,162.6,0.26,1.6,4.4,81.6,0.99,27.6,LOW
83.3,201.0,0.08,22.2,11.8,122.1,0.538,20.0,LOW
130.3,205.8,1.25,2.8,5.7,31.0,0.652,28.3,LOW
169.8,219.6,1.02,10.5,11.9,16.7,0.465,36.4,MEDIUM
74.3,180.0,0.43,1.2,3.0,40.5,0.623,17.3,LOW
166.9,231.6,0.54,17.8,22.7,37.1,0.256,31.2,MEDIUM
66.0,147.5,0.12,4.7,5.8,135.1,0.663,13.4,LOW
105.1,192.8,0.5,1.1,6.3,80.7,0.77,29.7,LOW
170.9,226.5,0.0,57.6,100.5,12.0,0.0,27.6,LOW
60.2,155.7,0.02,27.7,42.5,93.7,0.608,10.8,LOW
232.4,271.6,0.0,37.0,53.7,14.9,0.143,40.6,MEDIUM
113.7,199.4,1.0,4.2,1.8,63.4,0.687,29.0,LOW
97.7,188.4,0.48,2.0,7.8,48.7,0.645,22.2,LOW
121.2,197.4,0.53,29.5,11.9,51.1,0.206,19.2,LOW
163.3,188.3,0.01,33.9,43.9,9.7,0.153,25.6,LOW
82.7,137.1,0.04,28.2,23.9,28.3,0.259,10.4,LOW
112.8,185.0,1.22,3.1,0.4,39.1,0.705,28.4,LOW
116.1,212.9,0.53,1.6,8.6,67.2,0.871,31.8,MEDIUM
109.0,171.2,0.01,44.5,42.4,104.9,0.169,14.8,LOW
138.4,180.8,0.0,89.2,142.1,3.4,0.128,16.2,LOW
160.4,233.9,1.02,15.3,10.8,10.5,0.432,33.0,MEDIUM
111.5,163.4,0.43,14.0,15.9,26.3,0.491,21.4,LOW
133.4,259.5,0.23,18.8,23.5,9.8,0.342,29.1,LOW
115.5,168.5,0.44,13.7,15.9,80.4,0.614,22.9,LOW
60.5,228.7,0.05,31.8,41.8,110.0,0.272,11.7,LOW
78.4,154.0,0.08,34.6,55.5,90.5,0.177,9.9,LOW
117.7,248.2,0.97,4.5,5.5,10.7,0.64,30.3,MEDIUM
131.8,211.2,0.39,13.2,20.0,43.0,0.456,30.6,MEDIUM
128.9,227.6,1.08,5.7,3.0,49.5,0.641,30.2,MEDIUM
137.8,247.5,1.48,1.7,4.6,29.6,0.738,45.8,MEDIUM
168.2,264.6,0.6,16.8,16.0,16.3,0.325,33.8,MEDIUM
134.7,237.4,0.7,5.7,9.4,49.7,0.751,31.6,MEDIUM
76.1,160.9,0.46,2.3,2.5,18.8,0.854,24.4,LOW
136.3,184.2,0.13,26.1,18.9,5.6,0.549,30.3,MEDIUM
105.3,155.8,0.02,21.7,33.7,36.0,0.245,15.1,LOW
115.9,190.0,0.06,50.1,32.9,93.5,0.208,16.0,LOW
153.6,249.9,0.86,3.6,9.7,2.7,0.407,35.2,MEDIUM
82.3,151.2,0.08,17.5,19.5,82.3,0.521,17.2,LOW
133.1,188.7,0.94,4.4,5.8,36.2,0.454,25.9,LOW
137.6,200.2,1.02,1.6,6.8,37.5,0.603,32.1,MEDIUM
121.3,309.1,0.4,2.9,9.9,91.2,0.761,35.6,MEDIUM
132.3,226.2,0.03,55.0,71.4,1.7,0.0,19.4,LOW
130.8,187.0,0.59,10.0,13.6,4.2,0.423,27.2,LOW
155.9,218.0,0.33,20.8,22.3,15.3,0.276,30.3,MEDIUM
129.2,224.1,0.21,19.0,19.4,67.5,0.483,28.8,LOW
225.3,276.5,0.36,42.2,34.6,28.3,0.008,35.2,MEDIUM
90.2,311.5,0.0,43.0,73.2,96.1,0.135,20.2,LOW
129.6,197.5,0.48,23.7,10.8,48.7,0.253,24.0,LOW
59.3,126.3,0.0,22.6,33.1,69.0,0.448,8.7,LOW
101.0,234.8,0.09,10.3,10.3,250.5,0.657,25.2,LOW
151.7,302.4,0.12,31.7,51.9,26.6,0.0,28.8,LOW
109.3,192.5,0.36,0.9,3.9,63.7,0.929,30.6,MEDIUM
122.2,225.9,0.73,4.3,3.8,57.2,0.581,29.3,LOW
105.0,188.7,0.09,13.8,18.9,80.8,0.497,21.7,LOW
79.1,170.3,0.16,2.8,2.3,133.0,0.575,21.8,LOW
174.1,289.3,1.34,5.4,8.3,34.5,0.7,43.3,MEDIUM
115.3,235.0,0.26,14.0,19.7,51.9,0.839,32.0,MEDIUM
69.6,210.2,0.11,2.0,7.8,142.8,0.757,25.5,LOW
194.8,244.5,0.0,43.8,66.3,56.2,0.07,35.0,MEDIUM
221.6,278.0,0.88,16.0,19.8,14.2,0.388,46.1,MEDIUM
77.1,203.4,0.22,15.1,16.4,72.8,0.217,10.2,LOW
144.4,288.6,0.45,19.7,18.8,20.6,0.582,32.5,MEDIUM
175.2,200.1,0.0,29.7,31.9,37.4,0.291,35.6,MEDIUM
175.9,340.2,1.2,5.6,9.2,20.8,0.483,43.1,MEDIUM
123.6,150.6,0.15,23.0,35.5,168.2,0.167,16.6,LOW
73.2,129.6,0.06,41.4,63.9,124.0,0.155,7.7,LOW
221.8,262.9,0.15,36.2,51.2,6.1,0.328,39.4,MEDIUM
93.3,157.4,0.2,12.9,18.3,90.6,0.304,15.2,LOW
85.7,207.3,0.44,1.3,6.3,68.1,0.927,25.5,LOW
205.8,259.7,2.0,3.8,8.4,8.7,0.672,48.9,MEDIUM
98.1,162.4,0.09,27.5,40.4,11.1,0.127,14.4,LOW
122.1,223.7,0.0,16.8,23.3,24.4,0.339,20.2,LOW
105.7,186.4,0.33,14.9,10.1,62.8,0.703,25.5,LOW
79.1,212.8,0.17,2.2,1.0,61.4,0.525,22.7,LOW
82.0,134.7,0.16,30.0,49.4,5.1,0.132,6.6,LOW
127.2,201.5,0.91,1.5,4.3,35.5,0.896,37.8,MEDIUM
120.3,180.6,0.5,13.7,15.1,22.4,0.495,25.6,LOW
112.1,216.6,0.31,1.0,8.1,4.1,0.649,28.7,LOW
80.6,180.6,0.26,10.1,10.7,76.0,0.678,19.7,LOW
214.9,291.5,3.71,4.1,2.2,4.1,0.831,71.2,HIGH
67.7,189.4,0.0,1.8,8.5,91.1,0.795,22.0,LOW
143.8,276.3,0.09,41.1,62.8,68.0,0.063,25.3,LOW
62.8,167.2,0.11,12.6,15.3,54.7,0.415,17.7,LOW
90.0,198.6,0.06,24.3,14.8,32.8,0.346,15.4,LOW
85.7,109.9,0.14,20.4,22.4,138.4,0.157,14.0,LOW
122.8,228.4,0.52,10.0,11.1,26.5,0.736,30.0,MEDIUM
175.8,384.5,1.25,11.9,10.1,11.0,0.752,45.7,MEDIUM
218.3,296.0,3.04,3.7,0.7,15.6,0.656,68.1,HIGH
165.1,224.7,0.11,35.0,39.4,1.7,0.251,28.8,LOW
84.7,170.5,0.0,21.0,30.5,106.8,0.523,20.4,LOW
161.4,253.3,0.81,16.9,12.9,38.6,0.701,35.4,MEDIUM
62.3,132.8,0.08,19.8,24.8,188.2,0.597,14.8,LOW
166.8,211.1,0.47,23.4,12.9,52.7,0.054,29.4,LOW
107.6,211.9,0.59,5.9,3.3,78.5,0.585,25.0,LOW
113.6,175.7,0.76,2.2,4.1,50.3,0.807,26.3,LOW
72.5,134.7,0.0,51.2,83.7,100.7,0.029,4.7,LOW
123.6,249.2,0.23,25.8,31.9,15.5,0.553,25.1,LOW
176.6,256.2,0.95,11.6,11.4,9.1,0.747,43.4,MEDIUM
230.2,285.2,0.37,38.3,35.6,5.3,0.051,41.3,MEDIUM
102.4,182.0,0.03,16.4,18.3,71.4,0.392,21.2,LOW
259.6,269.8,0.3,26.1,38.8,4.2,0.17,45.2,MEDIUM
93.1,164.6,0.1,19.8,27.6,62.1,0.333,14.0,LOW
52.8,94.9,0.03,22.7,35.5,136.0,0.289,6.1,LOW
62.4,163.8,0.0,0.7,0.3,300.0,0.921,21.2,LOW
185.6,212.9,0.0,63.1,107.8,64.0,0.0,25.1,LOW
187.6,261.6,2.62,1.3,1.4,2.3,0.367,58.6,HIGH
221.7,271.9,1.27,10.1,12.7,3.0,0.294,43.2,MEDIUM
105.5,216.3,0.7,1.2,3.5,83.9,0.61,25.6,LOW
82.0,160.7,0.32,3.0,5.6,271.2,0.61,19.3,LOW
175.1,231.8,0.75,9.6,13.3,31.7,0.572,38.6,MEDIUM
112.1,163.3,0.59,30.2,11.2,52.7,0.077,18.8,LOW
169.2,181.8,0.1,44.5,72.4,18.8,0.0,27.5,LOW
133.9,208.3,0.4,13.3,12.4,56.2,0.33,25.4,LOW
261.4,284.5,0.0,50.1,75.4,3.4,0.0,40.8,MEDIUM
139.7,199.2,0.29,21.6,22.0,36.8,0.254,28.6,LOW
64.9,171.5,0.05,14.0,12.7,149.6,0.367,13.2,LOW
175.2,296.9,0.21,24.1,23.1,26.0,0.408,39.1,MEDIUM
156.0,229.8,0.45,20.3,21.8,13.9,0.207,26.1,LOW
105.8,154.6,0.34,4.6,7.7,115.0,0.612,19.8,LOW
126.9,235.0,1.09,2.1,7.5,34.3,0.653,32.2,MEDIUM
80.6,193.8,0.0,54.7,57.5,101.9,0.211,12.8,LOW
124.9,199.8,0.81,1.3,2.2,55.9,0.736,36.4,MEDIUM
133.7,245.9,0.31,12.6,18.3,18.3,0.641,29.9,LOW
92.4,178.7,0.0,79.8,76.5,219.8,0.0,10.9,LOW
154.7,304.5,1.03,4.0,9.7,10.9,0.674,40.5,MEDIUM
152.2,201.5,0.04,39.6,42.2,79.5,0.078,22.0,LOW
95.5,190.1,0.32,2.2,9.5,72.8,0.55,20.5,LOW
138.5,180.4,0.11,55.1,78.3,108.7,0.078,20.0,LOW
125.0,213.5,1.13,3.7,4.0,17.6,0.951,31.2,MEDIUM
125.7,193.4,0.46,16.3,13.4,14.2,0.289,28.2,LOW
160.1,197.6,0.41,15.2,18.2,78.2,0.417,29.2,LOW
189.8,190.6,0.08,36.3,34.4,10.0,0.0,29.5,LOW
190.8,270.9,0.44,19.8,21.6,40.8,0.144,37.0,MEDIUM
162.0,272.7,0.26,32.2,38.6,7.6,0.103,29.8,LOW
92.1,164.4,0.59,5.6,4.0,66.7,0.571,21.5,LOW
119.2,155.6,0.0,27.7,40.1,23.2,0.203,16.7,LOW
95.7,173.6,0.0,41.6,61.7,142.1,0.117,10.6,LOW
123.6,173.6,0.16,26.7,36.1,52.7,0.028,18.6,LOW
151.0,242.1,0.98,2.1,9.8,44.9,0.642,35.0,MEDIUM
141.5,216.4,0.87,3.3,5.9,14.3,0.776,33.2,MEDIUM
80.6,156.8,0.22,4.9,8.1,63.4,0.453,14.7,LOW
179.9,233.4,1.84,4.3,3.4,35.7,0.62,39.8,MEDIUM
209.6,375.0,0.3,17.4,27.6,22.2,0.443,44.7,MEDIUM
110.3,196.0,0.25,19.8,20.1,59.9,0.246,17.5,LOW
63.3,159.5,0.0,16.0,20.2,194.7,0.473,11.7,LOW
101.0,114.5,0.1,17.1,24.4,20.1,0.176,16.3,LOW
54.6,107.6,0.04,39.0,57.5,90.0,0.302,9.5,LOW
169.2,297.5,2.7,4.6,1.9,21.6,0.72,52.1,MEDIUM
139.8,179.4,0.54,18.9,12.9,42.3,0.384,26.5,LOW
142.6,226.1,0.81,4.7,6.4,11.0,0.83,37.8,MEDIUM
163.3,230.6,0.12,27.7,31.3,41.6,0.215,29.3,LOW
174.6,204.3,0.0,39.8,53.3,48.1,0.07,29.0,LOW
112.7,227.7,0.51,3.5,8.7,30.3,0.902,33.0,MEDIUM
194.6,271.6,0.99,12.8,15.9,38.8,0.755,46.2,MEDIUM
111.2,189.1,1.13,3.4,1.4,64.3,0.593,27.3,LOW
136.5,164.7,0.37,19.1,16.1,27.5,0.356,25.9,LOW
194.1,337.0,1.57,4.5,9.4,18.3,0.826,48.9,MEDIUM
56.6,122.5,0.0,16.9,24.4,125.7,0.395,10.0,LOW
231.6,287.0,0.99,12.0,16.9,20.0,0.585,49.1,MEDIUM
132.6,213.2,0.0,32.5,40.5,31.3,0.335,25.6,LOW
177.2,241.5,0.68,12.1,14.0,56.9,0.408,35.7,MEDIUM
134.5,261.8,0.24,16.2,16.1,12.5,0.481,27.2,LOW
71.1,158.5,0.0,39.4,47.0,159.3,0.164,6.0,LOW
90.3,168.3,0.0,11.1,14.7,145.6,0.33,20.8,LOW
90.3,155.8,0.08,19.5,24.9,164.9,0.218,12.0,LOW
171.4,226.7,1.43,4.3,6.5,43.3,0.575,39.8,MEDIUM
117.7,154.2,0.18,27.2,35.7,27.6,0.408,21.9,LOW
69.6,113.5,0.09,27.9,26.0,200.1,0.406,12.0,LOW
112.5,226.7,0.16,17.9,27.0,65.8,0.503,22.4,LOW
126.4,214.0,0.1,24.2,28.4,18.7,0.37,23.4,LOW
113.7,170.2,0.0,24.8,23.7,76.9,0.359,18.1,LOW
178.2,297.6,3.26,4.2,2.2,11.1,0.718,60.4,HIGH
195.4,369.4,1.32,2.6,9.4,5.6,0.782,56.6,HIGH
64.8,144.9,0.0,36.7,52.6,188.8,0.256,8.1,LOW
215.0,236.1,0.18,31.6,44.0,2.0,0.015,41.3,MEDIUM
228.2,285.8,0.18,32.4,43.2,7.7,0.1,42.4,MEDIUM
138.8,199.2,0.06,49.0,73.6,9.1,0.0,20.1,LOW
205.0,331.2,0.77,15.2,21.2,7.0,0.602,47.4,MEDIUM
95.4,176.6,0.0,22.2,19.6,168.0,0.577,20.5,LOW
101.5,150.5,0.13,22.5,17.5,52.5,0.0,10.4,LOW
102.8,196.7,0.45,5.1,1.9,116.9,0.888,28.4,LOW
153.7,202.5,0.25,13.1,18.6,86.1,0.487,31.0,MEDIUM
182.1,275.3,0.1,24.0,33.4,33.0,0.459,37.3,MEDIUM
63.9,138.2,0.0,1.8,8.5,135.2,0.82,17.3,LOW
151.1,206.5,0.09,34.1,56.1,13.4,0.42,29.9,LOW
117.8,163.2,0.2,18.8,25.3,131.2,0.409,21.6,LOW
145.0,219.3,0.12,19.5,30.1,24.4,0.162,23.7,LOW
109.2,169.2,0.01,21.8,23.7,9.7,0.318,19.2,LOW
63.0,158.6,0.09,30.2,42.8,69.3,0.317,8.9,LOW
100.0,135.9,0.0,11.3,15.7,270.0,0.476,18.7,LOW
138.8,217.8,0.43,18.3,19.7,34.5,0.484,28.4,LOW
229.4,292.9,2.55,1.4,7.1,7.8,0.748,69.1,HIGH
173.2,218.9,0.71,18.3,18.3,7.4,0.295,30.0,MEDIUM
182.5,291.6,1.64,2.4,7.0,30.9,0.564,45.1,MEDIUM
59.6,122.1,0.0,28.8,45.3,121.3,0.194,6.1,LOW
135.1,210.8,0.23,15.7,21.5,67.3,0.457,27.1,LOW
130.2,221.8,0.02,16.1,21.2,76.2,0.127,21.3,LOW
72.3,141.7,0.0,28.2,40.2,124.8,0.142,4.8,LOW
118.2,220.0,0.44,1.9,6.4,46.9,0.442,26.8,LOW
140.6,213.1,0.8,4.1,6.7,82.0,0.585,30.8,MEDIUM
190.2,260.0,0.0,47.2,77.3,25.6,0.301,34.9,MEDIUM
148.9,230.2,0.52,17.6,23.2,12.9,0.217,28.5,LOW
82.8,184.4,0.18,46.6,21.4,137.7,0.23,13.2,LOW
225.2,296.9,3.43,1.8,0.6,24.7,1.0,81.3,CRITICAL
91.6,186.2,0.08,11.3,12.6,216.2,0.727,22.4,LOW
148.4,163.1,0.0,95.9,57.9,27.1,0.037,23.5,LOW
170.7,250.7,0.0,30.9,42.0,26.6,0.361,33.4,MEDIUM
71.4,158.0,0.06,10.1,13.0,71.5,0.328,15.6,LOW
137.6,182.6,0.06,24.9,26.6,60.0,0.059,23.1,LOW
230.4,282.8,1.6,10.2,11.9,4.0,0.537,48.1,MEDIUM
101.3,166.4,0.2,19.2,15.3,29.2,0.431,23.8,LOW
80.0,170.2,0.0,11.4,11.1,104.3,0.672,21.6,LOW
144.7,242.7,1.08,4.1,6.4,9.6,0.593,31.4,MEDIUM
117.7,195.5,0.34,28.7,19.9,51.4,0.283,20.3,LOW
191.1,278.9,0.82,17.9,17.0,40.4,0.415,43.5,MEDIUM
182.5,227.9,0.0,53.6,77.1,6.6,0.074,30.9,MEDIUM
101.9,219.8,0.82,3.3,3.1,73.2,0.69,22.7,LOW
76.6,151.0,0.17,13.0,15.2,78.4,0.348,11.9,LOW
102.2,184.7,0.0,28.8,36.3,19.0,0.295,15.9,LOW
148.6,208.5,0.17,23.4,18.4,49.6,0.343,30.9,MEDIUM
158.8,181.9,0.0,43.1,66.5,1.8,0.077,25.7,LOW
89.2,262.9,0.26,27.2,12.4,59.1,0.369,18.2,LOW
198.1,249.9,1.61,1.3,4.3,57.1,0.912,55.9,HIGH
175.7,243.6,0.0,36.5,54.0,5.7,0.287,33.5,MEDIUM
156.9,228.1,1.99,1.9,2.0,40.1,0.584,46.6,MEDIUM
79.4,166.6,0.02,14.3,14.2,14.2,0.467,16.2,LOW
86.8,158.7,0.26,9.0,10.6,84.5,0.422,18.0,LOW
163.5,248.3,0.3,18.4,23.2,47.3,0.397,33.7,MEDIUM
151.7,215.5,0.23,24.8,32.7,56.0,0.16,23.9,LOW
238.1,254.9,1.03,13.6,16.2,4.3,0.655,52.8,MEDIUM
163.5,209.4,0.04,33.4,47.3,16.4,0.328,31.6,MEDIUM
85.4,169.5,0.42,3.4,1.4,99.2,0.872,27.6,LOW
145.3,276.5,0.99,4.5,10.0,22.8,0.825,37.3,MEDIUM
55.5,101.4,0.0,21.2,22.0,156.1,0.302,8.9,LOW
87.8,167.8,0.11,13.3,12.1,67.8,0.406,19.3,LOW
99.0,211.6,0.53,2.7,4.1,96.8,0.98,31.5,MEDIUM
92.0,174.6,0.4,1.8,5.9,43.0,0.72,23.4,LOW
112.1,177.8,0.39,12.6,12.8,39.8,0.281,18.4,LOW
137.1,201.3,0.7,11.6,10.7,2.1,0.654,29.9,LOW
158.9,194.2,0.1,23.0,32.9,3.1,0.34,27.0,LOW
110.3,207.0,0.27,20.9,29.8,154.0,0.572,20.6,LOW
220.6,314.2,0.39,32.4,28.2,23.6,0.255,44.5,MEDIUM
125.5,218.4,0.0,28.6,24.5,38.0,0.252,20.9,LOW
85.7,160.5,0.09,27.2,35.1,59.7,0.498,11.8,LOW
211.0,248.5,0.01,46.4,74.2,3.3,0.0,35.6,MEDIUM
107.0,190.8,0.49,2.1,8.9,68.1,0.647,27.2,LOW
186.9,322.1,0.04,36.0,54.1,13.5,0.057,36.0,MEDIUM
74.8,273.9,0.02,1.0,0.6,40.9,0.439,18.9,LOW
136.2,186.2,0.17,49.3,76.2,41.2,0.242,20.4,LOW
159.5,203.2,1.5,0.6,2.8,6.6,0.696,48.4,MEDIUM
199.8,249.5,2.23,5.9,3.2,19.9,0.769,48.2,MEDIUM
133.1,230.2,0.72,14.7,14.4,44.9,0.502,29.6,LOW
97.3,167.9,0.58,1.0,4.4,53.7,0.859,28.8,LOW
138.8,239.2,1.37,1.2,0.5,40.3,0.695,42.9,MEDIUM
159.8,245.2,2.28,5.3,0.2,24.5,0.533,38.3,MEDIUM
122.3,261.6,0.29,4.1,8.6,163.8,0.691,32.4,MEDIUM
170.0,224.2,0.16,28.5,43.9,3.8,0.394,30.2,MEDIUM
114.8,171.9,1.24,2.9,3.4,26.4,0.705,23.9,LOW
156.5,193.2,0.12,16.1,23.2,23.5,0.314,27.4,LOW
146.2,175.9,0.13,35.4,43.3,12.1,0.014,20.6,LOW
138.5,210.8,0.92,4.1,5.6,69.7,0.71,35.6,MEDIUM
145.7,205.5,0.59,5.6,8.7,76.4,0.555,31.5,MEDIUM
68.6,140.0,0.0,83.5,126.8,98.1,0.018,3.1,LOW
143.4,199.7,0.1,21.0,30.4,34.1,0.309,26.1,LOW
165.1,228.2,0.65,15.4,18.3,7.3,0.365,33.2,MEDIUM
63.6,141.3,0.02,29.2,46.7,141.1,0.293,7.9,LOW
135.2,209.4,0.92,1.0,2.9,51.1,0.85,37.7,MEDIUM
142.1,241.1,0.14,31.7,38.9,27.9,0.52,27.9,LOW
119.1,205.6,0.14,28.5,34.4,90.8,0.37,22.5,LOW
169.3,238.9,1.32,14.7,11.5,4.0,0.683,37.5,MEDIUM
91.0,222.9,0.17,1.8,9.3,152.7,0.62,22.9,LOW
167.9,206.6,0.55,15.9,20.8,32.1,0.184,28.7,LOW
157.4,206.4,0.14,23.9,36.5,9.7,0.305,29.6,LOW
145.8,195.4,0.26,36.3,40.4,77.4,0.316,24.6,LOW
96.3,132.6,0.0,41.0,56.7,121.6,0.261,14.5,LOW
169.9,265.3,1.71,5.2,5.2,10.0,0.831,45.7,MEDIUM
99.9,273.7,0.27,4.8,7.1,62.2,0.28,20.7,LOW
72.9,145.3,0.0,23.7,34.0,168.0,0.498,12.7,LOW
77.5,157.0,0.27,6.0,5.2,154.0,0.68,15.4,LOW
129.8,179.0,1.37,2.2,0.4,14.8,0.5,31.5,MEDIUM
108.9,312.8,0.33,5.7,6.2,19.6,0.746,36.0,MEDIUM
163.0,312.2,1.41,2.4,9.3,9.1,0.752,46.9,MEDIUM
100.8,218.9,0.19,4.4,9.3,15.6,0.727,25.1,LOW
120.1,193.0,0.02,18.4,28.3,27.4,0.534,25.6,LOW
142.4,248.1,0.19,18.9,25.6,9.3,0.44,27.6,LOW
189.9,254.3,0.82,13.9,15.0,3.4,0.237,34.8,MEDIUM
234.2,269.6,0.02,21.7,32.7,20.5,0.314,47.2,MEDIUM
111.1,307.7,0.2,18.4,17.0,103.8,0.141,22.5,LOW
225.1,265.7,0.41,20.3,26.4,14.7,0.453,45.3,MEDIUM
190.3,238.5,0.0,52.0,78.8,56.5,0.31,33.1,MEDIUM
74.8,122.2,0.0,24.9,35.6,40.6,0.109,7.9,LOW
87.1,131.2,0.23,5.4,8.1,78.5,0.545,20.1,LOW
129.7,176.7,1.5,1.4,4.5,10.0,0.623,33.3,MEDIUM
107.1,126.0,0.0,42.3,71.3,2.3,0.079,11.9,LOW
132.2,276.5,0.05,23.4,27.2,85.2,0.376,28.3,LOW
156.2,193.2,0.0,28.3,44.8,67.8,0.192,24.4,LOW
155.2,217.7,0.15,22.9,22.0,25.0,0.418,28.8,LOW
124.1,194.9,0.0,17.0,22.0,94.7,0.565,27.8,LOW
206.7,246.3,0.05,111.2,180.3,11.6,0.175,28.3,LOW
159.8,183.5,0.0,37.6,62.2,9.8,0.01,26.3,LOW
97.8,204.8,0.63,1.6,1.9,19.3,0.957,26.1,LOW
245.3,330.6,2.74,3.7,4.9,20.9,0.91,73.7,HIGH
142.8,223.8,1.13,19.2,11.4,19.3,0.604,32.2,MEDIUM
105.6,202.3,0.12,24.5,10.8,44.6,0.277,20.4,LOW
71.5,233.4,0.05,5.1,5.1,46.6,0.539,18.4,LOW
215.3,223.2,0.32,36.3,27.9,6.4,0.039,36.5,MEDIUM
194.2,252.8,1.09,12.8,14.1,16.8,0.314,44.3,MEDIUM
106.4,183.5,0.0,42.2,54.5,79.0,0.149,13.6,LOW
240.7,276.0,1.65,9.7,11.1,16.4,0.67,52.0,MEDIUM
55.2,206.8,0.02,18.1,18.8,140.4,0.583,13.3,LOW
243.0,318.4,1.55,9.8,13.9,18.8,0.467,52.8,MEDIUM
150.9,235.5,0.32,18.1,26.8,38.3,0.383,31.8,MEDIUM
200.2,353.4,2.15,0.9,7.4,3.7,0.755,65.2,HIGH
119.0,155.6,0.0,27.5,44.4,199.1,0.171,16.2,LOW
118.3,180.4,0.0,54.9,85.7,99.4,0.199,18.9,LOW
123.4,222.3,1.05,5.2,1.9,9.0,0.705,31.9,MEDIUM
227.8,303.3,3.71,2.4,0.3,8.8,0.748,81.6,CRITICAL
98.9,199.9,0.11,11.0,13.5,98.5,0.569,21.2,LOW
58.3,110.9,0.14,15.3,19.5,122.1,0.526,10.8,LOW
125.5,182.7,0.22,21.5,32.6,43.7,0.429,23.2,LOW
94.4,180.0,0.09,13.1,13.6,127.6,0.348,17.7,LOW
166.2,256.3,0.53,15.0,15.8,16.2,0.573,36.7,MEDIUM
172.0,270.6,0.38,17.9,23.4,21.2,0.429,34.5,MEDIUM
92.4,193.0,0.03,25.6,12.8,13.2,0.222,15.5,LOW
123.8,139.6,0.0,51.1,85.5,40.6,0.139,19.2,LOW
193.5,244.4,2.44,2.7,1.9,26.0,0.769,59.1,HIGH
99.6,196.7,0.84,2.4,3.2,26.7,0.89,27.3,LOW
97.9,157.9,0.03,16.6,18.8,138.4,0.255,15.7,LOW
148.6,292.3,0.92,5.5,7.9,31.7,0.84,43.4,MEDIUM
100.3,181.7,0.0,36.5,43.4,35.0,0.19,13.6,LOW
124.9,189.8,0.42,10.7,10.9,29.4,0.446,26.6,LOW
144.2,187.7,1.19,1.2,5.9,16.0,0.681,40.6,MEDIUM
130.8,204.1,0.7,3.7,4.6,91.2,0.541,26.8,LOW
219.1,292.3,0.28,17.8,24.4,26.4,0.131,42.1,MEDIUM
131.0,219.6,1.02,1.3,4.7,6.9,0.861,40.4,MEDIUM
60.9,141.1,0.18,29.3,14.4,56.3,0.545,9.4,LOW
70.2,173.0,0.01,23.9,28.8,161.9,0.065,9.4,LOW
113.2,196.2,0.25,26.4,32.5,63.1,0.136,15.7,LOW
147.6,256.3,0.38,15.9,12.2,32.4,0.537,31.9,MEDIUM
148.7,214.2,1.97,5.6,1.4,27.4,0.632,36.5,MEDIUM
128.0,282.6,0.56,14.3,11.5,49.7,0.577,28.4,LOW
96.5,157.9,0.07,11.1,13.8,67.1,0.499,16.0,LOW
126.1,189.7,0.32,12.9,15.7,97.5,0.39,24.5,LOW
160.4,253.4,1.25,4.9,7.0,25.7,0.624,38.7,MEDIUM
149.0,170.5,0.15,63.1,105.4,9.2,0.0,20.0,LOW
183.2,257.2,0.3,23.1,34.8,46.5,0.146,33.4,MEDIUM
99.5,218.7,0.78,1.8,2.5,38.8,0.887,30.8,MEDIUM
90.8,183.4,0.14,2.1,2.3,24.5,0.913,28.3,LOW
131.9,232.4,0.2,13.0,15.1,8.3,0.687,32.1,MEDIUM
175.9,210.0,0.0,35.8,40.2,52.4,0.257,32.8,MEDIUM
172.5,250.1,1.92,2.6,2.4,11.1,0.383,44.6,MEDIUM
166.8,259.0,0.14,25.1,40.5,1.9,0.198,30.2,MEDIUM
90.5,165.5,0.11,23.3,27.0,32.1,0.514,14.5,LOW
112.6,213.1,0.08,27.8,41.9,46.3,0.506,19.9,LOW
68.5,118.7,0.0,40.7,43.4,145.7,0.361,8.5,LOW
171.0,234.3,0.31,23.4,34.9,8.9,0.278,34.9,MEDIUM
105.9,232.3,0.24,25.0,23.9,66.9,0.098,16.3,LOW
161.3,217.0,0.0,48.9,52.5,17.2,0.107,32.2,MEDIUM
94.9,171.4,0.04,17.6,25.2,140.9,0.397,17.4,LOW
101.3,167.9,0.18,17.2,21.5,88.9,0.637,19.6,LOW
170.6,228.0,0.73,18.0,19.0,3.8,0.423,33.1,MEDIUM
176.9,230.4,0.21,23.1,35.2,11.9,0.32,33.6,MEDIUM
153.7,265.0,0.81,2.7,8.9,3.2,0.728,41.4,MEDIUM
153.5,230.7,0.0,64.4,107.5,30.9,0.121,24.0,LOW
111.8,241.3,0.0,27.4,40.4,32.8,0.361,19.6,LOW
175.9,217.2,1.32,5.0,4.7,49.8,0.546,41.3,MEDIUM
191.5,244.8,0.16,23.8,31.9,1.1,0.15,33.8,MEDIUM
79.7,172.8,0.0,24.9,33.2,118.8,0.502,13.8,LOW
144.7,228.7,1.3,3.6,3.5,59.1,0.446,32.4,MEDIUM
87.5,208.7,0.16,12.2,14.2,65.5,0.737,24.6,LOW
91.0,180.9,0.2,2.9,8.8,28.8,0.427,21.1,LOW
130.0,233.6,0.7,4.5,5.2,79.6,0.582,27.1,LOW
111.6,223.2,0.57,3.0,7.6,42.5,0.855,33.8,MEDIUM
108.4,144.6,0.13,26.2,34.4,80.4,0.28,15.1,LOW
84.9,222.6,0.17,12.3,17.8,121.7,0.291,18.5,LOW
97.6,200.5,0.32,1.2,8.9,95.8,0.826,27.8,LOW
158.5,265.5,1.23,1.1,6.0,27.6,0.776,47.6,MEDIUM
233.0,397.5,0.17,28.7,45.3,1.8,0.222,48.0,MEDIUM
218.2,302.6,1.17,26.6,15.6,6.4,0.183,44.5,MEDIUM
154.8,190.7,0.11,22.8,30.4,43.3,0.316,28.2,LOW
98.1,157.3,0.0,14.4,14.1,184.6,0.362,20.4,LOW
181.0,318.8,1.36,2.3,7.7,29.0,1.0,50.5,MEDIUM
117.0,221.2,0.16,25.3,35.2,3.5,0.255,25.0,LOW
122.3,203.7,0.34,13.2,18.3,53.5,0.415,21.3,LOW
88.7,125.8,0.08,19.7,26.1,25.6,0.282,16.7,LOW
103.9,153.1,0.0,29.7,47.5,69.1,0.51,17.8,LOW
188.6,246.5,0.19,40.6,64.6,4.4,0.0,32.5,MEDIUM
226.0,284.3,0.17,19.7,32.1,7.2,0.417,45.5,MEDIUM
111.5,188.7,0.06,16.9,24.6,138.7,0.372,19.5,LOW
166.2,245.2,0.15,37.9,40.0,9.1,0.0,26.9,LOW
83.9,214.7,0.22,3.8,8.3,11.6,0.564,22.8,LOW
96.8,146.4,0.01,1.2,9.9,22.7,0.809,24.7,LOW
99.2,146.4,0.13,33.2,33.0,62.3,0.082,15.7,LOW
117.6,248.9,0.64,3.5,9.9,20.0,0.734,32.3,MEDIUM
113.6,281.6,0.45,2.0,9.7,72.5,0.998,36.5,MEDIUM
122.7,215.0,0.06,32.8,53.4,45.1,0.241,24.8,LOW
90.5,135.5,0.0,36.1,42.5,47.3,0.0,11.3,LOW
123.8,206.6,0.97,11.8,10.2,12.4,0.372,22.9,LOW
74.7,187.5,0.24,42.9,15.4,90.1,0.101,7.2,LOW
208.4,235.5,0.03,28.9,43.8,7.5,0.199,41.6,MEDIUM
134.4,204.4,1.79,4.3,2.7,1.0,0.696,32.0,MEDIUM
119.3,167.8,0.22,23.1,32.1,27.4,0.364,21.4,LOW
150.6,272.6,1.47,0.7,4.9,24.5,1.0,50.7,MEDIUM
91.1,144.3,0.03,45.9,49.0,52.5,0.127,8.3,LOW
116.5,165.6,0.38,12.4,16.2,3.7,0.314,24.9,LOW
206.2,346.5,2.78,3.1,4.6,4.7,0.88,63.9,HIGH
105.0,200.4,0.78,0.8,0.2,58.3,0.965,32.8,MEDIUM
113.9,302.2,1.55,2.3,1.0,14.8,0.764,38.9,MEDIUM
67.2,171.3,0.24,14.7,10.1,120.4,0.407,12.1,LOW
91.3,155.6,0.08,26.6,38.6,36.8,0.37,14.3,LOW
252.2,354.8,4.65,0.6,1.1,7.4,0.75,93.9,CRITICAL
107.6,163.8,0.0,27.0,33.6,50.4,0.0,17.1,LOW
153.6,228.1,0.05,33.4,56.1,26.7,0.295,28.0,LOW
91.8,177.2,0.2,20.1,10.9,130.7,0.493,18.9,LOW
122.5,199.6,0.0,23.4,33.6,21.5,0.53,23.0,LOW
147.5,209.3,2.46,3.1,0.6,22.6,0.598,46.3,MEDIUM
131.3,211.1,0.73,4.7,3.4,34.0,0.696,30.8,MEDIUM
184.0,271.8,1.45,1.1,7.3,35.1,0.804,52.3,MEDIUM
194.7,265.2,1.11,13.4,14.1,5.5,0.482,43.5,MEDIUM
96.6,138.1,0.08,19.5,31.2,70.2,0.385,13.6,LOW
133.0,182.2,0.05,30.2,43.7,80.5,0.244,24.6,LOW
97.7,244.3,0.42,13.4,12.1,9.9,0.5,22.9,LOW
77.4,149.0,0.18,13.5,18.2,100.4,0.578,15.2,LOW
96.1,170.8,0.02,61.9,100.6,13.6,0.25,16.5,LOW
85.3,153.4,0.0,15.9,20.0,107.8,0.311,16.1,LOW
125.2,194.5,0.24,10.5,13.5,25.2,0.501,22.9,LOW
189.4,305.5,0.0,33.0,43.3,60.9,0.15,37.9,MEDIUM
92.3,161.5,0.0,79.5,136.7,84.4,0.0,10.8,LOW
136.4,216.3,0.5,12.3,13.7,7.1,0.247,23.5,LOW
109.1,174.7,0.06,19.9,27.8,4.0,0.365,19.8,LOW
112.7,146.2,0.07,47.5,61.7,12.4,0.192,17.5,LOW
94.1,177.8,0.52,12.1,11.4,59.1,0.47,15.7,LOW
75.2,179.6,0.0,14.5,14.9,41.0,0.447,17.0,LOW
142.9,231.4,0.14,15.5,19.7,21.8,0.494,29.7,LOW
133.9,238.6,0.29,19.9,21.6,6.9,0.573,29.1,LOW
73.1,95.2,0.0,33.2,33.7,131.3,0.149,9.6,LOW
114.4,127.5,0.04,25.6,30.2,104.2,0.111,14.5,LOW
231.1,295.6,1.52,16.9,13.8,11.2,0.394,45.7,MEDIUM
79.3,109.5,0.0,44.2,64.4,77.8,0.419,12.2,LOW
223.6,252.8,1.04,10.9,14.4,5.3,0.343,45.1,MEDIUM
129.6,191.4,0.66,4.5,6.9,57.8,0.765,30.2,MEDIUM
123.3,208.2,0.1,18.8,24.6,47.4,0.55,23.4,LOW
67.6,110.5,0.0,29.3,46.1,300.0,0.0,4.7,LOW
144.7,197.4,0.87,3.7,8.0,46.2,0.751,32.9,MEDIUM
268.2,371.2,0.96,14.9,22.6,3.4,0.531,54.1,MEDIUM
83.5,177.3,0.27,8.6,10.2,85.5,0.526,15.2,LOW
142.7,228.4,1.71,3.3,1.0,31.2,0.605,35.6,MEDIUM
152.7,257.4,1.0,3.8,7.2,30.3,0.599,37.1,MEDIUM
236.7,299.0,0.49,20.1,29.5,9.4,0.309,47.5,MEDIUM
194.9,252.2,0.07,25.7,35.3,1.6,0.241,36.4,MEDIUM
124.3,203.6,0.46,2.3,6.8,122.8,0.655,27.6,LOW
177.7,212.6,0.5,26.0,25.1,7.2,0.231,30.1,MEDIUM
161.5,225.2,1.0,13.3,14.2,10.1,0.649,35.1,MEDIUM
95.8,155.2,0.13,22.2,23.4,174.3,0.147,14.0,LOW
110.4,198.0,0.51,4.4,1.2,116.0,0.408,21.5,LOW
187.7,358.1,2.12,4.8,4.1,6.9,0.842,52.3,MEDIUM
122.1,159.1,0.36,4.8,5.6,125.3,0.632,26.8,LOW
65.5,155.7,0.19,2.0,8.8,70.1,0.681,14.7,LOW
244.8,328.2,1.26,13.3,13.9,15.9,0.454,54.6,MEDIUM
205.1,250.1,0.96,11.9,14.4,15.6,0.528,41.8,MEDIUM
92.6,212.8,0.37,15.4,14.1,99.9,0.354,16.9,LOW
98.7,208.8,0.34,4.1,3.7,27.8,0.755,24.8,LOW
90.1,184.1,0.0,45.9,72.5,83.6,0.0,8.6,LOW
87.9,172.7,0.06,14.5,10.7,92.4,0.403,13.4,LOW
122.2,156.7,0.2,21.9,20.3,21.6,0.001,19.5,LOW
109.6,178.6,0.0,31.3,49.8,94.2,0.404,21.3,LOW
86.1,192.8,0.05,1.3,3.6,300.0,0.733,21.3,LOW
168.9,229.4,0.63,18.3,21.1,5.3,0.485,35.9,MEDIUM
105.4,173.9,0.68,23.9,12.6,8.8,0.379,17.7,LOW
175.8,212.3,0.2,26.1,42.2,68.0,0.365,31.0,MEDIUM
195.8,284.5,0.73,12.8,16.7,21.4,0.478,42.0,MEDIUM
79.2,125.5,0.08,49.8,11.0,159.1,0.167,8.3,LOW
73.5,179.3,0.49,3.2,0.5,83.7,0.559,19.6,LOW
146.2,234.7,0.31,39.8,67.8,21.6,0.0,18.8,LOW
127.1,219.9,1.44,0.5,3.1,38.5,0.769,42.5,MEDIUM
108.4,158.6,0.11,15.5,24.6,36.2,0.328,23.6,LOW
85.6,163.4,0.03,1.6,9.5,145.9,0.965,20.2,LOW
78.0,218.2,0.13,55.5,82.6,183.4,0.143,9.3,LOW
123.7,193.7,0.91,4.0,4.4,8.9,0.575,27.0,LOW
192.9,248.7,0.04,41.9,68.0,57.9,0.109,33.7,MEDIUM
208.1,211.3,0.0,67.9,103.6,17.1,0.073,34.3,MEDIUM
148.8,262.8,0.94,5.3,8.1,30.4,0.637,36.3,MEDIUM
80.4,198.6,0.56,0.8,3.0,18.6,0.817,28.9,LOW
75.9,139.5,0.08,20.0,26.8,60.9,0.37,11.7,LOW
162.0,243.6,1.54,3.6,7.8,7.2,0.485,38.7,MEDIUM
169.1,234.9,0.97,10.5,10.0,40.4,0.202,32.1,MEDIUM
87.4,143.3,0.15,21.8,34.0,90.7,0.278,15.1,LOW
103.4,176.0,0.15,36.1,53.2,23.7,0.273,15.3,LOW
71.4,208.8,0.05,18.4,23.4,79.2,0.329,12.3,LOW
107.6,142.3,0.0,31.2,41.3,41.1,0.416,15.4,LOW
104.6,164.8,0.32,4.0,3.3,113.8,0.675,23.6,LOW
150.9,228.1,0.02,41.3,62.8,17.0,0.357,25.8,LOW
69.7,221.7,0.16,5.6,3.6,47.4,0.812,22.5,LOW
181.4,324.9,1.94,4.1,3.2,11.3,0.837,51.5,MEDIUM
106.7,137.8,0.18,1.1,7.8,173.8,0.586,24.5,LOW
168.3,265.4,0.63,15.8,18.9,11.0,0.427,37.3,MEDIUM
98.8,261.7,0.13,1.3,4.8,6.9,0.943,33.6,MEDIUM
151.3,193.3,0.0,39.6,64.6,11.1,0.205,26.4,LOW
213.6,300.6,1.65,4.0,6.5,39.3,0.765,49.7,MEDIUM
61.3,176.6,0.0,45.3,53.8,91.2,0.0,6.3,LOW
74.1,152.0,0.0,44.1,62.6,86.2,0.425,9.7,LOW
120.2,196.2,0.27,11.5,14.4,75.8,0.387,23.6,LOW
90.7,132.5,0.04,33.3,56.4,78.1,0.0,10.2,LOW
150.9,238.6,0.0,35.1,41.8,42.6,0.144,21.3,LOW
189.2,292.5,1.16,13.7,13.3,10.3,0.096,34.8,MEDIUM
46.1,153.3,0.04,27.1,42.1,146.9,0.107,3.9,LOW
97.5,178.4,0.0,28.9,29.0,126.0,0.635,14.3,LOW
172.8,220.9,1.24,1.7,8.5,14.7,0.691,46.1,MEDIUM
114.3,189.3,0.0,55.9,93.1,62.9,0.0,15.6,LOW
120.9,211.4,0.24,21.8,24.5,27.3,0.339,23.3,LOW
139.8,160.7,0.0,29.1,46.9,51.3,0.115,23.7,LOW
142.1,209.8,0.26,13.5,14.3,81.7,0.596,32.2,MEDIUM
106.5,219.2,0.17,27.0,26.9,5.9,0.138,19.5,LOW
58.8,132.4,0.01,5.6,7.3,211.8,0.68,16.1,LOW
182.7,307.1,1.46,5.6,9.4,45.9,0.468,42.6,MEDIUM
135.9,203.4,0.15,32.4,36.1,6.6,0.609,27.7,LOW
81.0,180.9,0.05,34.1,51.0,64.5,0.28,13.7,LOW
61.3,117.7,0.05,58.7,102.7,91.5,0.055,1.5,LOW
71.7,136.1,0.15,13.1,17.7,214.0,0.43,8.6,LOW
196.9,277.2,3.29,5.7,0.9,12.4,0.553,49.8,MEDIUM
111.1,164.6,0.44,2.1,4.8,9.4,0.621,26.2,LOW
101.0,149.5,0.43,4.4,5.0,64.0,0.551,20.0,LOW
139.6,209.7,0.0,53.4,83.6,28.2,0.346,22.7,LOW
174.5,261.3,0.99,4.1,9.5,19.5,0.595,40.6,MEDIUM
93.4,148.3,0.4,0.7,9.9,48.6,0.459,22.3,LOW
151.0,256.3,0.0,41.6,68.0,19.5,0.0,26.3,LOW
142.8,213.1,0.18,16.8,20.0,39.7,0.548,30.5,MEDIUM
93.2,188.3,0.07,13.5,11.0,25.3,0.429,19.7,LOW
145.6,216.6,1.21,2.0,1.0,4.0,0.72,43.4,MEDIUM
199.7,317.8,2.57,1.6,2.7,36.0,0.925,67.1,HIGH
109.1,211.5,0.25,2.5,6.3,135.5,0.606,29.1,LOW
131.6,275.8,0.84,5.7,6.9,13.2,0.731,34.6,MEDIUM
152.8,197.8,0.55,16.4,15.4,45.4,0.316,28.5,LOW
153.9,233.5,0.51,17.3,22.8,16.5,0.487,33.4,MEDIUM
234.6,345.5,2.49,5.2,7.2,14.0,0.592,54.3,MEDIUM
188.4,264.7,0.61,18.6,21.9,38.8,0.344,35.8,MEDIUM
185.2,239.2,0.91,17.7,14.2,8.7,0.516,39.2,MEDIUM
175.6,220.3,0.0,31.3,44.7,16.7,0.341,33.4,MEDIUM
53.9,129.5,0.24,18.2,19.4,114.4,0.361,9.2,LOW
179.4,257.9,0.74,13.9,17.7,10.7,0.387,38.6,MEDIUM
143.4,217.3,0.49,11.0,12.3,9.7,0.756,37.7,MEDIUM
79.7,189.1,0.14,22.7,16.9,169.0,0.411,14.0,LOW
35.0,130.3,0.0,2.1,9.3,246.6,0.676,13.5,LOW
149.8,236.6,0.94,3.4,7.4,50.3,0.6,36.3,MEDIUM
257.0,320.0,0.84,18.7,21.9,5.2,0.532,52.6,MEDIUM
129.3,240.8,0.45,7.9,10.4,24.4,0.601,30.4,MEDIUM
128.3,208.2,0.69,1.6,9.9,44.9,0.727,30.3,MEDIUM
157.1,199.5,0.02,55.2,80.0,60.8,0.105,23.9,LOW
129.6,195.2,0.21,21.6,29.2,41.8,0.388,27.2,LOW
230.9,282.9,1.27,13.5,12.9,22.8,0.457,52.9,MEDIUM
149.8,224.1,0.05,17.3,27.9,36.7,0.582,28.6,LOW
105.2,207.7,0.06,29.6,45.2,64.5,0.433,20.2,LOW
165.9,251.4,0.0,61.9,99.1,5.2,0.147,23.3,LOW
163.7,229.9,0.2,19.6,21.1,28.2,0.571,33.0,MEDIUM
97.4,199.7,0.71,2.0,1.6,39.7,0.739,26.0,LOW
215.0,302.6,0.99,15.3,18.1,1.9,0.538,44.7,MEDIUM
168.8,259.3,2.56,0.9,2.3,5.7,0.924,62.9,HIGH
151.8,187.7,0.0,50.2,85.7,2.2,0.26,23.4,LOW
104.7,206.2,0.37,4.0,4.1,111.4,0.818,28.3,LOW
124.1,195.2,0.94,4.1,2.0,26.3,0.773,29.5,LOW
161.3,222.1,0.0,34.4,58.0,10.0,0.496,33.4,MEDIUM
153.9,317.0,0.5,11.4,14.6,37.7,0.426,35.6,MEDIUM
107.4,142.8,0.18,26.5,18.2,38.2,0.254,14.9,LOW
199.1,234.0,1.08,13.3,14.8,12.4,0.438,37.3,MEDIUM
192.1,261.2,0.0,43.4,66.5,29.9,0.086,31.5,MEDIUM
101.5,190.8,0.16,16.6,22.0,78.1,0.114,16.1,LOW
172.2,246.9,0.37,11.5,16.3,43.8,0.711,40.6,MEDIUM
168.4,223.6,1.3,5.1,3.0,84.9,0.498,37.5,MEDIUM
93.3,249.5,0.0,42.7,73.4,41.1,0.171,17.3,LOW
120.5,188.2,0.93,5.3,6.8,14.9,0.434,25.9,LOW
84.5,142.8,0.0,43.9,69.3,51.7,0.231,13.0,LOW
115.9,183.6,0.77,1.4,1.4,92.6,0.639,28.2,LOW
145.8,193.9,0.03,32.2,51.3,8.8,0.05,22.7,LOW
157.6,227.9,0.8,10.4,14.2,22.4,0.558,33.1,MEDIUM
135.1,196.4,0.0,63.6,108.5,51.6,0.0,17.3,LOW
105.2,164.7,0.14,28.5,44.6,55.0,0.17,18.8,LOW
109.3,182.2,0.59,4.6,3.4,49.8,0.692,25.5,LOW
92.8,166.3,0.14,1.2,3.6,15.2,0.881,22.8,LOW
77.6,97.0,0.0,8.7,10.0,251.3,0.442,10.9,LOW
98.9,177.3,0.0,55.5,87.8,45.2,0.0,16.4,LOW
44.9,98.6,0.11,19.0,22.6,153.8,0.377,6.7,LOW
69.0,155.9,0.04,23.4,22.3,41.7,0.394,12.7,LOW
216.6,255.7,0.0,30.1,44.8,3.1,0.459,41.5,MEDIUM
91.9,179.2,0.0,27.0,31.0,74.4,0.111,9.1,LOW
156.6,246.8,0.24,21.9,29.9,23.1,0.286,27.8,LOW
104.8,171.6,0.0,34.3,48.2,108.5,0.379,16.5,LOW
161.9,261.5,0.42,14.6,21.4,25.7,0.742,36.9,MEDIUM
95.1,184.9,0.0,20.3,33.2,19.7,0.206,15.9,LOW
188.2,288.5,1.24,14.5,12.6,7.0,0.337,41.0,MEDIUM
100.5,141.0,0.12,18.3,19.0,22.5,0.442,18.0,LOW
172.5,227.8,0.37,21.5,24.5,34.7,0.251,33.0,MEDIUM
187.2,265.0,1.43,11.5,12.8,13.0,0.392,41.0,MEDIUM
186.4,215.8,0.18,40.1,43.3,14.8,0.198,35.0,MEDIUM
80.7,219.2,0.11,37.5,59.7,89.1,0.411,13.1,LOW
111.6,226.7,0.7,2.6,4.8,83.3,0.526,27.2,LOW
183.3,219.9,0.0,34.1,46.2,8.3,0.429,35.3,MEDIUM
104.7,263.5,0.52,3.3,1.9,5.2,0.614,28.4,LOW
236.1,320.6,2.83,0.8,6.1,1.9,0.828,75.8,HIGH
104.0,174.9,0.15,15.9,21.4,63.1,0.662,20.8,LOW
201.1,216.7,0.0,29.5,48.5,26.4,0.294,36.4,MEDIUM
178.6,228.9,0.2,67.4,91.5,25.1,0.009,27.9,LOW
105.8,232.1,0.05,22.2,26.3,40.9,0.437,24.1,LOW
84.7,175.4,0.49,1.4,1.7,89.1,0.732,21.7,LOW
120.7,183.3,0.0,76.8,38.4,10.0,0.115,13.4,LOW
165.7,280.4,1.92,2.0,6.0,28.5,0.708,47.6,MEDIUM
90.3,196.2,0.55,1.2,6.5,4.2,0.892,24.2,LOW
119.3,225.4,1.04,5.6,2.6,15.8,0.429,25.9,LOW
134.0,242.1,0.52,12.8,16.8,36.2,0.328,24.7,LOW
99.1,140.0,0.24,10.4,10.3,24.6,0.316,15.2,LOW
109.3,201.0,0.09,33.0,51.3,11.6,0.205,21.2,LOW
198.5,235.8,0.26,21.8,31.8,11.0,0.105,35.3,MEDIUM
86.2,154.2,0.0,9.1,11.2,184.5,0.452,16.9,LOW
191.5,317.0,1.49,2.1,9.3,2.7,0.57,47.4,MEDIUM
98.6,190.7,0.22,17.2,18.1,52.8,0.624,21.7,LOW
140.3,176.8,0.47,3.3,7.4,56.1,0.554,26.3,LOW
158.9,236.0,2.01,6.0,1.5,21.7,0.437,34.2,MEDIUM
139.5,233.4,0.57,14.2,11.2,50.8,0.49,27.4,LOW
145.9,271.5,0.68,3.6,7.4,98.9,0.945,42.7,MEDIUM
88.4,190.5,0.24,27.3,32.9,32.3,0.251,18.6,LOW
136.6,203.4,0.2,21.1,26.7,55.5,0.338,24.3,LOW
159.7,291.0,1.18,2.8,6.7,46.3,0.91,40.7,MEDIUM
135.7,180.1,0.0,37.2,50.0,9.2,0.312,22.0,LOW
267.9,339.1,1.11,18.1,20.9,3.0,0.452,48.4,MEDIUM
87.5,139.6,0.0,46.8,75.5,115.9,0.036,9.0,LOW
137.5,248.6,0.08,37.3,37.4,8.8,0.248,23.0,LOW
80.7,133.6,0.0,36.6,58.3,56.4,0.0,10.6,LOW
86.1,120.7,0.0,51.4,79.7,116.2,0.009,4.4,LOW
218.9,323.5,1.16,14.9,13.1,30.1,0.655,47.5,MEDIUM
187.7,255.8,0.23,19.5,27.7,63.6,0.562,41.5,MEDIUM
142.5,202.1,1.3,5.6,4.5,32.0,0.705,31.7,MEDIUM
76.6,128.7,0.0,1.7,7.2,55.7,0.457,17.6,LOW
142.0,301.0,1.0,1.5,5.9,51.5,0.573,39.3,MEDIUM
140.4,226.9,0.52,11.5,15.6,36.8,0.403,29.5,LOW
156.2,213.3,0.16,21.4,31.4,3.1,0.314,30.0,MEDIUM
70.2,121.9,0.16,18.8,21.3,88.2,0.19,9.5,LOW
137.6,233.7,1.46,3.4,0.9,5.4,0.66,33.5,MEDIUM
128.9,254.1,1.01,2.9,6.3,5.6,0.979,36.5,MEDIUM
182.0,245.9,0.3,19.4,31.4,8.5,0.429,39.3,MEDIUM
123.6,184.3,0.21,23.1,25.6,23.0,0.351,21.0,LOW
125.8,164.7,0.09,4.9,8.2,1.9,0.505,26.0,LOW
101.3,155.9,0.15,0.7,9.3,2.6,0.531,20.7,LOW
155.6,167.1,0.0,26.8,37.9,32.6,0.09,26.0,LOW
94.3,243.5,0.0,15.5,18.5,144.4,0.178,20.7,LOW
73.9,270.8,0.14,18.2,22.9,163.0,0.397,16.7,LOW
178.2,353.2,0.88,13.8,14.4,26.9,0.517,40.5,MEDIUM
114.1,209.3,0.01,33.5,34.3,65.3,0.065,16.3,LOW
102.1,175.8,0.0,36.7,55.9,52.2,0.207,17.5,LOW
119.3,163.0,0.0,58.4,84.0,45.9,0.298,18.1,LOW
113.6,182.1,0.0,26.6,28.3,175.0,0.57,22.4,LOW
146.4,192.9,0.55,16.4,13.1,39.3,0.531,29.4,LOW
73.6,176.7,0.18,3.9,4.2,72.6,0.658,17.3,LOW
125.3,195.2,1.43,4.4,1.1,44.6,0.781,32.3,MEDIUM
105.1,183.0,0.03,47.2,77.5,43.4,0.324,16.9,LOW
148.3,165.3,0.12,28.1,34.0,77.2,0.0,25.8,LOW
152.9,284.6,0.8,10.5,12.6,48.7,0.748,38.2,MEDIUM
204.7,251.1,0.48,16.5,24.1,15.7,0.332,41.0,MEDIUM
138.0,236.5,0.05,49.4,47.4,46.3,0.031,20.7,LOW
126.6,224.7,0.0,57.1,97.3,64.6,0.028,17.3,LOW
61.0,163.3,0.19,5.8,5.7,196.5,0.681,15.7,LOW
121.9,245.5,0.04,19.0,22.9,98.2,0.207,25.7,LOW
95.4,150.5,0.1,26.7,40.0,40.7,0.232,13.5,LOW
109.9,226.7,0.0,69.9,116.4,22.1,0.128,14.3,LOW
236.1,323.8,0.17,22.7,35.7,3.2,0.355,45.8,MEDIUM
195.4,319.9,0.26,19.5,24.6,37.7,0.424,47.2,MEDIUM
174.1,240.0,0.07,19.4,29.0,12.1,0.32,32.8,MEDIUM
150.3,283.1,0.97,1.3,9.0,32.2,0.863,40.9,MEDIUM
71.0,183.1,0.0,26.8,28.9,69.7,0.432,13.6,LOW
109.7,180.6,0.04,34.4,49.8,99.5,0.352,19.3,LOW
86.4,147.9,0.34,1.9,7.9,61.9,0.807,23.5,LOW
59.8,155.5,0.0,47.5,67.5,265.5,0.261,7.3,LOW
113.9,221.0,0.92,5.6,3.0,63.8,0.769,25.8,LOW
160.5,304.7,0.82,11.2,12.4,47.1,0.912,40.9,MEDIUM
250.4,312.9,3.06,4.0,4.7,12.2,0.865,72.1,HIGH
174.1,222.8,1.33,0.7,2.3,73.6,0.764,52.4,MEDIUM
210.6,227.0,0.0,53.9,92.1,2.0,0.0,35.0,MEDIUM
71.2,148.9,0.17,0.9,8.1,107.6,0.732,21.3,LOW
35.0,158.9,0.07,15.9,18.2,180.2,0.373,8.3,LOW
127.3,200.3,0.36,19.3,24.8,46.3,0.446,27.6,LOW
84.4,171.0,0.11,4.8,3.7,128.2,0.555,18.1,LOW
143.3,259.1,0.96,3.6,8.8,31.7,0.871,41.6,MEDIUM
129.1,176.6,0.96,3.6,8.3,5.8,0.484,25.7,LOW
210.8,290.6,1.65,5.3,9.5,12.1,0.401,43.3,MEDIUM
123.6,225.8,0.3,13.3,16.7,12.6,0.45,23.9,LOW
97.6,138.1,0.23,20.1,10.3,74.8,0.231,17.6,LOW
160.0,234.3,0.0,33.5,42.3,38.6,0.021,29.7,LOW
115.1,253.1,0.23,15.2,18.2,58.4,0.34,22.5,LOW
70.2,145.7,0.12,22.2,13.3,106.2,0.214,8.4,LOW
177.7,291.3,1.59,1.8,6.7,7.3,0.745,46.0,MEDIUM
180.7,231.3,0.06,25.0,36.1,4.4,0.201,30.5,MEDIUM
91.0,240.9,0.06,12.2,12.4,58.5,0.41,20.1,LOW
159.9,216.7,1.05,14.2,12.5,12.8,0.453,32.0,MEDIUM
167.6,240.5,0.0,49.7,83.4,70.2,0.262,24.8,LOW
106.8,166.5,0.42,1.4,1.7,69.8,0.978,26.0,LOW
109.0,201.6,0.2,14.6,13.3,86.7,0.469,26.4,LOW
92.3,125.7,0.17,15.5,23.3,93.2,0.465,18.6,LOW
111.0,171.3,0.04,24.4,34.7,94.0,0.273,19.0,LOW
148.6,288.7,0.21,23.3,33.3,94.3,0.387,31.8,MEDIUM
83.9,200.2,0.13,3.9,8.3,110.6,0.744,22.8,LOW
111.6,165.9,0.31,5.4,0.4,157.5,0.845,27.2,LOW
181.4,292.2,0.37,20.1,27.8,22.8,0.075,34.6,MEDIUM
69.0,135.7,0.08,16.9,22.5,151.2,0.372,8.1,LOW
151.1,240.9,1.56,2.0,2.5,56.1,0.791,44.3,MEDIUM
259.1,300.3,0.89,15.7,17.9,8.8,0.424,46.2,MEDIUM
212.1,289.9,2.83,4.2,5.3,19.2,0.534,56.0,HIGH
179.1,215.1,1.74,1.3,3.2,19.2,0.563,50.0,MEDIUM
145.1,205.1,0.33,16.6,21.5,5.7,0.533,28.9,LOW
79.9,140.8,0.0,22.5,28.2,47.3,0.212,11.8,LOW
77.4,105.3,0.08,18.3,24.4,98.6,0.122,8.4,LOW
187.7,248.1,1.32,1.4,9.4,7.9,0.884,51.9,MEDIUM
50.8,157.7,0.0,15.9,23.3,205.3,0.493,11.0,LOW
136.3,203.8,0.21,12.3,15.5,52.8,0.471,26.4,LOW
164.0,263.7,0.65,18.0,18.2,42.0,0.253,29.6,LOW
123.6,145.9,0.14,31.1,32.0,36.2,0.214,16.3,LOW
223.4,254.7,0.61,14.8,22.8,33.6,0.625,45.9,MEDIUM
93.0,160.9,0.0,28.8,25.1,11.5,0.011,13.6,LOW
87.3,131.3,0.2,28.2,41.2,65.8,0.024,11.5,LOW
183.3,241.6,1.29,9.0,11.7,24.0,0.465,37.8,MEDIUM
145.2,202.3,0.32,12.2,18.7,6.2,0.487,29.3,LOW
85.3,127.9,0.06,17.2,26.1,119.5,0.328,10.8,LOW
236.9,293.6,0.06,30.5,44.7,9.7,0.333,43.8,MEDIUM
106.9,204.5,0.16,5.5,7.6,216.7,0.806,28.6,LOW
173.7,368.0,0.28,29.2,36.9,38.3,0.29,36.2,MEDIUM
145.7,209.2,0.56,1.1,8.3,13.4,0.848,36.4,MEDIUM
79.9,198.3,0.0,8.9,10.1,131.5,0.601,20.8,LOW
97.4,142.8,0.18,12.4,14.0,53.1,0.489,19.4,LOW
157.9,214.7,1.58,0.6,3.1,3.9,0.586,46.4,MEDIUM
237.4,268.5,0.12,36.7,54.1,25.7,0.03,44.3,MEDIUM
115.7,140.1,0.06,31.1,49.5,54.7,0.028,14.5,LOW
139.1,186.5,0.1,53.1,77.0,78.0,0.074,18.6,LOW
44.2,132.6,0.13,16.7,22.7,106.0,0.445,6.0,LOW
179.3,207.5,0.29,19.5,28.6,5.8,0.15,34.1,MEDIUM
89.4,180.4,0.05,4.8,9.0,40.6,0.672,20.6,LOW
48.9,138.7,0.0,2.5,0.9,149.3,0.593,12.0,LOW
128.8,171.2,0.09,23.9,33.4,34.4,0.147,24.4,LOW
226.9,307.5,3.1,2.7,5.7,11.9,0.625,66.4,HIGH
99.7,190.9,0.29,4.9,7.4,137.1,0.49,22.1,LOW
113.2,198.1,0.0,95.0,124.7,68.5,0.109,13.6,LOW
87.4,159.9,0.3,1.5,4.3,87.7,0.729,21.8,LOW
154.2,290.0,1.33,4.1,2.5,58.9,0.802,42.4,MEDIUM
169.1,250.2,2.11,2.2,2.2,20.7,0.665,51.7,MEDIUM
137.7,190.6,0.19,19.1,26.9,54.1,0.312,25.7,LOW
185.9,301.3,1.06,12.3,11.4,11.9,0.769,48.3,MEDIUM
145.9,202.3,0.88,8.8,10.3,41.4,0.319,25.4,LOW
195.2,252.1,0.41,16.4,20.1,49.2,0.608,39.7,MEDIUM
257.8,385.4,4.05,1.1,2.9,8.9,1.0,94.2,CRITICAL
169.3,270.4,2.31,4.3,3.7,7.5,0.789,48.2,MEDIUM
81.7,169.5,0.0,38.3,62.5,16.2,0.123,10.7,LOW
128.5,200.5,0.0,34.4,53.3,14.5,0.416,22.2,LOW
76.9,145.0,0.11,19.9,20.9,66.3,0.313,14.7,LOW
92.6,157.9,0.12,39.4,61.5,49.4,0.06,13.4,LOW
137.1,238.9,1.41,2.3,2.2,14.1,0.673,37.0,MEDIUM
140.0,223.0,0.58,15.2,20.4,20.7,0.35,31.1,MEDIUM
153.3,231.0,0.11,18.7,28.8,34.7,0.237,28.1,LOW
177.2,256.5,0.15,32.5,46.5,3.0,0.384,33.8,MEDIUM
155.7,209.4,0.3,20.1,21.7,76.0,0.241,25.4,LOW
93.3,180.7,0.04,18.7,21.3,13.4,0.374,18.0,LOW
86.9,202.0,0.3,5.3,8.8,11.3,0.431,23.1,LOW
143.7,186.9,0.25,22.2,27.7,38.2,0.334,30.0,MEDIUM
125.2,213.5,1.37,5.6,3.6,30.5,0.467,26.5,LOW
141.5,182.6,0.08,30.3,49.0,49.5,0.061,21.1,LOW
121.0,177.7,0.16,19.1,17.2,151.9,0.357,22.2,LOW
121.1,288.4,1.15,5.2,3.1,23.3,0.809,37.1,MEDIUM
100.4,167.9,0.07,2.3,9.1,119.7,0.797,25.7,LOW
234.1,308.9,1.34,12.9,15.8,7.6,0.553,53.1,MEDIUM
67.2,110.3,0.09,61.3,87.9,191.5,0.049,6.3,LOW
163.9,207.9,0.13,20.1,28.4,3.5,0.307,32.9,MEDIUM
122.1,189.9,0.02,30.8,39.5,8.3,0.352,23.4,LOW
118.0,233.8,0.02,68.2,115.9,39.0,0.0,15.0,LOW
84.0,175.5,0.08,24.2,34.5,50.3,0.429,15.9,LOW
138.1,214.5,1.16,1.8,2.1,43.2,0.93,39.3,MEDIUM
108.9,151.3,0.0,22.2,31.2,85.7,0.203,18.9,LOW
114.1,156.5,0.0,26.8,37.3,195.5,0.169,18.5,LOW
191.6,237.0,1.36,5.4,9.6,3.7,0.562,42.9,MEDIUM
108.5,159.4,0.32,3.0,4.6,6.0,0.49,23.0,LOW
221.4,313.4,0.74,14.6,20.6,1.2,0.376,43.9,MEDIUM
127.5,230.9,0.0,90.0,155.8,10.5,0.217,18.3,LOW
218.0,244.7,0.16,24.9,38.5,13.0,0.139,37.2,MEDIUM
84.3,189.7,0.21,32.6,51.4,99.6,0.416,13.2,LOW
202.9,302.0,0.25,32.2,37.2,2.7,0.156,40.7,MEDIUM
218.9,275.1,1.62,22.1,10.8,24.7,0.648,46.1,MEDIUM
76.2,158.8,0.28,17.3,24.2,20.0,0.298,9.9,LOW
165.2,169.8,0.1,44.4,73.5,37.1,0.114,24.5,LOW
165.9,229.3,1.25,4.4,9.2,7.3,0.535,37.9,MEDIUM
120.6,241.7,0.65,5.0,1.6,37.1,0.551,27.8,LOW
120.8,254.3,0.01,117.3,190.6,20.1,0.208,16.5,LOW
111.7,213.3,0.45,12.6,12.7,66.6,0.554,26.8,LOW
100.6,198.2,0.0,66.8,116.0,58.7,0.21,15.7,LOW
49.7,93.2,0.1,15.5,22.6,182.0,0.233,5.8,LOW
189.4,246.1,0.56,18.1,20.8,23.1,0.486,36.6,MEDIUM
116.4,191.1,0.06,23.1,26.6,81.3,0.172,18.9,LOW
125.5,197.7,0.16,14.4,21.8,2.2,0.25,23.9,LOW
256.4,258.2,0.04,50.3,82.4,8.4,0.143,40.2,MEDIUM
211.4,263.6,1.24,25.4,13.7,6.8,0.324,42.1,MEDIUM
94.4,225.0,0.0,2.0,4.3,237.6,0.746,28.3,LOW
157.4,234.8,0.1,43.3,49.1,3.7,0.249,25.3,LOW
137.8,240.9,0.25,24.9,28.9,12.6,0.426,24.2,LOW
111.9,181.1,1.01,1.2,1.1,38.6,0.984,36.0,MEDIUM
222.5,266.3,0.32,20.8,28.7,31.1,0.169,47.0,MEDIUM
207.4,264.8,0.09,28.6,41.9,10.2,0.48,41.6,MEDIUM
101.6,161.9,0.06,3.9,9.7,190.3,0.966,24.7,LOW
171.3,245.1,0.72,10.9,13.4,4.6,0.461,37.5,MEDIUM
128.2,186.9,0.87,3.7,3.4,25.9,0.438,27.0,LOW
147.6,286.0,0.77,2.0,8.7,61.5,0.531,37.1,MEDIUM
96.7,202.4,0.0,27.8,28.5,16.9,0.194,20.5,LOW
135.6,225.3,1.29,3.7,1.0,53.6,0.992,34.3,MEDIUM
163.9,229.8,0.28,26.6,37.7,8.2,0.279,32.0,MEDIUM
198.4,228.2,0.18,48.6,72.9,16.5,0.022,32.5,MEDIUM
168.7,228.8,2.21,4.8,3.1,2.5,0.556,40.3,MEDIUM
190.0,253.1,1.1,16.7,14.8,22.1,0.212,35.2,MEDIUM
85.6,166.7,0.69,2.4,6.1,1.1,0.857,20.5,LOW
80.6,147.7,0.05,17.1,16.8,85.5,0.39,17.4,LOW
95.0,156.1,0.06,24.1,39.9,12.6,0.621,22.6,LOW
125.7,226.0,0.22,20.1,26.9,4.7,0.453,29.8,LOW
147.2,238.2,0.28,17.7,13.3,11.4,0.519,30.0,MEDIUM
120.5,188.1,0.32,1.8,5.5,53.1,0.707,28.5,LOW
157.0,195.7,0.07,58.7,101.1,25.1,0.0,25.7,LOW
101.4,195.4,0.0,4.5,7.9,150.5,0.538,22.7,LOW
158.5,226.5,1.44,4.8,9.3,8.1,0.454,32.5,MEDIUM
177.2,284.6,2.07,5.7,0.3,44.9,0.772,44.7,MEDIUM
114.0,159.8,0.07,63.7,111.5,14.2,0.005,11.8,LOW
72.5,149.1,0.0,27.0,38.2,111.5,0.415,8.5,LOW
72.7,199.9,0.11,34.8,50.0,43.6,0.22,16.0,LOW
68.3,145.2,0.1,31.8,48.7,132.5,0.18,7.9,LOW
161.7,210.4,1.17,15.8,13.5,2.3,0.25,31.7,MEDIUM
194.0,256.6,1.02,15.1,15.0,16.6,0.483,40.2,MEDIUM
98.5,148.0,0.2,27.6,42.2,45.4,0.232,15.4,LOW
74.1,135.9,0.0,20.2,32.3,225.3,0.491,13.4,LOW
120.2,252.0,1.12,1.3,2.3,16.8,0.652,33.4,MEDIUM
60.0,154.9,0.0,13.2,17.5,143.6,0.564,11.8,LOW
177.5,216.9,0.08,49.4,81.9,33.4,0.357,32.4,MEDIUM
131.6,196.7,0.24,20.9,23.3,38.9,0.388,25.7,LOW
124.6,195.3,0.0,29.4,25.5,82.1,0.364,22.6,LOW
176.4,274.9,1.45,5.4,7.9,30.4,0.731,38.8,MEDIUM
128.7,231.6,0.0,64.0,100.9,28.6,0.347,21.7,LOW
126.3,152.9,0.02,36.7,61.4,24.1,0.24,18.8,LOW
190.8,299.2,0.61,16.9,18.1,28.9,0.512,40.7,MEDIUM
142.3,215.2,0.52,12.0,11.2,64.5,0.491,28.3,LOW
156.9,284.7,1.55,4.7,8.3,6.3,0.547,37.6,MEDIUM
168.8,210.1,0.69,11.8,13.4,6.4,0.319,32.4,MEDIUM
152.0,222.3,1.56,4.4,4.4,18.4,0.862,37.0,MEDIUM
102.4,195.6,0.42,2.2,7.2,54.6,0.581,26.8,LOW
167.5,248.3,2.14,0.6,1.4,11.3,0.892,60.6,HIGH
88.4,140.6,0.13,30.6,49.5,104.8,0.298,10.3,LOW
133.6,221.9,1.26,3.3,2.4,6.5,0.839,33.0,MEDIUM
89.2,198.9,0.52,2.1,1.5,95.8,0.659,23.3,LOW
148.1,196.7,0.04,32.7,49.0,48.0,0.098,25.4,LOW
163.3,244.0,0.26,18.2,19.6,59.3,0.443,31.7,MEDIUM
102.3,234.1,0.0,24.9,32.5,70.6,0.251,17.2,LOW
202.3,331.0,0.23,29.4,43.7,21.6,0.063,39.7,MEDIUM
99.5,247.9,0.23,14.9,17.3,23.5,0.732,26.1,LOW
120.7,213.9,0.0,23.9,33.9,58.8,0.189,22.0,LOW
53.7,130.3,0.0,13.6,18.6,90.2,0.316,6.5,LOW
184.3,180.7,0.01,78.8,95.1,8.5,0.0,28.5,LOW
144.6,225.8,0.09,28.6,42.5,10.4,0.443,29.8,LOW
133.9,215.1,0.78,2.1,9.3,13.5,0.411,29.8,LOW
229.9,263.3,0.8,14.9,18.2,24.5,0.616,48.3,MEDIUM
130.6,218.2,0.67,5.6,5.7,61.5,0.503,27.9,LOW
158.9,204.4,0.28,22.2,32.0,12.3,0.369,29.7,LOW
124.9,206.3,1.0,1.3,7.2,43.0,0.657,29.5,LOW
144.0,231.0,0.42,15.5,18.4,59.2,0.728,32.5,MEDIUM
142.9,191.7,0.29,15.2,19.0,42.2,0.455,30.0,MEDIUM
100.8,141.0,0.23,24.3,20.6,18.6,0.196,13.2,LOW
246.5,320.7,2.62,5.6,7.3,16.2,0.593,60.9,HIGH
136.4,231.9,0.13,14.7,18.9,44.9,0.458,26.3,LOW
121.3,207.8,0.06,29.6,47.1,68.6,0.272,19.6,LOW
164.8,271.2,1.35,3.3,7.6,15.7,0.768,40.2,MEDIUM
60.0,182.2,0.13,9.7,10.9,143.3,0.542,15.4,LOW
178.9,262.9,0.19,25.2,30.4,33.4,0.085,31.8,MEDIUM
133.0,266.8,1.11,5.1,5.9,36.0,0.601,30.3,MEDIUM
124.3,175.1,0.14,47.3,76.1,156.6,0.211,20.0,LOW
102.0,197.4,0.06,23.1,36.5,65.3,0.217,18.0,LOW
93.2,242.5,0.0,23.1,36.6,140.8,0.418,18.2,LOW
202.3,231.6,0.17,27.8,31.6,45.4,0.268,40.8,MEDIUM
246.4,344.3,2.29,2.1,9.5,7.4,0.704,68.5,HIGH
205.2,260.5,1.1,16.1,15.4,3.8,0.599,45.3,MEDIUM
158.0,222.1,0.5,16.4,18.1,56.7,0.155,27.5,LOW
138.3,188.0,0.34,18.3,19.5,40.4,0.284,22.9,LOW
52.9,156.2,0.04,27.2,34.9,174.1,0.454,12.0,LOW
71.3,196.9,0.06,4.0,9.6,166.5,0.957,21.3,LOW
87.2,202.6,0.14,12.0,15.4,149.7,0.838,24.5,LOW
80.7,125.2,0.0,57.6,87.6,51.2,0.087,9.9,LOW
112.9,249.5,0.02,43.8,71.9,54.0,0.208,16.5,LOW
89.2,178.4,0.05,3.6,9.1,26.6,0.816,23.3,LOW
142.8,178.0,0.08,24.3,27.8,68.2,0.494,25.2,LOW
126.9,214.6,0.79,5.6,6.4,41.6,0.687,31.1,MEDIUM
178.3,252.6,1.42,13.8,10.5,17.4,0.6,37.6,MEDIUM
111.3,194.1,0.4,1.5,10.0,36.8,0.823,27.2,LOW
118.0,188.6,0.17,20.9,27.0,26.3,0.425,20.0,LOW
134.3,248.6,0.0,48.0,66.5,31.3,0.0,21.0,LOW
163.7,210.4,0.91,15.4,16.1,7.6,0.382,28.6,LOW
122.7,155.7,0.16,59.2,75.9,31.0,0.0,18.8,LOW
178.9,242.3,0.0,34.2,55.9,8.6,0.026,30.0,MEDIUM
214.6,261.7,0.68,16.4,19.1,37.6,0.167,42.5,MEDIUM
194.4,287.5,0.36,25.0,28.7,7.9,0.231,37.7,MEDIUM
107.6,242.5,0.21,18.6,24.2,53.9,0.34,22.7,LOW
110.4,177.4,0.0,37.6,45.1,32.4,0.194,14.4,LOW
110.7,178.7,0.3,17.2,22.7,63.8,0.486,23.0,LOW
147.3,202.6,0.31,34.9,18.1,38.3,0.226,22.7,LOW
167.8,223.8,0.3,38.7,23.1,60.6,0.132,31.1,MEDIUM
107.9,146.7,0.09,19.2,21.9,20.1,0.234,16.0,LOW
152.4,226.1,1.02,1.6,7.6,27.1,0.881,42.6,MEDIUM
219.3,345.1,4.0,5.7,0.8,18.7,0.621,66.3,HIGH
99.4,145.8,0.21,10.3,12.9,9.8,0.465,20.4,LOW
257.0,349.8,2.01,9.3,11.4,4.3,0.523,51.1,MEDIUM
115.0,201.2,0.0,96.0,149.5,57.2,0.0,10.1,LOW
185.7,229.8,0.56,18.7,21.1,13.0,0.299,37.6,MEDIUM
114.7,200.0,0.26,17.5,22.4,64.9,0.312,23.3,LOW
214.3,240.9,0.26,21.1,27.4,9.1,0.301,40.0,MEDIUM
245.0,289.6,0.1,18.5,29.8,22.5,0.479,49.2,MEDIUM
114.5,201.5,0.6,1.0,4.6,41.1,0.829,31.2,MEDIUM
184.3,254.0,0.74,13.0,16.5,24.0,0.708,42.3,MEDIUM
72.6,156.1,0.02,4.0,2.3,87.0,0.864,22.2,LOW
92.4,261.2,0.62,0.8,0.2,46.8,1.0,33.2,MEDIUM
169.1,207.1,0.64,18.7,18.4,15.5,0.462,30.3,MEDIUM
174.5,206.2,0.13,62.6,99.8,23.6,0.147,27.2,LOW
75.4,121.4,0.0,11.8,16.2,115.3,0.426,11.4,LOW
116.9,313.4,1.01,0.9,2.0,19.3,0.895,45.0,MEDIUM
120.8,189.2,0.68,3.8,8.9,22.3,0.589,26.3,LOW
94.9,162.2,0.55,3.5,5.3,52.4,0.474,21.9,LOW
41.0,222.6,0.0,43.8,32.5,152.1,0.368,8.2,LOW
95.8,206.4,0.59,3.7,9.8,37.3,0.504,20.8,LOW
201.6,305.7,0.33,19.2,26.2,11.7,0.437,45.3,MEDIUM
47.3,79.3,0.0,11.7,14.0,300.0,0.369,4.1,LOW
262.2,339.0,0.53,20.9,26.0,10.5,0.515,51.9,MEDIUM
100.7,166.6,0.12,19.3,24.1,59.7,0.559,19.5,LOW
149.4,247.9,0.0,35.6,55.2,15.4,0.272,25.8,LOW
73.0,197.6,0.16,3.1,9.4,118.5,0.894,23.3,LOW
76.2,119.4,0.05,9.3,10.8,66.4,0.552,13.4,LOW
155.7,227.5,0.74,12.5,16.4,14.0,0.821,35.1,MEDIUM
137.9,194.4,0.34,13.8,18.8,3.9,0.573,28.6,LOW
68.0,172.3,0.25,4.6,6.0,144.9,0.531,14.4,LOW
129.1,185.4,0.29,14.3,20.3,42.7,0.461,24.8,LOW
168.8,206.5,0.17,24.3,33.5,34.9,0.28,30.4,MEDIUM
59.5,118.3,0.16,6.0,7.7,184.3,0.593,13.5,LOW
64.9,76.1,0.02,33.6,53.9,106.5,0.0,2.6,LOW
132.2,192.9,0.12,35.2,44.8,13.8,0.254,19.6,LOW
139.3,190.1,0.0,28.6,41.5,24.8,0.047,22.9,LOW
238.1,256.2,0.3,31.3,35.0,14.4,0.0,40.5,MEDIUM
49.8,172.3,0.0,20.1,26.9,111.3,0.306,8.8,LOW
68.2,142.7,0.16,15.1,16.8,115.1,0.323,13.1,LOW
71.2,137.6,0.06,19.6,27.7,210.0,0.236,9.8,LOW
214.3,251.6,0.11,32.5,48.2,32.7,0.0,35.3,MEDIUM
97.5,173.2,0.15,17.4,14.4,17.8,0.272,16.3,LOW
199.7,322.1,2.38,2.0,4.8,14.2,0.712,60.4,HIGH
92.9,150.6,0.0,51.7,78.9,157.6,0.006,8.9,LOW
92.5,176.2,0.0,39.7,65.2,74.1,0.222,12.9,LOW
142.6,210.5,0.35,16.0,11.4,95.0,0.63,28.4,LOW
113.5,176.9,0.11,11.3,12.7,87.6,0.586,22.0,LOW
140.9,205.6,0.02,32.1,39.5,21.5,0.376,27.1,LOW
85.2,228.9,0.15,14.4,14.9,86.6,0.616,21.4,LOW
137.4,223.1,0.54,25.1,15.3,10.3,0.141,24.5,LOW
105.6,150.2,0.2,14.2,19.9,59.5,0.518,21.9,LOW
182.8,287.0,1.64,2.3,7.0,28.9,0.88,48.4,MEDIUM
116.4,158.2,0.15,15.8,21.0,85.7,0.36,20.1,LOW
192.6,288.7,2.03,2.3,6.3,9.5,0.612,56.4,HIGH
111.8,174.7,0.29,9.2,11.4,66.3,0.632,28.0,LOW
118.9,202.4,0.52,4.7,8.8,21.1,0.441,23.8,LOW
73.1,131.0,0.3,2.4,2.2,71.2,0.563,13.5,LOW
125.2,180.6,0.02,33.5,52.7,103.5,0.109,15.1,LOW
103.6,161.2,0.18,10.4,10.2,27.3,0.595,21.0,LOW
89.1,189.3,0.41,4.2,9.4,44.7,0.709,23.7,LOW
151.5,270.9,0.0,109.2,165.3,27.9,0.165,21.6,LOW
196.3,256.3,0.35,16.5,22.8,23.3,0.275,35.7,MEDIUM
85.7,175.3,0.44,3.0,1.6,9.5,0.565,19.2,LOW
126.4,264.2,0.54,17.9,14.4,37.4,0.469,26.8,LOW
58.5,154.3,0.0,11.2,10.7,145.2,0.392,8.5,LOW
181.2,214.6,0.67,33.6,16.7,32.5,0.118,29.5,LOW
158.8,276.3,0.79,3.8,5.5,65.1,0.407,37.2,MEDIUM
117.3,183.9,0.65,5.1,5.0,95.8,0.697,28.2,LOW
93.2,165.1,0.26,3.3,2.6,34.9,0.932,26.0,LOW
94.9,163.9,0.11,22.3,32.5,120.7,0.173,17.0,LOW
117.6,244.2,1.33,3.1,0.9,4.2,0.86,33.0,MEDIUM
70.0,173.8,0.0,31.0,38.9,300.0,0.222,9.8,LOW
216.3,278.0,2.42,2.0,4.6,30.0,0.475,61.1,HIGH
46.5,155.4,0.0,23.0,36.5,226.9,0.184,3.8,LOW
98.1,284.9,0.0,21.1,32.4,82.9,0.2,21.7,LOW
119.8,181.3,0.23,17.5,27.9,18.4,0.35,23.2,LOW
120.2,225.3,1.19,3.3,1.2,44.6,0.763,31.5,MEDIUM
160.3,246.6,1.06,11.3,11.2,2.1,0.787,36.7,MEDIUM
125.9,169.2,0.34,20.2,26.9,56.8,0.141,21.4,LOW
98.0,203.4,0.81,1.9,0.7,76.3,0.667,28.4,LOW
231.7,300.0,2.11,5.1,9.7,9.1,0.517,52.7,MEDIUM
193.2,231.5,1.05,11.8,13.1,25.9,0.309,36.5,MEDIUM
195.8,232.6,0.0,33.1,52.8,53.0,0.227,38.7,MEDIUM
116.4,191.2,0.73,2.6,6.9,30.1,0.72,28.9,LOW
206.3,300.0,2.63,1.2,5.7,21.8,0.49,66.5,HIGH
119.6,153.1,0.0,76.2,85.7,21.9,0.041,12.7,LOW
88.2,192.0,0.0,12.3,11.6,12.2,0.308,15.2,LOW
133.2,228.8,0.45,18.9,11.7,58.5,0.378,28.2,LOW
124.8,147.2,0.13,23.7,36.2,44.4,0.5,17.4,LOW
113.8,209.4,0.04,19.7,30.9,134.3,0.434,26.6,LOW
86.2,138.1,0.05,13.0,14.7,63.4,0.503,18.8,LOW
154.3,221.2,0.39,16.1,24.3,11.8,0.34,28.6,LOW
123.0,196.3,0.29,11.7,10.4,42.5,0.51,28.2,LOW
73.7,147.9,0.0,20.4,30.1,89.2,0.438,13.1,LOW
78.1,167.8,0.0,1.8,4.0,293.7,0.813,20.9,LOW
165.1,263.8,2.12,3.4,4.0,2.1,0.682,43.9,MEDIUM
112.3,190.5,0.36,10.6,11.2,40.3,0.557,26.3,LOW
169.3,283.6,2.8,5.5,0.6,22.5,0.444,45.1,MEDIUM
194.9,277.8,1.67,2.2,6.7,17.4,0.624,51.7,MEDIUM
135.2,188.1,0.44,14.3,18.8,46.6,0.557,25.6,LOW
110.6,205.9,0.35,18.2,10.9,42.7,0.513,24.2,LOW
158.4,217.9,1.14,2.0,3.9,81.4,0.754,42.6,MEDIUM
122.0,256.6,0.08,90.3,156.2,21.6,0.243,19.9,LOW
133.9,174.8,0.03,34.5,49.2,14.5,0.278,21.9,LOW
52.2,143.5,0.2,2.7,7.7,53.5,0.682,12.6,LOW
96.0,212.9,0.0,35.2,46.2,10.3,0.013,11.8,LOW
165.4,222.6,0.13,41.2,64.6,83.5,0.37,30.0,MEDIUM
148.0,211.4,0.34,27.6,35.0,94.9,0.381,29.5,LOW
84.3,166.9,0.05,5.8,1.6,164.1,0.904,27.0,LOW
174.4,249.4,0.43,18.4,21.1,9.9,0.709,39.9,MEDIUM
150.3,281.3,0.43,15.7,18.6,44.9,0.233,33.3,MEDIUM
116.8,169.2,0.24,13.6,19.4,75.5,0.272,20.8,LOW
90.4,206.0,0.06,5.1,3.2,140.9,0.222,18.7,LOW
173.1,257.1,0.04,23.5,31.6,60.1,0.45,34.3,MEDIUM
122.8,225.4,0.19,34.2,53.6,34.7,0.302,22.7,LOW
91.3,162.4,0.5,1.3,2.4,39.4,0.773,21.1,LOW
194.5,312.7,1.86,3.9,8.1,10.0,0.501,49.3,MEDIUM
102.7,156.4,0.42,4.9,0.5,173.0,0.645,27.1,LOW
104.7,185.1,0.0,29.9,43.7,37.9,0.269,17.9,LOW
100.2,149.8,0.08,73.5,120.5,38.8,0.16,11.0,LOW
185.0,240.8,2.74,4.7,0.7,7.3,0.703,58.6,HIGH
103.8,145.0,0.03,34.2,57.4,104.1,0.303,18.3,LOW
173.1,271.3,0.57,13.7,14.9,52.0,0.444,40.2,MEDIUM
85.5,144.2,0.1,47.2,72.5,281.5,0.298,12.5,LOW
147.4,227.0,0.0,61.0,94.2,39.0,0.164,21.1,LOW
108.0,190.8,0.21,27.7,40.7,91.3,0.086,16.3,LOW
84.0,149.3,0.22,3.2,3.6,178.7,0.913,23.0,LOW
94.6,202.5,0.01,13.9,20.2,2.6,0.643,22.2,LOW
161.2,341.3,2.14,4.5,4.9,1.9,0.737,43.7,MEDIUM
164.3,220.6,0.02,68.5,118.5,7.8,0.094,25.0,LOW
136.8,220.2,0.24,24.5,16.2,87.3,0.55,26.0,LOW
190.0,290.6,1.32,3.7,6.5,34.4,0.445,39.9,MEDIUM
68.8,175.8,0.19,1.6,9.1,37.0,0.936,20.2,LOW
215.1,271.7,0.07,55.4,84.5,20.4,0.016,35.6,MEDIUM
70.8,189.1,0.03,0.8,3.1,199.5,0.939,22.5,LOW
35.0,100.6,0.01,35.7,33.0,252.7,0.21,3.4,LOW
73.7,120.9,0.0,36.8,55.5,182.7,0.0,10.3,LOW
151.1,195.4,0.66,15.2,13.2,64.4,0.36,28.6,LOW
131.5,305.3,0.22,20.2,27.5,10.3,0.509,27.0,LOW
102.8,164.3,0.09,20.4,20.5,104.3,0.322,17.1,LOW
117.8,202.4,0.42,25.9,15.5,52.9,0.191,19.6,LOW
128.0,179.1,0.54,12.7,13.0,47.9,0.387,19.9,LOW
131.7,243.0,1.21,2.5,2.0,53.1,0.819,36.4,MEDIUM
153.6,267.1,1.33,0.8,8.7,9.7,1.0,47.9,MEDIUM
220.0,295.0,2.85,2.7,5.1,22.9,0.398,61.4,HIGH
175.0,242.0,0.5,16.6,15.4,17.4,0.832,40.8,MEDIUM
135.9,213.4,0.14,22.8,35.3,21.9,0.352,25.5,LOW
160.1,278.5,1.83,5.1,7.0,13.4,0.74,39.8,MEDIUM
195.5,274.5,1.77,5.1,8.5,4.9,0.586,43.3,MEDIUM
153.9,223.7,1.38,9.3,10.0,11.3,0.552,34.5,MEDIUM
199.0,244.3,0.02,29.1,39.4,10.9,0.278,36.2,MEDIUM
79.5,193.9,0.0,34.1,50.0,72.4,0.047,11.8,LOW
121.7,193.4,0.72,0.7,3.9,64.4,0.657,30.0,MEDIUM
98.9,202.8,0.06,38.0,58.7,168.7,0.353,16.1,LOW
128.0,189.9,0.11,26.9,38.6,49.7,0.04,20.7,LOW
142.9,242.8,1.89,0.9,2.6,19.8,0.838,48.4,MEDIUM
119.5,152.6,0.0,21.8,27.9,69.7,0.278,18.5,LOW
105.0,254.3,0.07,16.6,22.6,124.8,0.268,22.4,LOW
122.2,207.0,0.09,49.4,18.8,9.3,0.407,19.2,LOW
111.7,179.8,0.75,4.2,2.2,85.2,0.534,26.4,LOW
144.7,218.1,0.19,18.8,26.3,24.0,0.208,26.4,LOW
93.3,166.7,0.19,15.3,19.6,88.2,0.406,16.8,LOW
164.2,241.7,1.51,3.2,8.0,1.1,0.587,40.0,MEDIUM
122.4,203.4,0.48,11.3,15.1,49.4,0.509,26.1,LOW
93.6,143.2,0.0,28.1,36.9,9.8,0.283,14.2,LOW
178.5,268.0,3.38,1.3,1.4,17.6,0.794,70.5,HIGH
176.8,238.7,0.93,15.0,13.9,9.4,0.421,35.6,MEDIUM
64.2,96.9,0.0,38.9,46.2,77.9,0.063,2.4,LOW
145.1,208.8,0.6,21.2,14.2,2.7,0.439,29.7,LOW
109.9,158.9,0.0,31.7,49.2,100.1,0.209,15.5,LOW
175.9,233.5,1.66,4.9,4.7,11.0,0.582,40.8,MEDIUM
185.7,291.9,0.0,22.9,37.1,25.3,0.542,38.1,MEDIUM
180.6,201.7,0.0,44.6,69.6,9.5,0.116,31.7,MEDIUM
138.8,238.2,0.82,1.7,4.0,78.3,0.911,36.7,MEDIUM
75.5,125.1,0.1,29.7,44.3,84.4,0.428,13.0,LOW
174.2,274.1,1.28,0.9,7.8,6.8,0.964,51.5,MEDIUM
148.1,230.2,1.05,4.6,3.3,5.9,0.769,36.4,MEDIUM
110.3,312.9,1.18,3.8,2.8,17.3,0.686,30.7,MEDIUM
252.7,433.4,1.58,13.8,13.2,14.4,0.451,53.3,MEDIUM
202.1,267.0,3.52,2.7,0.6,11.3,0.682,70.0,HIGH
152.1,199.7,0.9,4.3,7.2,10.5,0.348,31.3,MEDIUM
99.4,157.4,0.1,20.1,13.3,11.4,0.466,19.7,LOW
177.9,248.1,0.71,16.8,14.9,36.7,0.445,37.7,MEDIUM
111.0,189.0,0.6,5.5,6.0,35.0,0.766,27.7,LOW
174.6,250.5,0.84,0.7,9.8,58.5,0.761,50.0,MEDIUM
109.7,188.0,0.57,4.0,5.2,47.9,0.783,25.7,LOW
107.8,184.4,0.47,1.7,7.2,78.0,0.541,23.7,LOW
95.1,124.2,0.05,19.5,30.1,12.9,0.192,8.3,LOW
96.9,138.1,0.0,17.1,13.6,125.9,0.032,13.2,LOW
124.6,278.1,0.16,23.4,34.3,12.8,0.294,23.7,LOW
137.4,193.2,0.5,3.1,7.1,56.3,0.591,30.2,MEDIUM
151.2,264.1,1.09,2.8,0.9,89.1,0.579,34.5,MEDIUM
99.4,191.5,0.07,21.8,19.5,49.8,0.385,18.3,LOW
175.6,215.1,0.14,28.2,31.6,12.6,0.195,31.2,MEDIUM
123.4,182.2,0.99,2.6,2.7,21.6,0.505,24.7,LOW
112.8,176.4,0.17,22.2,28.5,81.7,0.712,24.7,LOW
66.9,146.1,0.34,1.5,3.3,117.3,0.746,16.5,LOW
195.8,225.1,1.4,4.9,9.2,1.2,0.495,39.7,MEDIUM
132.5,174.7,0.08,19.7,20.6,72.2,0.263,24.2,LOW
107.5,167.4,0.41,2.6,2.7,150.3,0.695,25.5,LOW
219.1,330.2,0.59,23.8,24.6,11.7,0.282,41.2,MEDIUM
120.7,230.2,0.18,13.3,19.2,19.1,0.665,27.7,LOW
86.0,124.7,0.08,20.4,27.0,75.9,0.342,11.3,LOW
105.6,234.7,0.75,5.4,2.2,15.8,0.923,32.9,MEDIUM
183.9,259.8,2.01,2.5,7.5,14.6,0.66,48.6,MEDIUM
103.7,156.4,0.0,40.9,41.4,24.1,0.22,13.7,LOW
233.5,369.5,3.71,5.1,0.8,5.7,0.805,74.6,HIGH
179.3,256.6,0.11,30.5,43.7,57.7,0.415,36.1,MEDIUM
74.4,156.6,0.0,27.8,32.8,81.7,0.46,11.6,LOW
104.2,156.4,0.37,3.5,2.6,82.6,0.655,23.6,LOW
122.5,193.4,0.54,2.6,4.4,67.2,0.72,29.8,LOW
153.2,182.0,0.09,28.3,37.8,36.4,0.0,20.4,LOW
78.1,165.3,0.0,11.1,16.7,203.8,0.483,16.8,LOW
64.8,121.5,0.1,11.2,13.9,117.6,0.675,12.9,LOW
184.0,237.0,1.29,4.4,8.0,39.6,0.806,41.2,MEDIUM
149.8,207.4,0.58,19.5,14.5,18.1,0.354,32.0,MEDIUM
101.8,217.1,0.49,13.8,11.3,49.8,0.716,23.2,LOW
100.2,297.4,0.12,18.0,13.4,2.6,0.332,24.3,LOW
138.8,189.6,0.1,31.4,44.6,78.0,0.121,23.2,LOW
69.5,141.7,0.29,4.8,1.1,38.7,0.589,12.0,LOW
210.1,228.6,0.1,35.2,54.9,9.0,0.028,34.1,MEDIUM
125.7,220.0,0.55,3.2,8.7,58.8,0.799,29.9,LOW
269.9,378.5,2.66,2.8,8.5,4.7,0.757,71.7,HIGH
89.2,177.5,0.26,29.5,28.5,234.7,0.337,16.6,LOW
218.2,262.7,0.0,43.7,49.3,11.7,0.077,41.0,MEDIUM
104.8,143.0,0.0,26.4,20.6,145.5,0.27,14.3,LOW
111.1,194.8,0.57,3.7,7.1,64.6,0.364,27.1,LOW
123.3,184.1,1.09,3.7,2.9,20.8,0.746,31.1,MEDIUM
104.9,236.0,0.17,21.5,13.7,131.9,0.354,24.3,LOW
153.4,233.3,2.72,2.8,2.1,4.8,0.549,49.1,MEDIUM
134.0,196.4,0.14,33.6,47.8,32.6,0.193,21.6,LOW
151.9,271.8,0.91,4.7,8.9,30.4,0.625,35.1,MEDIUM
77.1,156.4,0.12,25.7,32.5,83.6,0.551,17.1,LOW
136.6,248.6,0.0,26.0,41.1,53.6,0.124,24.2,LOW
97.2,135.1,0.0,20.9,21.7,1.8,0.397,16.1,LOW
115.1,161.1,0.08,33.3,33.3,58.6,0.047,18.3,LOW
136.2,213.1,0.26,29.6,21.1,48.7,0.161,24.8,LOW
187.0,287.4,1.48,15.4,10.8,22.5,0.474,40.1,MEDIUM
167.8,204.4,0.2,20.4,31.7,21.9,0.322,31.5,MEDIUM
171.9,216.1,0.2,22.9,29.4,61.0,0.319,32.7,MEDIUM
177.8,290.4,1.82,2.7,4.0,46.1,0.768,50.8,MEDIUM
80.8,139.6,0.0,23.3,35.7,46.2,0.24,13.9,LOW
125.3,169.4,0.37,12.1,11.4,61.7,0.626,27.5,LOW
92.9,119.2,0.0,52.4,67.3,78.6,0.053,9.4,LOW
206.9,267.2,0.08,34.4,46.4,22.1,0.188,40.5,MEDIUM
134.9,214.9,0.24,44.1,18.3,33.7,0.191,20.9,LOW
64.8,141.1,0.0,17.0,23.6,41.6,0.44,11.2,LOW
90.9,156.8,0.3,3.0,3.7,74.7,0.806,22.5,LOW
166.5,256.8,0.55,22.8,17.1,5.6,0.369,32.5,MEDIUM
68.6,195.7,0.06,11.4,14.8,48.6,0.578,16.0,LOW
112.0,210.4,0.35,11.8,11.7,19.9,0.451,25.6,LOW
118.1,178.2,0.39,14.3,15.5,82.3,0.291,21.4,LOW
95.8,132.6,0.0,68.9,103.9,16.0,0.0,13.4,LOW
168.3,319.2,1.93,3.8,4.0,12.1,0.436,42.0,MEDIUM
97.7,186.2,0.29,5.9,2.5,132.7,0.896,25.1,LOW
155.3,289.8,0.49,13.1,15.2,3.4,0.142,28.5,LOW
68.8,144.5,0.07,19.0,10.2,47.7,0.554,10.8,LOW
67.6,135.8,0.0,128.1,26.1,27.8,0.0,2.1,LOW
184.4,259.3,1.56,1.9,7.2,45.3,0.918,50.5,MEDIUM
120.4,157.7,0.02,33.1,48.6,51.9,0.0,15.4,LOW
103.8,148.9,0.11,25.8,41.3,37.8,0.25,16.5,LOW
152.9,236.4,1.46,1.8,5.4,48.7,0.963,44.5,MEDIUM
113.4,206.3,0.43,1.5,3.6,17.4,0.861,33.7,MEDIUM
90.1,248.3,0.14,20.1,28.5,6.4,0.307,18.4,LOW
126.8,201.8,1.32,4.3,1.0,12.6,0.382,27.6,LOW
177.1,206.5,1.0,3.0,7.9,45.0,0.512,35.5,MEDIUM
188.0,236.3,0.0,41.4,50.4,2.8,0.361,33.5,MEDIUM
164.1,227.0,1.47,2.6,3.6,24.6,0.668,42.0,MEDIUM
120.0,210.5,0.2,15.2,21.7,36.0,0.425,25.3,LOW
156.2,186.6,0.5,23.2,15.8,70.0,0.358,30.4,MEDIUM
134.7,185.1,0.04,51.6,83.3,75.2,0.0,16.6,LOW
109.3,239.7,0.3,9.0,11.6,83.0,0.619,32.1,MEDIUM
132.1,269.5,0.0,32.9,42.6,18.0,0.152,27.3,LOW
151.6,227.3,0.0,44.2,59.2,12.9,0.18,25.9,LOW
120.9,219.4,0.99,1.6,4.3,24.8,0.663,33.1,MEDIUM
83.3,149.5,0.1,12.9,16.4,68.5,0.242,13.6,LOW
82.9,156.9,0.22,16.0,18.8,100.2,0.359,12.7,LOW
134.3,239.6,0.53,18.5,16.2,37.8,0.478,25.8,LOW
107.4,156.8,0.0,28.6,43.8,134.5,0.314,15.3,LOW
137.2,223.5,1.89,5.4,1.5,1.6,0.649,29.7,LOW
81.8,141.1,0.27,2.9,6.9,100.7,0.846,24.5,LOW
168.2,225.8,2.03,3.8,5.5,8.0,0.655,41.1,MEDIUM
193.9,254.5,2.29,1.1,2.4,31.4,0.773,64.9,HIGH
67.5,136.8,0.17,1.1,6.7,300.0,0.694,16.0,LOW
173.4,255.3,1.33,0.9,9.7,2.0,0.916,50.4,MEDIUM
62.9,140.7,0.12,2.5,10.0,115.0,0.767,16.2,LOW
114.3,177.1,1.13,3.1,1.0,59.3,0.623,24.7,LOW
176.0,210.4,0.42,21.0,18.4,48.6,0.122,34.3,MEDIUM
107.3,220.7,0.18,1.8,4.5,14.4,0.909,30.8,MEDIUM
121.2,226.5,0.41,11.3,13.4,56.5,0.398,28.3,LOW
91.8,146.4,0.25,23.9,16.5,13.1,0.318,15.2,LOW
89.1,175.5,0.2,15.4,22.8,90.5,0.785,24.4,LOW
201.4,261.9,1.5,20.4,12.1,7.6,0.475,41.7,MEDIUM
172.7,237.3,1.67,2.4,2.4,28.1,0.968,49.7,MEDIUM
77.9,171.9,0.19,0.5,0.5,28.9,0.702,17.3,LOW
129.6,223.5,0.46,11.1,12.7,29.4,0.675,31.8,MEDIUM
107.2,203.1,0.21,25.8,39.9,1.9,0.29,22.3,LOW
56.8,122.1,0.0,53.5,87.7,239.9,0.149,6.2,LOW
122.2,184.0,0.0,21.2,33.0,125.6,0.645,24.8,LOW
101.5,173.9,0.2,9.8,11.3,73.4,0.499,22.6,LOW
148.3,244.1,0.0,45.9,67.1,13.0,0.13,22.7,LOW
152.1,181.5,0.05,42.1,60.1,30.1,0.013,20.9,LOW
199.6,293.3,0.32,23.5,36.5,27.8,0.445,40.2,MEDIUM
82.8,124.2,0.1,43.2,61.9,39.6,0.058,7.4,LOW
172.7,308.2,0.21,27.0,34.6,11.4,0.426,37.7,MEDIUM
90.7,149.9,0.02,26.8,18.8,23.1,0.026,13.1,LOW
100.2,140.1,0.0,30.0,38.9,5.4,0.323,14.9,LOW
57.1,95.0,0.07,25.7,25.1,196.7,0.189,8.1,LOW
187.7,236.9,0.0,39.7,57.5,11.6,0.273,32.7,MEDIUM
95.1,193.7,0.17,2.4,6.3,19.8,0.724,26.9,LOW
233.4,275.9,2.61,1.2,4.0,27.6,0.684,70.4,HIGH
147.6,240.6,0.65,14.1,15.4,11.7,0.398,30.7,MEDIUM
112.6,208.4,0.61,1.2,3.2,116.5,0.635,28.6,LOW
74.8,140.5,0.01,13.9,15.8,152.2,0.585,17.0,LOW
73.8,182.7,0.0,23.6,28.6,122.5,0.154,10.7,LOW
139.7,209.1,0.15,35.3,47.9,70.6,0.155,19.9,LOW
98.3,120.4,0.0,55.9,87.7,68.6,0.137,13.2,LOW
139.1,245.4,0.67,0.5,9.7,43.9,1.0,41.9,MEDIUM
204.4,279.6,1.55,10.7,12.2,1.9,0.52,48.2,MEDIUM
139.8,328.3,0.58,18.4,11.1,36.9,0.347,29.0,LOW
209.3,248.5,3.76,4.3,1.4,10.8,0.714,66.2,HIGH
98.2,211.1,0.16,5.6,4.5,1.5,0.328,17.1,LOW
142.3,244.2,1.73,3.9,2.9,25.2,0.504,34.1,MEDIUM
168.0,235.5,0.62,14.0,20.8,1.5,0.4,34.4,MEDIUM
162.6,211.2,0.86,13.9,14.2,16.3,0.351,34.5,MEDIUM
199.9,259.9,0.0,44.1,70.4,1.4,0.0,34.8,MEDIUM
144.6,251.3,1.64,1.0,0.9,60.9,0.896,49.6,MEDIUM
189.2,241.6,1.92,5.9,8.2,13.1,0.67,43.0,MEDIUM
68.7,212.4,0.02,10.3,12.8,135.3,0.55,19.2,LOW
95.1,158.5,0.08,22.0,23.0,12.8,0.228,11.5,LOW
49.0,181.2,0.07,5.9,6.8,136.6,0.645,15.2,LOW
99.7,193.8,0.51,3.1,9.6,51.9,0.785,24.7,LOW
155.8,219.4,0.83,1.1,6.9,33.1,0.726,39.1,MEDIUM
155.4,224.8,0.28,19.2,29.0,27.9,0.437,31.3,MEDIUM
116.4,284.7,0.93,4.5,6.8,17.2,0.55,27.0,LOW
171.0,234.6,0.22,21.9,31.3,61.6,0.348,30.2,MEDIUM
228.3,272.0,0.3,21.4,31.4,22.1,0.512,48.4,MEDIUM
182.7,241.7,0.44,14.6,19.2,18.3,0.631,39.0,MEDIUM
176.0,314.7,1.45,5.8,9.3,4.7,0.834,45.7,MEDIUM
104.0,187.6,0.86,4.8,3.1,35.5,0.704,25.7,LOW
151.5,362.5,0.45,16.0,14.3,34.9,0.427,34.0,MEDIUM
121.1,146.8,0.17,18.7,28.3,78.1,0.311,19.0,LOW
73.3,140.3,0.0,125.1,220.0,50.4,0.0,2.9,LOW
113.5,187.6,0.22,3.9,9.5,118.2,0.482,19.6,LOW
139.6,208.3,1.45,3.9,3.8,37.6,0.66,32.0,MEDIUM
78.6,224.3,0.26,5.9,2.5,119.0,0.616,20.7,LOW
151.4,235.5,0.01,37.5,55.6,19.3,0.39,29.3,LOW
176.2,305.6,0.6,12.3,17.4,11.8,0.687,43.1,MEDIUM
114.8,188.4,0.57,0.9,9.0,20.8,0.669,25.2,LOW
91.4,169.0,0.19,16.6,14.9,71.9,0.534,15.3,LOW
61.3,109.8,0.23,11.3,10.4,91.3,0.438,8.8,LOW
118.5,259.1,0.17,10.9,14.0,61.8,0.619,29.6,LOW
98.5,155.3,0.37,33.3,24.6,50.3,0.332,14.7,LOW
43.7,116.2,0.25,1.3,6.6,192.8,0.945,14.1,LOW
88.1,190.0,0.0,27.8,33.9,186.4,0.19,16.7,LOW
228.7,334.2,0.18,28.6,39.7,4.6,0.407,48.5,MEDIUM
144.9,205.5,1.29,5.1,3.8,39.5,0.372,30.7,MEDIUM
176.5,330.6,2.51,1.3,4.1,19.8,0.954,66.0,HIGH
117.6,190.9,0.26,16.4,14.4,84.0,0.411,20.8,LOW
59.1,147.1,0.05,23.2,34.2,144.8,0.316,10.3,LOW
115.3,143.4,0.45,18.6,11.4,80.5,0.074,21.6,LOW
99.0,127.1,0.0,75.0,128.6,66.0,0.0,11.6,LOW
117.0,215.5,0.01,29.3,41.3,79.5,0.451,22.6,LOW
248.4,317.7,4.68,2.6,1.6,1.6,0.657,85.3,CRITICAL
51.0,92.0,0.0,15.6,22.1,268.4,0.535,6.7,LOW
92.7,186.1,0.0,24.5,33.3,43.7,0.305,17.6,LOW
79.5,175.9,0.28,2.0,3.6,41.6,0.896,24.5,LOW
204.3,234.2,0.0,28.7,47.4,23.4,0.282,35.9,MEDIUM
84.1,122.6,0.14,1.8,6.3,64.5,0.603,18.6,LOW
193.6,279.1,1.68,0.6,6.0,41.2,0.788,56.4,HIGH
88.9,154.7,0.0,27.0,23.7,42.4,0.512,18.1,LOW
203.2,285.3,3.35,3.6,1.9,12.2,0.767,67.6,HIGH
119.0,146.9,0.08,17.8,26.3,34.5,0.375,22.9,LOW
143.9,258.1,0.62,2.7,7.2,6.5,1.0,39.1,MEDIUM
101.6,219.7,0.72,3.5,6.2,31.7,0.868,30.1,MEDIUM
97.6,135.4,0.0,30.5,30.3,14.9,0.358,15.6,LOW
55.7,148.0,0.08,15.5,17.3,121.5,0.478,11.5,LOW
95.1,181.4,0.13,23.0,31.9,70.8,0.428,18.1,LOW
159.7,245.4,0.45,19.6,19.8,13.6,0.48,31.6,MEDIUM
151.8,197.8,0.14,33.1,53.8,15.1,0.0,24.4,LOW
129.7,233.3,0.29,25.1,40.0,8.4,0.352,26.2,LOW
107.5,248.1,0.38,14.6,12.5,79.2,0.422,21.6,LOW
127.7,184.9,0.07,17.9,26.3,102.1,0.317,24.5,LOW
231.4,279.6,3.3,2.2,3.3,19.4,0.704,75.1,HIGH
114.8,156.9,0.0,26.9,30.3,60.2,0.039,14.9,LOW
131.1,180.1,1.62,5.7,3.1,8.0,0.367,26.0,LOW
242.3,335.3,4.73,3.8,0.7,8.8,0.875,89.5,CRITICAL
232.1,312.7,1.44,11.4,13.1,16.2,0.576,52.9,MEDIUM
219.7,251.4,1.73,9.8,11.1,12.1,0.179,40.4,MEDIUM
113.3,148.4,0.16,35.8,28.6,86.7,0.105,18.6,LOW
187.8,269.7,2.26,5.8,2.3,3.8,0.767,47.6,MEDIUM
151.2,209.7,0.0,36.3,57.5,99.2,0.145,26.9,LOW
177.0,216.2,0.0,33.9,46.0,14.4,0.393,36.7,MEDIUM
136.1,190.8,0.0,41.2,69.5,21.1,0.311,25.8,LOW
239.3,447.8,3.58,2.4,2.7,10.2,0.523,82.6,CRITICAL
217.0,279.9,1.42,12.4,10.9,4.6,0.466,49.3,MEDIUM
53.9,123.9,0.12,0.5,4.9,100.0,0.717,13.6,LOW
86.9,156.5,0.55,4.8,6.3,22.9,0.452,16.4,LOW
179.5,276.3,0.75,15.1,14.8,31.7,0.219,37.7,MEDIUM
130.9,190.9,0.55,5.1,7.9,20.3,0.533,27.9,LOW
173.8,235.4,1.37,0.8,6.4,21.7,0.678,49.9,MEDIUM
89.7,227.0,0.01,11.3,11.3,18.9,0.552,20.1,LOW
118.4,170.6,0.37,15.3,19.3,36.8,0.591,23.2,LOW
195.8,273.0,1.87,3.9,4.8,27.7,0.76,46.3,MEDIUM
224.6,285.9,1.69,13.4,10.3,22.8,0.58,46.8,MEDIUM
175.0,252.0,0.7,15.5,15.9,5.6,0.39,36.6,MEDIUM
97.1,153.0,0.06,31.8,51.9,15.5,0.315,12.6,LOW
84.7,124.1,0.3,14.2,19.4,105.7,0.431,12.6,LOW
91.9,126.4,0.0,45.8,69.4,64.6,0.062,8.9,LOW
263.4,351.1,0.04,57.3,74.9,9.1,0.366,44.2,MEDIUM
138.6,213.3,1.16,4.1,5.6,35.4,0.328,28.2,LOW
129.4,204.1,0.66,1.3,2.6,116.3,0.478,33.3,MEDIUM
165.1,286.4,0.0,47.5,73.9,46.2,0.177,31.0,MEDIUM
90.2,172.5,0.1,36.7,60.8,102.2,0.144,11.6,LOW
51.4,98.8,0.0,71.4,103.9,103.0,0.0,1.2,LOW
251.8,300.9,0.25,26.4,35.9,7.3,0.12,44.4,MEDIUM
74.7,201.2,0.09,3.5,2.9,60.1,0.556,20.5,LOW
178.6,282.2,0.33,18.6,23.9,30.1,0.515,39.9,MEDIUM
161.8,231.8,0.58,14.9,19.0,15.2,0.623,34.4,MEDIUM
139.3,204.1,0.09,38.5,43.9,16.9,0.418,26.0,LOW
117.7,198.0,0.78,1.8,5.6,57.8,0.505,27.3,LOW
53.7,240.2,0.0,0.6,5.0,300.0,0.576,17.4,LOW
146.7,238.1,0.44,20.4,21.5,24.0,0.139,27.5,LOW
104.3,189.6,0.79,5.3,3.5,74.0,0.841,28.3,LOW
113.0,229.8,0.97,3.2,3.8,42.3,0.766,34.2,MEDIUM
169.3,181.0,0.18,39.0,58.1,24.2,0.18,30.2,MEDIUM
167.9,194.3,0.03,40.5,68.6,9.7,0.193,26.0,LOW
115.5,163.0,0.11,35.5,51.8,216.3,0.185,18.1,LOW
166.6,240.2,0.2,23.9,32.9,29.6,0.139,34.4,MEDIUM
191.7,257.6,1.24,12.0,10.0,4.3,0.572,42.6,MEDIUM
218.8,307.4,1.53,11.8,10.3,25.0,0.472,51.5,MEDIUM
70.9,111.7,0.0,32.9,47.0,147.4,0.035,11.5,LOW
82.1,175.2,0.09,62.8,87.7,38.6,0.151,7.8,LOW
91.5,175.7,0.98,4.8,0.3,1.1,0.596,20.9,LOW
233.8,268.8,0.0,71.5,121.1,3.2,0.08,38.6,MEDIUM
133.5,188.9,0.78,4.5,5.5,22.3,0.65,27.5,LOW
150.2,210.6,0.0,32.5,44.3,64.5,0.352,30.2,MEDIUM
136.1,225.1,1.23,6.0,6.2,24.0,0.663,32.9,MEDIUM
53.8,104.5,0.03,48.4,11.5,108.9,0.0,0.0,LOW
170.6,251.2,0.32,23.1,26.0,15.8,0.366,34.5,MEDIUM
108.3,233.5,0.43,2.9,7.2,80.0,0.765,27.7,LOW
129.9,229.6,0.0,38.6,61.0,53.9,0.248,22.7,LOW
159.3,262.7,2.01,2.9,4.1,28.2,0.869,43.5,MEDIUM
134.8,229.0,1.34,2.0,1.9,46.2,0.645,36.9,MEDIUM
83.2,127.4,0.05,53.6,80.3,92.9,0.194,11.3,LOW
198.4,257.2,0.05,30.5,41.4,20.7,0.0,33.8,MEDIUM
92.7,143.2,0.08,14.3,12.0,60.9,0.434,13.4,LOW
195.2,332.0,0.75,14.2,16.2,22.9,0.412,43.3,MEDIUM
103.8,161.5,0.09,19.9,27.4,64.1,0.578,20.4,LOW
149.7,236.3,0.13,27.6,40.4,16.4,0.242,30.8,MEDIUM
129.3,339.8,0.43,16.1,12.1,55.5,0.511,33.3,MEDIUM
96.0,127.7,0.0,24.4,25.7,40.0,0.037,11.3,LOW
145.7,254.5,0.99,3.9,8.1,18.6,0.631,32.8,MEDIUM
55.3,114.4,0.0,3.2,1.0,166.5,0.578,11.4,LOW
118.5,221.9,0.0,29.2,45.5,54.4,0.62,29.0,LOW
90.2,160.5,0.34,4.5,2.9,96.6,0.568,20.5,LOW
45.3,122.2,0.03,2.5,0.7,243.8,0.736,14.4,LOW
90.1,103.7,0.05,47.4,54.9,116.2,0.139,5.1,LOW
97.1,170.4,0.0,36.5,57.9,129.1,0.0,14.5,LOW
159.5,207.8,0.48,15.0,15.1,33.3,0.361,31.1,MEDIUM
157.9,223.7,0.41,20.1,20.5,17.2,0.419,31.5,MEDIUM
79.5,132.5,0.03,10.0,11.4,34.9,0.55,16.1,LOW
108.0,191.1,0.42,13.1,13.5,15.6,0.128,18.5,LOW
119.2,199.7,0.7,1.2,7.1,65.5,0.677,29.7,LOW
132.9,214.3,0.76,5.2,6.3,74.7,0.802,32.0,MEDIUM
146.8,206.9,0.62,10.5,10.6,31.3,0.615,29.4,LOW
120.2,219.7,0.05,37.2,45.0,48.7,0.364,21.1,LOW
184.3,224.5,0.0,48.5,80.3,10.0,0.0,31.9,MEDIUM
124.5,212.8,0.11,30.8,40.5,39.6,0.425,22.6,LOW
223.8,366.9,0.53,24.3,30.9,4.8,0.296,48.7,MEDIUM
108.0,222.8,0.11,12.0,16.5,60.2,0.733,24.8,LOW
201.6,302.4,1.9,5.1,8.7,8.8,0.654,45.1,MEDIUM
79.4,140.5,0.07,16.9,25.3,96.0,0.1,9.4,LOW
61.9,181.7,0.17,2.4,1.9,63.6,0.853,21.4,LOW
96.6,217.8,0.2,57.7,96.7,9.2,0.013,9.8,LOW
90.2,124.4,0.0,23.1,31.1,27.9,0.261,16.6,LOW
137.2,188.9,0.0,32.1,52.8,14.1,0.003,25.2,LOW
115.0,216.1,0.12,4.3,0.5,1.1,0.917,32.9,MEDIUM
44.6,112.5,0.0,3.2,2.8,128.4,0.625,10.0,LOW
94.8,185.4,0.0,23.5,35.8,2.2,0.548,18.4,LOW
71.8,195.9,0.16,4.7,0.9,23.3,0.599,17.0,LOW
117.7,192.8,0.17,18.6,19.4,40.9,0.241,19.5,LOW
172.5,266.7,1.33,2.6,6.6,37.6,0.918,46.2,MEDIUM
159.3,248.1,0.96,3.4,9.6,20.7,0.686,34.5,MEDIUM
68.2,135.7,0.0,41.2,31.4,59.6,0.144,8.0,LOW
69.8,127.5,0.08,0.8,7.0,120.7,0.582,12.8,LOW
165.3,238.9,1.2,1.5,9.6,12.5,0.686,41.3,MEDIUM
133.6,378.0,0.26,18.8,24.3,10.4,0.441,31.9,MEDIUM
141.0,215.0,1.45,4.8,4.6,3.5,0.465,31.0,MEDIUM
136.4,183.3,0.11,26.1,30.7,8.2,0.201,25.2,LOW
173.2,244.7,0.15,30.4,47.3,13.1,0.174,29.3,LOW
170.0,202.0,0.13,41.4,60.0,3.4,0.163,30.6,MEDIUM
114.9,202.8,0.41,15.7,19.0,53.8,0.649,23.6,LOW
80.2,156.0,0.24,2.6,6.5,51.0,0.676,17.9,LOW
100.7,205.3,0.42,0.7,4.8,12.7,0.675,28.6,LOW
161.6,264.9,1.55,1.4,4.7,47.1,1.0,48.4,MEDIUM
128.5,236.4,1.84,2.8,1.1,28.7,0.651,37.5,MEDIUM
133.6,179.7,0.19,47.2,33.9,62.6,0.093,18.0,LOW
252.3,271.1,1.13,37.7,16.9,8.5,0.124,42.4,MEDIUM
114.4,160.4,0.01,48.2,54.9,104.0,0.075,14.2,LOW
100.6,177.1,0.09,4.4,3.4,36.5,0.681,20.5,LOW
203.1,235.3,0.0,47.7,76.3,28.5,0.257,36.8,MEDIUM
115.6,195.0,0.26,20.9,14.6,43.8,0.407,23.0,LOW
89.3,176.9,0.46,2.5,3.1,111.0,0.885,26.6,LOW
153.2,228.5,1.45,4.6,0.7,33.6,0.822,37.0,MEDIUM
90.1,227.7,0.39,5.2,5.7,16.2,0.681,24.0,LOW
71.4,111.6,0.13,38.8,47.6,87.8,0.226,9.8,LOW
135.0,206.0,0.66,2.4,5.7,26.3,0.894,35.1,MEDIUM
131.4,215.7,0.26,20.2,30.9,30.9,0.19,25.4,LOW
85.7,241.4,0.3,4.9,2.2,94.3,1.0,29.8,LOW
64.7,171.2,0.0,10.7,14.8,71.2,0.445,13.5,LOW
138.7,197.2,0.15,24.6,24.7,17.3,0.246,24.7,LOW
173.3,240.5,0.2,26.9,43.9,22.1,0.091,30.5,MEDIUM
117.6,146.8,0.2,22.1,27.1,106.9,0.154,18.1,LOW
180.7,269.3,2.08,1.2,1.4,7.9,0.909,60.4,HIGH
138.9,213.0,0.0,23.7,37.8,29.9,0.65,30.3,MEDIUM
126.6,192.6,1.19,2.8,0.3,53.5,0.631,30.1,MEDIUM
125.3,182.5,0.57,1.0,5.2,34.8,0.82,31.0,MEDIUM
72.0,175.3,0.0,43.4,60.3,31.9,0.174,10.1,LOW
64.5,123.4,0.05,20.4,31.5,102.7,0.503,13.6,LOW
181.6,234.1,0.0,20.1,29.5,32.9,0.69,39.2,MEDIUM
115.2,207.4,0.28,11.9,17.6,60.5,0.726,27.7,LOW
47.2,177.5,0.15,19.1,30.5,105.9,0.337,9.3,LOW
195.5,242.8,1.81,0.8,5.2,5.1,0.854,55.0,HIGH
84.1,203.5,0.11,35.9,19.5,104.5,0.284,13.3,LOW
183.9,260.3,1.19,12.5,11.3,1.6,0.481,44.0,MEDIUM
127.0,245.6,0.51,9.4,10.1,71.5,0.386,27.6,LOW
140.2,211.2,0.23,19.8,26.9,56.1,0.242,23.9,LOW
203.8,325.1,1.98,0.9,7.4,7.8,0.945,65.1,HIGH
144.3,308.6,0.3,17.8,24.2,59.1,0.581,33.3,MEDIUM
83.0,155.7,0.09,14.2,13.3,65.4,0.422,15.8,LOW
123.6,187.4,0.08,74.0,123.7,44.4,0.081,16.8,LOW
122.8,229.5,0.62,1.1,6.9,95.1,0.946,35.6,MEDIUM
119.5,200.5,0.92,5.1,2.0,25.6,0.397,26.5,LOW
220.2,227.9,0.05,37.7,55.6,1.1,0.11,35.7,MEDIUM
243.4,319.6,0.17,50.6,85.6,8.2,0.408,46.2,MEDIUM
124.4,206.6,0.24,23.5,28.3,50.6,0.357,25.6,LOW
76.1,129.3,0.24,3.5,1.4,169.2,0.526,14.8,LOW
53.5,262.5,0.12,5.7,0.7,180.4,0.654,20.2,LOW
90.5,224.4,0.44,3.5,2.9,115.0,0.85,26.1,LOW
201.1,302.3,0.09,34.6,53.1,15.9,0.0,34.1,MEDIUM
77.4,132.0,0.0,59.4,88.3,39.1,0.101,3.9,LOW
140.3,196.1,0.9,4.0,4.0,17.0,0.627,30.4,MEDIUM
140.8,215.3,0.98,1.5,4.6,22.9,0.507,33.5,MEDIUM
163.6,239.6,1.47,3.5,5.6,27.3,0.709,43.9,MEDIUM
122.6,165.7,0.0,49.2,48.9,105.2,0.091,17.4,LOW
104.1,168.0,0.07,16.0,24.7,91.9,0.418,18.6,LOW
85.0,132.8,0.0,18.5,23.4,125.3,0.329,14.6,LOW
156.3,284.2,3.21,2.6,0.4,7.0,0.567,58.2,HIGH
146.8,241.6,0.45,12.4,15.4,27.3,0.269,31.2,MEDIUM
157.0,188.6,0.59,14.6,17.0,20.5,0.342,32.6,MEDIUM
82.1,212.7,0.11,5.6,7.0,14.9,0.768,23.4,LOW
88.7,268.1,0.44,5.6,1.4,8.2,0.673,22.0,LOW
165.6,252.8,0.16,31.9,26.7,46.2,0.213,30.2,MEDIUM
152.3,209.8,0.48,22.1,25.9,11.3,0.174,26.6,LOW
105.9,206.1,0.38,1.6,9.2,38.8,0.695,30.1,MEDIUM
149.9,192.1,0.0,29.4,44.6,21.3,0.357,28.0,LOW
156.4,218.9,0.18,26.7,41.2,5.2,0.351,28.7,LOW
86.0,180.2,0.0,23.4,33.1,25.7,0.242,17.0,LOW
168.8,194.3,0.62,12.1,16.1,16.7,0.101,29.0,LOW
60.4,99.0,0.0,74.7,121.1,125.2,0.0,2.5,LOW
148.6,229.5,1.15,3.9,7.6,60.7,0.612,33.3,MEDIUM
139.0,247.8,0.79,13.1,16.4,21.6,0.337,31.1,MEDIUM
183.7,221.6,0.16,35.2,49.0,37.8,0.134,30.6,MEDIUM
96.0,155.4,0.25,23.1,35.9,145.7,0.441,18.6,LOW
164.9,243.6,0.41,19.4,17.5,42.7,0.362,33.7,MEDIUM
72.1,127.8,0.12,17.4,23.4,117.8,0.547,13.7,LOW
106.7,200.7,0.0,35.9,41.9,13.5,0.0,17.2,LOW
138.9,173.0,0.33,13.4,15.7,93.6,0.422,29.7,LOW
111.5,207.5,0.4,4.0,3.3,133.4,0.391,21.1,LOW
187.5,277.5,1.38,3.6,6.5,28.8,0.629,43.6,MEDIUM
191.3,294.4,0.68,20.7,20.2,31.4,0.193,37.2,MEDIUM
149.5,211.6,1.46,1.2,1.5,46.2,0.955,48.0,MEDIUM
131.5,186.1,0.13,17.6,27.1,55.8,0.458,24.6,LOW
182.6,252.5,2.46,4.1,2.3,33.8,0.831,49.8,MEDIUM
93.6,166.4,0.23,11.5,10.7,10.3,0.44,18.1,LOW
210.7,234.9,0.36,24.3,26.1,6.8,0.15,40.2,MEDIUM
138.4,207.4,0.36,4.9,5.0,85.2,0.5,29.5,LOW
169.4,239.2,0.63,14.1,18.4,11.4,0.496,36.6,MEDIUM
139.8,231.8,0.08,80.6,139.8,3.5,0.303,23.8,LOW
146.9,235.7,1.76,2.4,1.9,29.0,0.789,44.5,MEDIUM
219.3,246.0,0.47,18.6,24.8,26.0,0.324,44.7,MEDIUM
85.5,114.8,0.0,25.9,27.2,102.2,0.255,13.8,LOW
121.3,187.4,0.07,20.6,27.7,4.2,0.346,24.8,LOW
118.3,183.0,0.06,52.9,74.9,70.1,0.401,23.3,LOW
156.6,309.2,0.09,25.3,31.8,36.1,0.476,34.1,MEDIUM
158.0,244.7,0.0,52.9,83.2,27.4,0.135,27.9,LOW
145.4,204.3,0.46,14.6,17.7,39.9,0.463,29.9,LOW
70.0,143.0,0.01,17.0,18.4,32.9,0.45,13.7,LOW
156.8,224.0,0.02,63.6,91.7,9.0,0.137,25.2,LOW
210.4,263.1,0.2,18.9,23.8,11.4,0.314,44.0,MEDIUM
80.9,175.1,0.3,3.3,8.7,61.7,0.574,17.9,LOW
137.2,182.2,0.06,26.6,37.2,5.5,0.431,26.2,LOW
111.4,178.8,0.33,20.6,25.7,23.3,0.354,17.8,LOW
115.3,180.5,0.06,37.4,33.0,17.7,0.321,17.7,LOW
155.5,251.0,0.1,26.3,23.8,9.5,0.526,31.2,MEDIUM
150.2,256.4,0.01,32.4,47.4,55.7,0.297,29.7,LOW
118.1,200.8,0.57,13.7,12.5,42.8,0.516,25.9,LOW
100.7,210.3,0.55,1.1,5.1,97.7,1.0,33.7,MEDIUM
121.1,163.4,0.61,5.6,6.6,71.0,0.67,28.8,LOW
194.0,249.2,0.19,25.0,32.4,19.5,0.13,35.3,MEDIUM
123.0,141.5,0.09,24.3,25.4,35.4,0.26,25.7,LOW
82.7,139.0,0.3,52.6,78.0,18.8,0.33,11.3,LOW
137.2,193.2,0.39,14.0,19.4,31.9,0.262,22.4,LOW
244.4,329.8,2.81,1.1,8.4,4.9,0.653,69.9,HIGH
106.9,165.3,0.11,65.4,108.5,98.2,0.225,15.7,LOW
107.0,132.3,0.0,39.8,65.9,89.3,0.122,11.1,LOW
137.6,197.7,0.0,38.7,43.9,11.6,0.153,22.6,LOW
113.9,250.4,0.0,48.3,58.9,21.1,0.277,19.0,LOW
205.5,257.5,1.07,14.6,13.7,21.6,0.339,45.1,MEDIUM
174.0,233.2,1.6,1.6,7.9,6.4,0.529,42.4,MEDIUM
180.2,237.4,1.09,15.6,10.6,24.7,0.22,36.2,MEDIUM
155.3,215.1,0.03,46.6,57.1,45.8,0.211,25.2,LOW
169.7,262.6,0.06,30.9,38.8,3.8,0.272,31.3,MEDIUM
86.5,188.3,0.54,2.1,1.8,80.5,0.63,24.5,LOW
77.6,133.8,0.23,40.3,29.9,107.7,0.0,6.7,LOW
51.8,133.9,0.02,5.0,9.0,108.3,0.613,10.2,LOW
171.9,254.6,0.0,51.5,85.4,62.3,0.27,29.1,LOW
204.0,213.9,0.0,25.6,40.2,19.0,0.162,34.1,MEDIUM
175.2,297.8,0.21,24.1,28.9,9.3,0.206,31.6,MEDIUM
172.8,271.2,0.36,16.3,20.3,26.8,0.239,32.9,MEDIUM
87.1,219.3,0.62,4.4,5.6,51.6,0.617,19.3,LOW
104.4,261.7,0.0,27.2,32.0,2.5,0.32,19.3,LOW
39.0,160.0,0.0,15.4,20.0,171.9,0.75,11.6,LOW
109.2,163.9,0.0,29.2,46.9,100.4,0.282,18.3,LOW
85.5,167.0,0.28,13.6,10.9,77.0,0.457,14.3,LOW
46.0,163.6,0.0,20.3,28.8,92.6,0.485,11.1,LOW
117.7,221.1,1.08,0.5,3.0,20.6,0.887,35.6,MEDIUM
138.4,235.6,1.03,1.5,6.3,30.7,0.666,35.1,MEDIUM
156.4,312.6,1.58,4.6,6.0,3.2,1.0,44.0,MEDIUM
98.1,175.1,0.34,15.8,11.6,43.2,0.421,18.1,LOW
215.8,314.2,0.03,37.7,52.7,6.8,0.212,41.2,MEDIUM
247.0,307.7,1.56,13.0,16.6,1.1,0.558,49.9,MEDIUM
122.9,215.0,0.35,14.1,19.7,8.3,0.507,30.1,MEDIUM
224.8,271.9,2.74,2.7,2.4,30.5,0.946,72.8,HIGH
187.7,202.3,0.44,17.2,15.9,39.2,0.313,29.9,LOW
171.4,352.3,0.62,17.3,17.4,39.9,0.519,41.8,MEDIUM
65.5,151.5,0.0,10.5,10.9,66.3,0.55,13.3,LOW
183.6,259.7,0.36,22.5,27.8,16.2,0.473,37.6,MEDIUM
142.9,229.1,0.55,26.3,18.0,17.8,0.247,26.1,LOW
48.7,160.5,0.23,0.6,4.8,115.2,0.727,13.3,LOW
140.4,200.6,0.44,15.8,23.8,65.9,0.535,28.9,LOW
87.1,191.7,0.17,16.8,18.3,78.0,0.462,21.0,LOW
81.1,115.0,0.0,30.5,10.9,300.0,0.113,12.8,LOW
90.8,281.3,0.19,5.8,0.9,139.7,0.836,28.4,LOW
75.3,166.7,0.05,13.8,13.9,154.7,0.571,13.1,LOW
50.1,61.3,0.0,39.7,62.6,214.7,0.153,1.2,LOW
177.2,210.3,0.06,32.1,46.8,42.9,0.152,29.8,LOW
75.5,164.3,0.03,19.1,22.4,32.0,0.428,17.0,LOW
194.3,274.5,2.82,1.3,5.6,2.0,0.858,63.3,HIGH
117.9,177.1,0.1,27.3,38.1,80.4,0.03,13.7,LOW
51.8,129.7,0.0,38.0,43.7,144.1,0.231,3.6,LOW
137.4,224.7,1.45,3.3,1.4,40.2,0.799,37.1,MEDIUM
254.2,253.8,0.22,41.4,66.3,4.6,0.0,39.4,MEDIUM
241.0,364.5,0.0,42.7,70.2,11.1,0.174,45.5,MEDIUM
115.4,165.8,0.45,1.9,6.6,5.1,0.847,30.1,MEDIUM
112.0,182.9,0.31,13.4,11.4,33.5,0.556,20.5,LOW
87.1,209.9,0.48,4.6,2.0,67.7,0.787,24.1,LOW
122.9,202.2,0.04,30.8,41.6,94.2,0.184,21.0,LOW
79.3,127.6,0.0,19.7,18.9,91.5,0.208,12.0,LOW
100.9,138.4,0.15,22.2,31.8,3.6,0.059,12.6,LOW
123.4,205.4,0.24,20.3,27.4,17.6,0.519,28.5,LOW
252.9,278.5,0.45,30.5,34.9,8.2,0.341,45.4,MEDIUM
125.5,188.5,0.38,32.6,15.9,31.6,0.392,24.1,LOW
110.2,228.7,0.48,4.8,7.6,102.4,0.552,28.5,LOW
86.4,164.3,0.0,18.3,15.1,7.0,0.505,11.9,LOW
90.9,157.9,0.29,2.7,4.6,140.8,0.493,22.1,LOW
138.2,191.9,0.08,65.1,105.9,52.1,0.0,17.1,LOW
262.8,359.2,1.44,11.7,14.1,7.9,0.519,53.6,MEDIUM
207.4,305.7,2.16,4.1,8.4,6.7,0.778,56.3,HIGH
109.7,178.9,0.19,9.6,11.5,4.4,0.796,25.6,LOW
163.4,281.7,1.16,12.8,12.2,1.6,0.442,35.8,MEDIUM
57.4,135.8,0.08,14.9,17.9,174.1,0.311,10.4,LOW
91.8,201.8,0.19,12.8,18.0,57.8,0.342,18.5,LOW
173.9,237.1,0.87,5.5,9.1,68.6,0.539,36.1,MEDIUM
113.9,256.6,0.25,15.0,18.3,59.9,0.772,31.8,MEDIUM
109.0,152.5,0.13,59.6,102.4,139.3,0.187,15.2,LOW
47.2,105.0,0.0,5.0,3.5,300.0,0.822,10.0,LOW
204.4,332.9,2.87,2.8,5.5,4.7,0.68,63.5,HIGH
175.0,215.6,0.15,53.8,90.0,48.4,0.093,28.7,LOW
98.1,173.8,0.03,34.7,43.3,91.8,0.304,15.1,LOW
61.0,104.1,0.08,49.3,85.2,58.6,0.035,0.5,LOW
161.4,211.4,0.18,19.7,31.4,41.3,0.321,27.7,LOW
126.8,160.0,0.0,34.8,52.4,102.5,0.098,17.4,LOW
134.6,210.7,1.86,2.9,2.5,2.9,0.644,38.2,MEDIUM
119.9,172.2,0.16,35.2,50.1,143.8,0.203,21.2,LOW
140.0,166.4,0.14,16.0,21.0,84.9,0.299,22.0,LOW
160.7,227.4,0.08,33.6,54.5,1.4,0.251,27.7,LOW
62.3,215.9,0.06,19.1,23.8,132.6,0.416,9.3,LOW
100.8,171.5,0.83,5.4,0.4,36.9,0.618,22.7,LOW
113.1,196.9,0.54,0.7,9.8,75.9,0.654,31.9,MEDIUM
96.4,213.7,0.13,0.6,6.0,177.9,0.796,28.9,LOW
212.6,308.5,0.13,24.9,34.8,3.1,0.22,41.4,MEDIUM
147.8,181.7,0.12,49.3,27.8,5.0,0.118,21.9,LOW
187.1,295.7,1.21,1.6,9.4,10.1,0.914,51.6,MEDIUM
195.5,207.3,0.99,16.0,13.7,4.6,0.233,35.3,MEDIUM
138.9,183.8,0.62,5.1,6.4,64.9,0.98,35.1,MEDIUM
220.9,262.5,1.81,1.3,5.9,22.0,0.747,60.1,HIGH
129.4,306.4,1.06,2.1,2.9,44.0,0.798,39.0,MEDIUM
102.2,152.8,0.12,17.1,18.9,84.5,0.29,14.8,LOW
54.6,245.2,0.0,4.0,8.1,300.0,0.854,21.7,LOW
198.8,250.6,1.08,12.9,15.5,7.2,0.459,42.6,MEDIUM
115.8,166.7,0.08,19.2,21.6,33.9,0.312,25.2,LOW
137.2,224.2,0.28,36.6,22.5,32.2,0.099,23.6,LOW
230.2,339.3,2.3,1.5,6.2,27.1,0.713,68.2,HIGH
165.9,266.0,0.83,2.2,9.2,47.0,0.796,45.1,MEDIUM
134.8,219.6,1.6,3.1,0.6,33.8,0.734,39.5,MEDIUM
123.3,302.4,0.41,11.2,13.7,23.4,0.504,29.0,LOW
124.4,186.6,0.04,24.4,34.9,53.1,0.195,24.4,LOW
161.0,228.3,2.41,1.8,1.1,17.3,0.63,53.9,MEDIUM
141.9,215.8,0.2,41.4,45.7,26.5,0.084,20.0,LOW
107.6,189.3,0.03,35.3,57.0,11.5,0.264,16.3,LOW
141.7,192.3,0.1,16.2,21.1,13.0,0.518,27.5,LOW
168.9,200.9,0.0,52.3,45.8,13.4,0.218,30.5,MEDIUM
219.8,302.3,0.85,15.0,15.7,38.4,0.44,47.2,MEDIUM
196.4,241.3,1.55,6.0,8.4,13.6,0.688,44.6,MEDIUM
115.5,161.6,0.48,1.4,1.8,14.7,0.731,26.9,LOW
88.9,136.9,0.44,5.2,1.5,81.5,0.389,20.1,LOW
88.2,150.3,0.0,30.3,46.1,97.2,0.205,12.2,LOW
165.9,244.2,0.0,49.2,69.3,14.9,0.056,26.4,LOW
75.7,175.0,0.0,25.8,20.0,43.8,0.129,13.1,LOW
178.7,242.9,0.19,34.3,56.0,47.3,0.118,31.7,MEDIUM
285.8,363.6,0.49,19.1,25.8,2.6,0.393,54.7,MEDIUM
243.5,363.9,0.13,34.0,42.2,3.2,0.035,45.1,MEDIUM
111.9,186.0,0.14,18.6,23.8,55.6,0.273,20.3,LOW
211.3,302.2,0.69,17.0,22.8,7.9,0.637,50.9,MEDIUM
165.7,193.1,0.63,17.5,10.9,57.1,0.156,27.9,LOW
139.3,182.6,0.23,25.4,23.7,24.4,0.262,26.1,LOW
106.7,176.5,0.27,3.1,7.7,7.9,0.532,20.2,LOW
75.7,169.1,0.51,1.2,1.6,102.1,0.649,20.6,LOW
122.2,210.8,0.2,13.9,19.4,22.6,0.43,23.8,LOW
203.7,269.8,2.41,1.2,2.7,17.3,0.616,65.6,HIGH
148.4,183.6,0.71,14.4,14.4,44.1,0.536,27.8,LOW
164.7,259.6,2.04,3.3,0.8,61.5,0.905,51.8,MEDIUM
169.6,280.6,0.32,16.8,24.1,13.3,0.535,37.4,MEDIUM
77.4,137.5,0.11,2.4,9.7,66.9,0.879,21.5,LOW
174.8,246.7,2.11,1.8,3.5,3.9,0.538,51.2,MEDIUM
97.1,139.6,0.12,15.4,13.6,42.0,0.395,16.8,LOW
204.5,270.9,1.17,9.5,12.8,37.5,0.618,44.4,MEDIUM
103.2,211.5,0.0,23.9,37.1,50.5,0.438,18.7,LOW
87.2,245.0,0.0,37.3,63.2,90.8,0.443,18.7,LOW
100.6,157.0,0.14,27.2,35.4,103.6,0.429,15.4,LOW
91.7,132.2,0.0,5.8,3.4,300.0,0.769,20.9,LOW
119.8,196.6,0.39,3.0,6.9,72.4,1.0,30.7,MEDIUM
88.2,122.0,0.07,105.4,158.7,22.3,0.026,6.8,LOW
135.7,195.6,0.37,25.9,13.2,83.7,0.241,19.9,LOW
67.2,175.3,0.0,9.7,12.9,91.7,0.57,18.0,LOW
111.9,151.9,0.05,30.4,42.3,91.7,0.099,17.4,LOW
181.0,216.6,0.14,26.0,40.8,5.2,0.293,33.2,MEDIUM
60.9,175.1,0.08,5.6,3.7,131.8,0.38,12.8,LOW
151.3,182.7,0.29,18.1,22.7,34.4,0.308,29.8,LOW
69.4,162.1,0.05,1.4,3.3,59.8,0.739,17.5,LOW
84.9,155.8,0.12,33.8,45.6,128.3,0.349,16.0,LOW
118.1,200.8,0.88,1.5,2.2,55.5,0.92,32.8,MEDIUM
102.5,181.5,0.21,20.0,19.4,27.0,0.214,17.1,LOW
73.2,189.3,0.08,31.0,52.2,52.7,0.543,11.8,LOW
93.0,164.6,0.35,12.1,14.8,106.8,0.516,21.7,LOW
180.9,271.1,0.22,21.0,31.3,22.4,0.381,36.3,MEDIUM
214.5,228.7,0.9,18.6,22.4,7.3,0.138,39.6,MEDIUM
195.8,233.2,0.0,32.9,50.2,13.2,0.121,32.7,MEDIUM
85.2,128.0,0.06,47.7,76.7,137.2,0.276,10.5,LOW
171.3,217.3,0.08,22.9,31.8,19.9,0.346,30.5,MEDIUM
148.9,197.0,0.17,41.8,65.0,18.2,0.166,22.5,LOW
159.5,296.2,0.76,14.5,11.0,47.4,0.483,32.8,MEDIUM
167.0,228.0,0.38,17.5,19.9,16.7,0.181,30.2,MEDIUM
181.6,221.5,0.68,13.4,15.1,63.1,0.454,35.4,MEDIUM
127.7,175.8,0.0,44.6,67.1,66.3,0.346,25.3,LOW
82.5,145.1,0.0,33.7,42.7,82.8,0.371,10.5,LOW
215.4,314.5,1.74,3.8,9.6,12.6,0.669,51.2,MEDIUM
95.6,226.9,0.52,12.3,11.9,16.9,0.723,26.1,LOW
170.4,228.6,0.0,56.3,79.0,56.1,0.0,24.6,LOW
117.7,209.4,0.46,2.0,7.1,34.2,0.593,27.4,LOW
142.2,268.1,0.6,27.6,12.9,27.9,0.545,31.9,MEDIUM
187.9,357.2,0.87,9.4,11.6,2.0,0.636,47.8,MEDIUM
103.2,259.2,0.66,1.5,0.9,8.7,0.71,29.5,LOW
197.6,250.6,0.43,16.0,22.5,30.5,0.414,39.9,MEDIUM
90.8,126.7,0.23,34.8,13.7,101.0,0.078,12.6,LOW
69.1,176.6,0.35,1.0,3.5,114.3,0.809,22.6,LOW
84.4,205.8,0.13,0.9,0.6,28.9,0.801,24.3,LOW
143.4,223.1,0.52,12.5,14.0,43.7,0.488,31.3,MEDIUM
170.2,218.2,0.22,30.1,43.2,49.0,0.066,27.6,LOW
90.2,172.7,0.0,26.3,38.8,15.9,0.319,17.4,LOW
204.9,346.1,2.22,4.6,7.0,5.7,0.585,53.5,MEDIUM
185.2,248.3,1.35,2.1,9.2,19.5,0.589,44.5,MEDIUM
98.2,148.2,0.0,15.4,16.8,14.4,0.621,19.0,LOW
202.4,260.7,2.22,5.9,2.6,42.0,0.958,53.3,MEDIUM
82.8,193.5,0.03,25.9,25.7,49.0,0.575,16.3,LOW
198.3,324.7,1.59,1.5,7.6,25.6,0.851,57.6,HIGH
122.1,186.5,0.0,34.7,53.4,41.0,0.159,16.7,LOW
225.9,302.5,0.37,24.6,26.3,26.2,0.289,46.9,MEDIUM
102.1,255.5,0.58,2.4,9.5,23.5,0.786,28.3,LOW
137.6,193.9,0.12,32.7,41.6,20.7,0.153,22.5,LOW
103.8,257.9,0.0,35.9,57.4,150.1,0.388,20.2,LOW
208.1,248.4,0.49,14.1,19.8,13.6,0.149,43.7,MEDIUM
151.6,258.8,1.33,2.6,8.2,27.1,0.678,42.8,MEDIUM
121.0,150.1,0.16,61.0,83.2,54.0,0.19,17.2,LOW
156.3,295.0,0.0,34.6,50.8,3.6,0.074,27.1,LOW
83.7,154.7,0.0,50.0,61.2,18.9,0.072,9.8,LOW
104.3,186.9,0.04,19.4,28.1,3.6,0.457,20.3,LOW
151.1,240.6,0.09,26.3,26.3,2.3,0.507,34.0,MEDIUM
125.3,229.4,0.05,20.6,30.0,11.3,0.156,27.7,LOW
181.5,254.2,2.03,3.3,4.7,27.4,0.497,46.5,MEDIUM
78.5,191.5,0.0,19.8,23.6,70.0,0.22,14.8,LOW
139.7,217.0,1.73,5.3,5.0,25.0,0.417,33.2,MEDIUM
110.8,218.7,0.08,5.1,7.6,19.9,0.433,25.4,LOW
172.9,258.8,0.62,9.5,10.1,48.0,0.401,35.0,MEDIUM
52.0,104.3,0.09,30.6,36.4,122.6,0.421,6.2,LOW
84.2,137.0,0.01,29.4,18.2,11.1,0.2,11.3,LOW
187.5,285.4,0.57,14.3,18.2,33.6,0.456,39.0,MEDIUM
106.8,134.2,0.07,17.4,27.1,3.1,0.255,16.8,LOW
131.7,195.2,0.17,18.1,18.0,95.9,0.483,23.3,LOW
118.8,228.6,0.07,22.4,31.7,31.9,0.608,22.2,LOW
201.1,269.0,3.51,0.6,2.1,9.1,0.649,76.2,HIGH
105.2,184.0,0.33,15.6,12.9,21.3,0.687,23.2,LOW
111.2,177.7,0.2,15.0,18.8,31.0,0.494,25.9,LOW
164.1,221.7,2.0,2.8,3.1,17.8,0.719,45.1,MEDIUM
147.0,257.5,0.34,14.2,15.6,48.8,0.513,33.2,MEDIUM
154.8,196.7,0.37,24.8,15.9,63.2,0.356,27.7,LOW
152.9,203.3,0.03,23.1,30.9,1.9,0.596,27.6,LOW
155.7,227.5,0.99,8.7,10.0,24.4,0.643,35.1,MEDIUM
81.0,166.0,0.0,18.4,27.6,62.4,0.464,16.1,LOW
148.5,210.4,0.0,25.4,34.4,58.0,0.226,25.4,LOW
187.7,311.8,0.13,19.6,29.7,44.0,0.49,40.8,MEDIUM
54.6,151.9,0.0,5.1,8.2,77.2,0.51,13.9,LOW
89.3,146.7,0.0,27.0,32.8,20.1,0.288,13.2,LOW
129.4,206.4,0.02,25.9,30.2,100.3,0.717,30.5,MEDIUM
215.2,295.5,1.78,0.5,10.0,4.3,0.408,57.5,HIGH
173.6,214.9,1.45,3.4,6.9,12.4,0.732,42.6,MEDIUM
164.5,255.0,1.38,1.9,9.6,3.5,0.781,47.9,MEDIUM
176.8,313.2,1.67,2.8,4.5,35.8,0.682,47.1,MEDIUM
95.5,166.1,0.08,20.2,20.7,61.2,0.326,18.7,LOW
215.1,292.5,0.81,12.4,18.7,24.5,0.502,49.4,MEDIUM
179.1,260.4,0.95,13.5,15.1,15.2,0.429,39.9,MEDIUM
204.0,328.6,1.7,2.8,9.0,13.7,0.748,54.2,MEDIUM
147.7,307.7,1.39,2.7,2.9,47.8,0.646,35.7,MEDIUM
205.9,245.7,0.05,37.7,57.4,27.5,0.481,44.4,MEDIUM
48.5,193.4,0.0,21.5,21.5,158.4,0.3,5.7,LOW
187.9,233.0,0.0,27.3,38.2,44.0,0.354,39.8,MEDIUM
89.5,187.8,0.0,41.2,44.9,54.7,0.054,9.7,LOW
135.6,238.4,0.01,33.7,38.4,3.8,0.348,23.0,LOW
59.7,115.3,0.04,13.3,14.1,179.8,0.579,11.6,LOW
138.3,190.3,0.17,19.2,25.2,21.0,0.435,26.6,LOW
68.7,153.9,0.04,5.4,1.3,201.1,0.49,18.8,LOW
143.8,296.9,0.07,28.5,42.8,21.3,0.143,26.3,LOW
60.1,145.1,0.09,35.8,59.7,82.6,0.444,11.0,LOW
159.8,202.9,0.0,44.6,68.6,1.3,0.02,25.9,LOW
115.2,253.3,0.64,3.5,7.2,25.2,0.793,29.9,LOW
165.3,220.4,1.34,5.5,6.4,16.4,0.501,36.5,MEDIUM
160.9,218.0,0.61,24.7,17.3,13.6,0.449,31.4,MEDIUM
178.0,276.7,0.23,20.1,25.8,19.1,0.255,37.7,MEDIUM
184.3,254.1,0.56,42.0,23.2,18.7,0.004,30.6,MEDIUM
137.5,186.5,0.0,34.5,50.2,41.6,0.095,24.6,LOW
134.8,240.6,0.41,13.6,19.1,12.3,0.382,28.9,LOW
140.8,294.4,0.45,14.5,18.4,24.4,0.509,30.5,MEDIUM
191.4,276.6,0.57,15.6,19.6,10.7,0.439,36.9,MEDIUM
106.6,150.7,0.17,16.6,14.4,15.6,0.248,21.1,LOW
141.8,220.6,0.53,11.3,13.9,73.5,0.506,30.3,MEDIUM
107.3,166.6,0.39,4.5,9.9,1.0,0.497,22.2,LOW
144.1,282.0,0.44,2.4,4.0,121.4,0.822,39.4,MEDIUM
79.7,188.1,0.21,3.2,7.9,21.1,0.828,22.6,LOW
176.7,239.9,1.94,2.6,4.0,24.0,0.716,49.0,MEDIUM
79.2,167.0,0.0,18.3,16.9,129.9,0.426,11.7,LOW
218.0,274.3,0.0,63.3,91.6,33.2,0.326,39.9,MEDIUM
107.9,176.4,0.19,17.2,22.2,135.0,0.379,20.5,LOW
93.7,118.9,0.05,24.2,19.9,28.4,0.163,13.8,LOW
102.8,166.5,0.02,14.4,20.7,3.2,0.537,19.9,LOW
158.8,235.6,1.4,5.1,6.4,22.7,0.484,34.7,MEDIUM
93.4,191.7,0.06,12.5,16.8,31.8,0.455,16.6,LOW
37.2,157.3,0.09,1.5,5.9,114.5,0.663,16.1,LOW
171.6,197.5,0.15,28.4,27.6,82.6,0.152,29.0,LOW
178.1,222.1,0.0,29.8,46.5,3.4,0.205,27.0,LOW
76.5,156.0,0.21,5.7,6.4,33.2,0.773,18.9,LOW
93.8,165.0,0.0,42.9,68.5,98.5,0.309,15.0,LOW
88.3,186.6,0.0,39.2,55.7,76.9,0.306,17.1,LOW
205.7,280.4,3.69,3.7,0.2,6.5,0.741,67.9,HIGH
69.7,144.1,0.33,10.7,11.4,58.5,0.483,16.2,LOW
77.9,140.2,0.0,3.9,5.6,128.1,0.332,15.0,LOW
114.1,160.4,0.46,3.3,4.5,61.8,0.755,25.9,LOW
150.1,200.2,0.0,37.3,44.3,106.5,0.0,25.1,LOW
50.9,123.1,0.0,23.7,31.6,81.8,0.021,3.8,LOW
166.3,249.9,0.58,13.2,16.8,36.5,0.448,34.1,MEDIUM
136.1,194.9,0.08,36.1,41.0,23.9,0.229,25.0,LOW
196.0,333.7,0.3,24.3,36.4,15.1,0.234,42.9,MEDIUM
114.6,313.2,1.35,3.5,2.6,9.2,0.924,33.2,MEDIUM
216.2,278.4,2.98,4.2,2.3,12.0,0.746,63.2,HIGH
150.0,186.3,0.14,25.8,35.7,84.1,0.247,25.8,LOW
108.8,181.0,1.11,4.1,2.8,20.7,0.887,29.3,LOW
100.9,137.4,0.0,55.5,47.4,73.8,0.321,13.3,LOW
161.4,214.5,0.17,22.0,26.1,73.4,0.409,34.4,MEDIUM
158.5,199.1,0.18,22.6,32.2,37.1,0.207,24.2,LOW
135.4,177.2,0.67,18.6,13.5,95.2,0.298,24.6,LOW
179.2,244.9,1.59,1.7,8.0,28.5,0.531,45.0,MEDIUM
101.3,204.0,0.36,20.0,10.4,68.1,0.353,19.0,LOW
72.5,136.8,0.0,3.7,3.3,128.0,0.532,11.2,LOW
114.1,239.9,0.32,13.3,10.9,42.5,0.421,27.4,LOW
158.7,218.1,0.32,19.5,29.5,32.5,0.406,28.5,LOW
76.4,134.8,0.06,37.7,51.9,161.5,0.0,8.5,LOW
116.6,217.3,0.51,2.5,1.8,132.5,0.536,26.0,LOW
59.9,154.4,0.05,34.4,49.6,300.0,0.126,6.0,LOW
164.1,246.6,0.11,47.5,76.5,32.4,0.112,28.7,LOW
74.8,135.5,0.0,41.4,65.9,48.3,0.078,10.4,LOW
104.4,157.0,0.26,14.7,20.0,115.1,0.403,16.6,LOW
90.3,123.6,0.09,37.1,49.4,7.3,0.075,9.7,LOW
77.5,168.2,0.12,36.1,36.1,41.9,0.0,9.5,LOW
82.9,191.6,0.13,14.9,19.2,58.4,0.36,16.1,LOW
196.5,245.9,0.51,20.1,21.0,45.6,0.327,40.0,MEDIUM
103.1,183.7,0.69,4.0,4.6,36.1,0.635,27.2,LOW
85.6,190.5,0.0,29.9,43.5,92.8,0.258,12.8,LOW
175.4,215.8,2.41,3.5,2.2,10.1,0.758,48.0,MEDIUM
201.1,266.7,0.19,19.0,29.0,17.4,0.476,43.0,MEDIUM
107.2,156.2,0.0,57.3,97.0,88.4,0.0,10.8,LOW
121.4,215.4,0.0,22.0,35.9,20.4,0.095,21.5,LOW
74.1,180.1,0.01,26.5,20.4,93.4,0.467,14.0,LOW
142.0,192.4,0.72,14.2,12.1,1.5,0.512,28.6,LOW
110.5,159.8,0.18,31.9,47.4,29.2,0.08,17.1,LOW
134.5,184.6,1.07,1.5,2.6,14.1,0.795,35.6,MEDIUM
160.5,248.0,0.72,11.9,17.1,17.2,0.656,43.3,MEDIUM
116.5,174.1,0.0,26.6,37.5,130.8,0.536,21.8,LOW
132.8,162.9,0.63,28.9,10.4,21.7,0.289,20.8,LOW
137.7,198.9,0.53,11.0,12.5,5.9,0.675,35.4,MEDIUM
119.8,275.0,0.77,4.5,2.5,86.3,0.486,29.3,LOW
93.8,175.9,0.33,3.0,4.2,106.1,0.704,21.0,LOW
170.5,274.4,2.52,3.5,0.9,28.2,0.644,51.2,MEDIUM
187.2,228.6,1.48,19.3,10.9,16.5,0.42,40.7,MEDIUM
165.3,286.5,0.67,15.1,18.6,3.2,0.679,39.5,MEDIUM
128.6,228.2,0.47,9.7,10.1,83.1,0.581,27.6,LOW
103.1,209.6,0.29,4.2,8.9,61.4,0.536,25.9,LOW
194.6,222.4,0.26,22.1,29.1,43.6,0.14,36.1,MEDIUM
164.4,316.8,0.08,50.4,69.4,41.2,0.353,32.4,MEDIUM
50.2,188.2,0.08,14.6,19.0,87.6,0.524,8.7,LOW
150.1,205.4,0.52,26.3,19.9,10.7,0.347,25.7,LOW
93.1,155.7,0.01,4.1,8.5,33.0,0.628,17.8,LOW
113.0,210.2,0.33,14.4,11.9,67.2,0.49,23.4,LOW
106.2,132.6,0.06,12.3,10.5,23.9,0.342,20.9,LOW
104.2,232.2,0.04,46.7,76.8,90.7,0.181,13.0,LOW
159.4,229.6,0.18,23.2,31.3,32.6,0.14,26.1,LOW
148.0,190.4,0.13,25.9,38.6,38.0,0.23,22.3,LOW
109.2,233.6,0.8,4.6,5.6,48.6,0.569,28.2,LOW
81.4,121.8,0.02,29.2,43.4,97.3,0.0,12.1,LOW
116.2,280.5,0.59,11.0,14.7,4.3,0.464,28.3,LOW
107.2,192.5,0.46,1.6,3.9,94.3,0.614,26.3,LOW
162.2,256.4,0.19,16.8,25.8,1.5,0.376,33.3,MEDIUM
162.9,234.1,1.24,1.1,4.2,70.3,0.766,45.8,MEDIUM
127.7,218.2,0.67,11.7,15.3,4.6,0.766,32.2,MEDIUM
103.5,224.3,0.46,4.2,3.5,115.8,0.723,25.4,LOW
163.4,226.5,0.26,17.4,19.9,79.8,0.448,34.5,MEDIUM
188.5,253.0,1.79,1.8,5.8,23.2,0.819,53.2,MEDIUM
90.0,155.0,0.36,1.1,6.2,86.7,0.895,24.2,LOW
132.5,253.9,1.62,1.2,4.3,23.6,0.83,43.9,MEDIUM
117.8,175.8,0.63,2.2,1.3,112.6,0.774,24.3,LOW
95.7,146.4,0.25,6.0,3.5,128.2,0.737,23.7,LOW
116.6,138.2,0.1,28.4,37.5,22.2,0.0,15.2,LOW
167.5,248.3,0.83,24.7,12.0,19.1,0.611,35.5,MEDIUM
106.1,144.0,0.0,43.5,44.9,41.2,0.379,20.2,LOW
157.5,235.7,0.0,39.8,67.0,6.0,0.195,27.7,LOW
131.8,175.2,0.0,44.8,72.6,138.7,0.0,17.3,LOW
151.8,250.5,1.28,1.4,2.0,71.3,0.939,44.2,MEDIUM
108.4,173.2,0.02,27.5,19.8,76.2,0.162,16.3,LOW
134.7,255.7,1.17,2.1,2.9,65.8,0.814,39.5,MEDIUM
198.3,315.3,0.09,36.8,53.3,1.1,0.0,33.1,MEDIUM
158.2,236.9,0.09,27.6,38.2,77.5,0.599,35.1,MEDIUM
143.5,219.6,0.81,21.3,11.4,52.4,0.125,24.4,LOW
96.3,151.7,0.11,20.2,12.5,136.4,0.367,16.3,LOW
111.0,159.9,0.02,24.1,20.5,52.5,0.0,15.3,LOW
133.9,189.9,0.16,24.2,29.5,15.7,0.298,21.0,LOW
63.9,140.9,0.0,30.6,46.7,77.5,0.172,6.4,LOW
131.0,204.9,1.23,5.6,3.1,41.1,0.811,33.1,MEDIUM
193.9,347.4,0.4,21.5,20.8,39.7,0.274,40.8,MEDIUM
228.0,298.3,1.63,12.0,12.2,15.1,0.665,50.4,MEDIUM
114.2,193.5,0.32,5.8,8.2,127.4,0.481,23.7,LOW
162.5,204.5,0.12,29.6,31.0,25.2,0.202,29.3,LOW
158.3,235.5,0.92,25.6,13.0,4.4,0.248,32.2,MEDIUM
156.3,243.3,0.15,23.5,35.5,12.3,0.387,30.7,MEDIUM
163.9,269.5,0.0,29.3,44.0,9.0,0.303,30.1,MEDIUM
95.5,196.0,0.19,14.1,12.0,3.4,0.564,26.1,LOW
212.8,354.3,3.96,1.8,0.6,6.4,0.786,88.1,CRITICAL
146.3,258.9,0.0,53.0,88.3,18.3,0.195,24.4,LOW
139.5,156.7,0.14,38.6,30.8,9.9,0.036,19.0,LOW
139.0,275.7,0.02,39.1,57.0,27.1,0.226,29.0,LOW
93.6,174.1,0.26,5.3,2.6,140.8,0.887,23.3,LOW
131.0,215.9,0.77,1.3,3.7,73.9,0.509,31.7,MEDIUM
146.6,202.3,1.44,4.7,1.7,67.1,0.737,35.6,MEDIUM
143.7,265.1,0.75,0.6,6.3,5.6,0.883,43.4,MEDIUM
199.5,268.4,2.66,2.7,0.4,30.9,0.936,63.3,HIGH
106.1,167.3,0.0,34.4,52.6,51.2,0.311,16.5,LOW
116.3,203.2,0.52,1.9,9.6,39.0,0.758,29.4,LOW
125.1,226.9,0.1,31.7,40.2,46.9,0.289,20.5,LOW
173.9,279.0,0.03,32.4,44.9,40.8,0.108,31.4,MEDIUM
175.5,205.4,0.0,29.6,44.5,59.4,0.187,33.4,MEDIUM
64.6,103.4,0.02,14.9,16.8,144.8,0.241,11.3,LOW
206.2,234.2,0.0,58.3,88.2,18.0,0.301,34.9,MEDIUM
212.1,291.6,0.0,33.9,55.6,16.8,0.274,40.5,MEDIUM
231.3,303.1,0.08,50.8,80.0,12.1,0.0,39.8,MEDIUM
138.9,211.3,0.17,21.6,22.3,15.4,0.378,22.6,LOW
122.9,191.0,0.0,30.8,51.3,23.1,0.407,23.3,LOW
117.2,234.4,0.48,17.8,15.5,54.9,0.541,26.5,LOW
223.5,270.1,0.22,21.0,33.3,32.6,0.206,44.9,MEDIUM
87.5,147.5,0.2,22.2,30.3,107.1,0.0,12.7,LOW
156.7,296.3,2.04,4.4,2.1,17.0,0.731,44.2,MEDIUM
177.6,270.7,1.31,0.6,5.8,67.1,0.648,51.8,MEDIUM
123.8,203.2,0.05,24.7,38.9,43.4,0.391,21.4,LOW
155.0,242.7,2.75,3.1,0.9,8.9,0.85,54.4,MEDIUM
177.8,230.6,0.02,26.7,36.8,60.7,0.442,31.9,MEDIUM
124.1,183.9,0.17,17.0,22.3,40.0,0.668,26.0,LOW
87.8,170.0,0.03,67.6,117.8,69.1,0.239,14.1,LOW
86.4,239.7,0.5,4.3,1.1,87.3,0.935,28.5,LOW
166.6,226.8,0.39,12.5,18.3,14.7,0.693,37.9,MEDIUM
108.2,213.5,0.1,47.3,79.6,62.9,0.341,18.1,LOW
126.5,193.4,1.23,0.8,0.4,29.8,0.77,40.2,MEDIUM
145.4,251.3,0.24,24.8,26.8,2.3,0.104,26.5,LOW
164.5,246.1,1.33,20.2,11.0,3.3,0.729,37.1,MEDIUM
134.7,206.3,0.68,5.4,7.5,76.6,0.653,32.3,MEDIUM
116.4,161.9,0.12,24.2,34.1,74.2,0.488,25.7,LOW
199.6,268.1,1.27,10.9,15.9,5.2,0.436,45.1,MEDIUM
205.4,262.0,0.48,19.4,21.5,38.1,0.512,41.9,MEDIUM
174.0,258.4,2.48,2.5,0.2,35.5,0.358,50.6,MEDIUM
105.0,137.1,0.0,24.4,19.8,122.7,0.24,14.9,LOW
86.5,169.5,0.04,1.4,2.2,57.6,0.741,20.9,LOW
96.7,164.6,0.06,12.4,16.6,110.9,0.557,16.7,LOW
85.3,216.4,0.19,1.7,2.4,81.4,0.907,26.5,LOW
131.3,230.3,0.06,37.8,27.7,22.4,0.012,20.1,LOW
227.0,336.8,2.78,2.4,4.9,15.9,0.827,71.1,HIGH
133.1,195.4,1.79,1.6,0.9,7.1,0.935,44.6,MEDIUM
112.0,170.5,0.0,34.6,42.8,39.8,0.552,20.9,LOW
205.2,331.9,2.66,3.3,6.3,4.1,0.807,60.5,HIGH
128.5,187.7,0.32,4.0,0.4,144.5,0.613,27.5,LOW
132.7,223.5,0.14,33.3,30.1,72.2,0.021,25.3,LOW
79.9,137.4,0.1,18.3,18.8,42.5,0.658,14.1,LOW
162.8,253.9,0.28,17.9,23.8,13.9,0.502,41.0,MEDIUM
104.9,173.8,0.0,31.6,51.5,105.9,0.222,13.9,LOW
120.0,196.1,0.33,2.9,5.3,87.6,0.47,24.1,LOW
187.6,315.0,1.63,2.8,7.3,2.9,0.574,46.0,MEDIUM
144.0,188.3,0.1,34.2,34.6,68.5,0.298,24.1,LOW
134.8,230.6,0.58,17.0,11.5,19.2,0.458,21.4,LOW
129.9,212.5,0.47,4.8,7.6,113.5,0.368,28.8,LOW
127.4,283.9,0.0,27.6,42.1,4.5,0.36,24.8,LOW
86.1,141.9,0.07,21.8,11.0,14.7,0.099,11.9,LOW
95.2,212.5,0.0,21.8,10.6,171.4,0.538,24.0,LOW
148.0,282.9,0.0,42.9,73.4,23.3,0.175,25.6,LOW
162.9,220.7,2.28,2.2,0.6,18.9,0.664,52.1,MEDIUM
129.1,191.6,0.0,47.0,75.3,1.5,0.271,19.0,LOW
71.6,190.5,0.07,9.1,10.3,51.8,0.609,19.3,LOW
142.0,221.0,0.0,52.1,82.0,5.4,0.298,24.5,LOW
152.0,239.6,1.65,3.9,3.7,50.0,0.696,34.6,MEDIUM
107.9,203.4,0.2,16.5,21.6,23.3,0.434,24.7,LOW
214.8,267.3,0.19,22.4,33.7,28.8,0.283,41.6,MEDIUM
175.7,246.0,0.11,23.8,35.0,24.5,0.349,34.0,MEDIUM
182.9,258.6,2.35,5.4,2.6,29.4,0.899,48.5,MEDIUM
153.4,252.9,1.12,1.7,2.5,66.2,0.671,43.3,MEDIUM
157.0,225.1,0.36,30.7,24.4,36.6,0.332,27.1,LOW
85.2,137.1,0.23,3.9,2.6,135.7,0.552,19.5,LOW
129.8,189.0,0.05,42.6,40.5,115.0,0.0,19.0,LOW
95.3,170.9,0.02,31.4,47.2,118.0,0.259,14.7,LOW
44.2,107.0,0.0,5.7,4.0,169.4,0.692,10.2,LOW
181.7,236.2,0.0,40.1,36.8,4.7,0.145,31.9,MEDIUM
52.5,113.7,0.26,3.4,1.4,91.3,0.473,6.8,LOW
165.1,208.3,0.07,48.7,78.7,8.1,0.16,25.3,LOW
215.0,275.9,1.09,19.7,18.6,18.1,0.403,40.5,MEDIUM
166.3,248.4,0.11,21.4,33.1,9.0,0.207,33.1,MEDIUM
136.0,157.4,0.14,27.4,32.8,19.4,0.064,20.7,LOW
100.3,203.2,0.0,23.5,27.0,9.5,0.275,18.5,LOW
91.1,207.0,0.16,26.2,22.5,75.6,0.378,16.4,LOW
57.4,127.9,0.27,5.9,0.9,100.4,0.695,13.4,LOW
100.4,169.4,0.16,41.9,50.4,108.4,0.017,12.7,LOW
174.1,246.7,0.33,18.4,23.3,44.3,0.404,36.0,MEDIUM
124.0,229.3,0.69,2.2,7.4,59.4,0.866,30.3,MEDIUM
115.3,228.6,0.56,31.7,10.8,57.5,0.05,18.9,LOW
124.6,203.1,0.57,9.1,11.4,50.8,0.565,28.4,LOW
137.2,234.2,1.25,3.6,1.9,11.5,0.894,37.2,MEDIUM
124.2,216.2,0.55,2.2,5.4,64.2,0.541,32.5,MEDIUM
167.0,238.6,2.91,0.5,0.7,2.0,0.957,69.8,HIGH
59.2,184.5,0.08,19.1,22.6,118.4,0.615,15.7,LOW
172.3,314.8,0.8,19.0,13.6,3.2,0.341,38.8,MEDIUM
68.6,103.6,0.0,46.5,80.1,99.5,0.073,4.1,LOW
82.8,180.7,0.18,6.0,7.0,99.9,0.785,23.5,LOW
106.2,167.7,0.23,14.4,21.6,108.0,0.422,16.4,LOW
87.7,163.1,0.31,1.8,1.9,103.6,0.391,15.8,LOW
167.9,277.0,1.0,5.9,9.2,39.9,0.618,41.2,MEDIUM
111.5,165.0,0.0,16.2,23.9,2.7,0.488,19.5,LOW
95.4,171.8,0.0,50.0,76.0,162.0,0.219,15.6,LOW
172.1,270.4,0.0,57.0,81.9,4.8,0.0,30.0,MEDIUM
67.9,198.3,0.05,4.1,1.4,43.7,0.639,19.3,LOW
76.6,165.9,0.05,22.0,24.5,78.3,0.478,15.2,LOW
195.6,281.4,1.8,5.5,6.5,30.8,0.634,44.9,MEDIUM
146.3,197.2,0.0,34.1,52.5,20.2,0.0,23.1,LOW
186.9,280.2,0.35,21.9,33.7,14.3,0.519,41.9,MEDIUM
187.2,268.6,1.61,5.8,6.1,29.6,0.602,45.1,MEDIUM
115.1,247.1,0.54,15.7,12.5,10.7,0.591,27.2,LOW
79.2,164.4,0.24,3.6,0.4,161.1,0.483,14.3,LOW
190.2,274.8,1.26,14.5,13.2,1.4,0.43,39.7,MEDIUM
219.9,246.1,0.87,14.2,19.9,9.9,0.529,46.3,MEDIUM
135.8,230.7,0.43,18.3,16.3,40.7,0.372,28.9,LOW
199.2,274.0,0.08,24.0,32.7,42.5,0.129,38.2,MEDIUM
114.9,220.6,0.43,6.0,3.9,83.8,0.271,25.7,LOW
129.0,161.0,0.0,29.3,44.2,108.7,0.476,22.0,LOW
93.9,233.5,0.46,10.7,12.0,18.5,0.559,21.5,LOW
119.5,200.7,0.43,17.5,12.5,64.0,0.572,27.5,LOW
114.6,194.2,0.37,4.7,9.0,39.4,0.802,27.0,LOW
198.0,293.2,0.14,24.4,37.9,43.1,0.391,38.6,MEDIUM
110.7,193.4,0.62,12.1,13.1,19.8,0.444,22.8,LOW
151.9,210.7,0.87,3.4,9.5,51.3,0.772,37.8,MEDIUM
96.4,186.8,0.08,25.8,25.3,17.8,0.499,19.4,LOW
146.6,221.5,0.19,16.8,25.6,9.7,0.421,24.4,LOW
138.4,329.3,0.44,20.3,10.2,17.7,0.64,34.1,MEDIUM
202.6,349.3,0.03,41.2,48.3,16.3,0.0,35.9,MEDIUM
72.3,181.1,0.14,10.0,12.2,121.9,0.296,15.8,LOW
184.0,255.6,0.26,20.1,32.7,12.9,0.507,35.4,MEDIUM
219.1,305.2,2.32,4.1,8.9,2.5,0.556,55.5,HIGH
227.8,286.7,0.13,33.5,38.2,10.2,0.516,45.9,MEDIUM
165.1,225.2,0.12,38.0,37.2,22.9,0.376,30.9,MEDIUM
104.1,189.8,0.0,21.2,31.8,75.8,0.581,23.4,LOW
157.8,302.3,0.08,41.8,40.2,17.9,0.283,29.7,LOW
90.7,159.5,0.0,14.1,21.6,17.7,0.316,16.0,LOW
153.4,285.7,1.85,1.6,5.3,3.1,0.502,49.6,MEDIUM
181.8,264.8,0.76,14.6,18.0,33.0,0.67,43.1,MEDIUM
94.3,202.8,0.34,0.6,6.1,33.7,0.557,25.5,LOW
109.4,135.9,0.0,27.5,24.2,19.2,0.504,21.1,LOW
163.1,252.5,2.14,1.9,3.2,16.9,0.842,57.0,HIGH
140.3,238.9,0.03,14.7,21.3,89.4,0.432,30.7,MEDIUM
120.4,240.2,0.66,2.9,4.1,36.3,0.779,32.2,MEDIUM
179.1,283.4,0.77,20.5,22.4,21.7,0.421,38.9,MEDIUM
122.2,183.0,0.04,59.1,102.6,2.7,0.045,15.7,LOW
175.6,275.5,0.21,18.3,28.9,7.7,0.599,40.7,MEDIUM
160.0,287.0,0.84,1.8,9.4,69.5,0.954,46.9,MEDIUM
131.8,235.3,0.96,3.3,7.0,39.7,0.724,32.4,MEDIUM
121.0,222.7,0.32,10.6,13.7,72.6,0.433,25.6,LOW
189.2,250.6,0.53,15.2,18.1,48.3,0.631,42.0,MEDIUM
128.3,184.9,0.19,20.4,23.4,11.9,0.05,19.0,LOW
39.7,97.3,0.0,4.1,7.5,233.4,0.745,9.8,LOW
251.2,278.9,0.66,16.7,25.3,13.0,0.521,49.9,MEDIUM
111.4,182.7,0.85,4.1,4.8,66.6,0.555,24.7,LOW
221.6,357.0,0.09,47.4,65.2,16.2,0.266,43.9,MEDIUM
128.1,248.2,0.06,23.1,33.0,65.9,0.314,26.5,LOW
115.0,178.1,0.31,14.1,16.4,65.0,0.374,21.7,LOW
123.7,197.1,0.15,23.3,28.8,56.5,0.459,25.3,LOW
63.5,130.8,0.01,5.4,4.4,243.3,0.481,11.3,LOW
130.3,213.9,0.14,34.3,49.1,19.2,0.333,20.5,LOW
183.0,206.7,0.11,35.0,58.1,2.4,0.0,29.3,LOW
197.2,354.1,2.02,5.8,5.6,18.5,0.677,50.0,MEDIUM
232.5,379.6,3.41,5.4,1.2,25.9,0.651,67.5,HIGH
230.6,303.7,1.39,9.5,11.1,22.5,0.467,47.2,MEDIUM
130.7,192.4,0.0,33.6,27.9,116.2,0.267,20.6,LOW
35.0,158.1,0.0,55.6,89.8,136.4,0.075,0.9,LOW
126.4,254.5,0.66,12.5,10.4,41.4,0.643,27.8,LOW
76.6,143.1,0.15,8.0,10.2,106.6,0.665,17.5,LOW
139.5,229.5,1.2,3.9,3.4,41.6,0.752,36.9,MEDIUM
163.7,217.4,0.0,35.8,50.7,88.1,0.234,28.8,LOW
229.0,219.8,0.0,49.7,78.1,6.9,0.039,40.3,MEDIUM
130.7,245.5,0.69,1.6,2.0,89.9,0.704,28.5,LOW
117.1,191.3,0.62,5.7,2.6,38.0,0.674,27.8,LOW
73.2,164.1,0.0,1.5,7.8,238.0,0.729,20.4,LOW
120.1,244.5,0.12,44.8,55.9,11.9,0.3,19.7,LOW
107.0,172.1,0.0,70.4,120.4,84.0,0.062,11.5,LOW
99.1,214.9,0.15,8.3,11.1,58.5,0.629,23.5,LOW
177.0,222.2,0.1,22.8,35.1,42.3,0.11,33.0,MEDIUM
180.5,212.0,0.47,15.8,22.6,14.6,0.567,35.0,MEDIUM
130.9,285.0,0.54,1.3,6.3,77.4,0.671,33.2,MEDIUM
178.1,331.7,0.87,13.0,20.0,10.4,0.319,36.7,MEDIUM
124.8,184.2,0.04,44.8,73.0,6.2,0.38,22.2,LOW
170.8,312.6,0.26,35.3,36.0,16.3,0.299,32.4,MEDIUM
209.5,264.3,0.2,26.8,37.8,12.4,0.421,41.5,MEDIUM
238.7,295.5,0.21,29.6,34.4,14.9,0.313,47.6,MEDIUM
94.2,212.1,0.52,2.2,4.0,63.9,0.717,24.1,LOW
157.6,254.2,0.61,12.6,18.0,11.5,0.441,30.8,MEDIUM
90.0,127.2,0.11,31.8,29.3,126.6,0.342,14.4,LOW
76.1,226.8,0.05,16.8,19.0,72.8,0.578,19.8,LOW
121.0,213.0,1.5,3.7,0.5,15.7,0.681,33.0,MEDIUM
147.7,242.2,1.91,4.2,2.5,25.1,0.986,42.1,MEDIUM
102.4,185.4,0.03,38.7,58.8,54.9,0.14,15.4,LOW
166.6,233.3,0.15,22.9,35.7,11.1,0.111,30.2,MEDIUM
48.2,169.1,0.04,31.8,34.1,208.3,0.0,3.8,LOW
92.9,205.9,0.0,71.0,54.2,15.4,0.0,10.8,LOW
224.9,256.7,0.13,24.9,30.5,5.5,0.234,41.2,MEDIUM
76.3,111.7,0.0,56.4,94.9,172.4,0.049,7.3,LOW
96.1,151.8,0.0,34.6,59.0,47.1,0.303,15.4,LOW
125.6,286.4,0.99,0.6,8.1,3.8,0.778,40.2,MEDIUM
108.3,208.8,0.13,22.8,10.5,73.0,0.447,19.8,LOW
162.0,235.6,0.53,13.8,18.8,4.8,0.467,31.0,MEDIUM
216.0,320.1,2.05,4.8,7.9,9.1,0.663,51.3,MEDIUM
181.8,202.8,0.08,36.1,49.1,12.4,0.102,29.0,LOW
96.8,204.6,0.22,1.5,5.0,25.9,0.968,27.9,LOW
140.4,214.9,0.25,17.7,22.5,4.6,0.165,24.3,LOW
157.4,255.1,0.0,23.7,34.4,33.2,0.356,34.8,MEDIUM
117.9,146.9,0.33,18.6,22.5,51.0,0.352,19.6,LOW
113.0,246.4,0.61,2.1,7.6,24.3,0.852,29.3,LOW
118.8,165.2,0.16,13.9,17.3,1.1,0.456,23.0,LOW
133.9,200.6,0.95,2.3,4.0,77.5,0.732,31.7,MEDIUM
169.6,281.5,0.71,16.8,18.4,24.5,0.368,39.4,MEDIUM
68.2,212.8,0.18,37.4,20.4,114.1,0.388,12.8,LOW
89.7,137.0,0.07,17.5,17.6,23.9,0.397,17.2,LOW
210.3,252.1,0.78,23.7,19.9,3.5,0.605,43.8,MEDIUM
69.4,167.0,0.17,2.3,7.2,31.3,0.77,19.6,LOW
96.2,165.3,0.1,54.9,84.6,120.2,0.092,11.1,LOW
115.1,171.9,0.0,21.9,32.5,104.0,0.311,20.0,LOW
93.7,178.5,0.07,21.1,24.4,81.7,0.429,16.0,LOW
115.2,166.8,0.01,24.3,27.3,31.8,0.214,17.8,LOW
164.2,217.4,1.05,12.8,12.1,11.6,0.5,34.8,MEDIUM
166.4,181.1,0.02,67.9,64.8,14.1,0.054,25.2,LOW
197.1,312.4,2.48,4.7,4.0,1.0,0.712,53.6,MEDIUM
141.4,267.5,1.89,0.7,1.3,21.5,0.83,52.0,MEDIUM
184.9,271.3,0.22,25.2,28.0,3.0,0.353,41.3,MEDIUM
138.2,151.9,0.22,32.0,22.0,56.8,0.237,21.9,LOW
119.0,198.6,0.5,8.5,10.1,39.0,0.805,29.8,LOW
137.9,244.0,0.0,69.5,99.3,16.9,0.113,23.2,LOW
84.4,303.3,0.0,20.8,31.3,80.7,0.739,22.6,LOW
165.7,283.7,0.82,14.4,18.3,5.4,0.457,36.1,MEDIUM
92.6,172.1,0.0,30.2,39.4,64.1,0.383,19.7,LOW
100.7,191.2,0.67,1.6,4.6,63.6,0.642,25.7,LOW
136.5,256.0,0.81,9.1,10.6,28.9,0.765,36.0,MEDIUM
142.0,192.6,0.64,0.6,5.8,109.8,0.675,34.8,MEDIUM
131.9,192.5,0.58,4.8,6.1,59.1,0.729,30.2,MEDIUM
157.2,209.3,0.0,26.2,37.9,63.2,0.241,26.0,LOW
59.7,157.3,0.03,19.2,16.0,167.8,0.439,15.0,LOW
122.1,181.1,0.21,82.9,20.7,102.0,0.0,14.3,LOW
131.7,243.7,0.78,5.9,9.5,38.5,0.513,27.6,LOW
223.3,307.2,3.21,4.1,3.5,2.5,0.638,67.4,HIGH
257.1,332.4,3.06,3.7,7.7,1.0,0.92,69.2,HIGH
73.2,140.0,0.06,5.5,8.0,99.1,0.712,18.9,LOW
193.4,227.2,0.37,16.7,23.7,54.9,0.217,37.5,MEDIUM
82.6,162.5,0.06,26.0,32.8,172.0,0.447,17.0,LOW
162.3,198.0,0.0,65.5,104.6,46.0,0.0,21.1,LOW
123.5,196.7,0.0,35.4,56.0,67.8,0.306,22.1,LOW
65.5,196.4,0.0,86.3,114.4,177.5,0.108,3.0,LOW
147.4,189.9,0.05,25.3,38.8,60.9,0.383,27.3,LOW
82.4,211.8,0.2,1.9,0.5,40.2,1.0,28.5,LOW
129.6,199.0,1.5,0.9,3.1,31.5,0.648,36.8,MEDIUM
60.4,149.9,0.13,23.2,22.9,103.1,0.408,9.3,LOW
102.0,224.5,0.16,23.6,17.5,24.8,0.5,19.7,LOW
152.7,219.7,1.01,3.3,6.4,58.1,0.604,35.0,MEDIUM
185.2,304.9,1.61,1.9,6.7,32.0,0.629,48.8,MEDIUM
104.0,178.0,0.03,22.8,34.0,172.4,0.278,19.2,LOW
199.7,347.1,1.04,17.1,11.3,26.3,0.453,44.3,MEDIUM
113.9,160.6,0.08,29.9,34.8,70.4,0.031,15.9,LOW
134.3,183.7,0.07,33.7,31.3,131.9,0.29,23.3,LOW
120.7,164.7,0.47,9.8,13.0,60.2,0.328,16.5,LOW
168.4,365.8,0.53,14.5,19.7,11.3,0.642,40.4,MEDIUM
185.8,336.5,1.69,3.0,9.6,13.0,0.787,54.6,MEDIUM
203.9,264.2,0.57,15.2,24.0,8.8,0.722,43.2,MEDIUM
157.8,245.9,0.0,44.3,65.8,52.2,0.236,25.6,LOW
150.4,271.7,0.0,32.7,37.7,40.7,0.17,27.0,LOW
145.1,193.6,0.29,18.2,25.2,41.7,0.266,27.9,LOW
107.7,178.3,0.01,23.8,34.9,64.1,0.344,16.4,LOW
220.5,247.1,1.09,11.0,13.8,8.0,0.511,45.6,MEDIUM
115.1,244.7,0.35,12.0,13.7,74.2,0.673,30.9,MEDIUM
139.3,204.4,1.21,3.0,3.9,1.7,0.57,31.7,MEDIUM
152.5,205.4,0.65,10.9,12.4,1.2,0.821,33.6,MEDIUM
181.9,266.9,0.44,15.0,20.0,14.8,0.631,42.8,MEDIUM
123.8,180.2,0.85,11.1,10.9,7.5,0.482,24.4,LOW
153.2,272.2,1.85,2.3,1.8,18.9,1.0,52.1,MEDIUM
54.1,113.2,0.21,3.2,1.3,109.8,0.587,9.8,LOW
43.2,162.8,0.02,2.6,9.1,166.6,0.752,17.1,LOW
205.0,254.9,2.09,1.1,6.1,10.6,0.573,57.2,HIGH
124.6,214.6,0.43,13.0,15.7,40.3,0.753,30.2,MEDIUM
164.2,209.0,0.22,17.0,23.0,67.5,0.159,25.7,LOW
111.7,152.4,0.08,15.0,22.5,8.3,0.223,21.2,LOW
130.8,326.2,0.73,5.3,5.4,19.5,0.553,37.1,MEDIUM
74.6,138.7,0.15,23.9,37.6,42.3,0.506,11.0,LOW
107.8,144.8,0.03,39.6,59.8,2.2,0.307,19.5,LOW
84.6,231.6,0.0,25.3,23.9,33.4,0.31,13.8,LOW
171.5,242.7,0.47,13.7,20.2,9.1,0.616,35.3,MEDIUM
72.3,198.0,0.3,4.4,5.5,27.7,0.655,18.9,LOW
210.3,286.1,3.62,0.7,0.9,1.5,0.84,84.1,CRITICAL
160.6,224.0,0.06,23.7,33.9,23.9,0.557,34.8,MEDIUM
145.3,205.6,0.1,47.6,64.6,5.0,0.082,22.5,LOW
133.2,206.0,0.02,46.1,75.4,68.9,0.012,17.8,LOW
145.1,300.9,1.98,1.1,1.5,19.1,0.835,56.6,HIGH
146.6,172.6,0.04,31.3,28.0,11.5,0.34,25.1,LOW
159.0,225.0,0.41,16.7,15.9,34.0,0.426,33.4,MEDIUM
116.8,175.1,0.62,1.0,0.7,79.6,0.918,34.4,MEDIUM
156.0,243.1,0.76,13.7,12.9,2.7,0.433,31.7,MEDIUM
207.4,348.6,1.85,0.8,7.2,21.5,0.793,63.6,HIGH
111.5,346.8,0.4,18.1,18.8,45.0,0.444,29.6,LOW
136.9,240.8,0.14,23.8,28.2,20.7,0.352,29.0,LOW
131.1,254.0,0.2,13.2,18.6,104.0,0.713,30.8,MEDIUM
136.8,189.5,0.27,19.7,23.8,55.8,0.419,26.2,LOW
103.3,156.3,0.04,18.2,22.9,210.9,0.341,15.2,LOW
169.6,276.4,2.86,0.8,0.2,26.5,0.853,68.2,HIGH
78.2,158.4,0.04,57.0,85.0,120.2,0.233,12.5,LOW
171.3,242.4,0.29,29.6,39.2,14.6,0.361,29.2,LOW
107.9,177.9,0.76,1.4,0.9,87.4,0.865,33.9,MEDIUM
124.4,236.0,0.0,5.2,6.5,12.2,0.426,31.3,MEDIUM
100.1,169.9,0.16,5.1,6.8,108.6,0.28,15.9,LOW
105.3,240.4,0.91,4.8,3.1,29.4,0.851,27.7,LOW
156.8,285.2,1.85,3.9,2.2,27.7,0.751,42.9,MEDIUM
145.7,202.8,0.37,15.4,17.5,24.4,0.43,28.2,LOW
189.9,328.9,1.62,4.5,3.1,55.3,0.773,50.6,MEDIUM
84.8,183.6,0.01,27.1,35.3,34.0,0.56,18.7,LOW
80.6,187.0,0.14,12.1,17.6,166.7,0.705,19.8,LOW
111.2,204.5,0.61,4.6,6.5,37.9,0.811,26.2,LOW
96.9,212.6,0.07,26.1,32.8,184.2,0.149,15.7,LOW
97.7,212.2,0.08,19.1,28.4,28.7,0.259,23.3,LOW
177.8,200.4,0.07,47.2,71.7,12.8,0.0,28.3,LOW
134.8,212.4,0.7,5.4,4.5,57.4,0.74,35.4,MEDIUM
106.3,226.6,0.77,4.5,3.9,26.7,0.834,30.0,MEDIUM
131.7,234.5,0.91,4.6,4.2,38.0,0.845,37.9,MEDIUM
117.5,243.2,0.59,17.3,11.3,34.9,0.502,25.9,LOW
79.2,197.4,0.0,31.7,46.2,114.0,0.202,15.0,LOW
194.2,234.5,0.0,47.7,79.8,45.5,0.034,34.1,MEDIUM
108.5,149.3,0.07,17.2,22.8,14.3,0.279,18.2,LOW
106.8,175.6,0.23,32.0,41.9,37.3,0.198,17.0,LOW
200.7,257.4,0.0,60.9,104.3,43.4,0.0,29.7,LOW
80.6,194.3,0.22,4.9,1.0,41.6,0.92,23.4,LOW
106.6,123.4,0.1,38.0,60.4,74.6,0.0,17.8,LOW
184.3,233.2,1.24,3.6,9.6,1.8,0.664,45.5,MEDIUM
163.1,294.3,3.14,1.7,0.5,2.5,0.458,62.3,HIGH
108.4,195.9,0.35,9.5,12.7,57.2,0.592,22.8,LOW
170.8,228.4,0.04,47.7,71.7,2.4,0.118,30.8,MEDIUM
108.0,213.4,0.0,18.5,13.2,177.9,0.329,21.6,LOW
91.2,164.5,0.14,12.4,17.9,85.6,0.347,17.6,LOW
100.7,192.7,0.25,1.0,7.0,95.7,0.77,25.8,LOW
259.5,301.2,5.27,2.8,0.3,4.1,0.633,92.5,CRITICAL
77.5,118.4,0.1,41.7,59.9,65.7,0.13,8.9,LOW
207.7,279.3,0.65,16.6,21.6,28.1,0.705,47.9,MEDIUM
217.7,283.2,2.97,1.0,1.9,38.2,0.794,73.7,HIGH
163.0,208.9,0.43,20.1,25.1,87.7,0.438,30.5,MEDIUM
75.1,138.6,0.12,1.4,7.0,51.7,0.686,15.7,LOW
161.8,256.5,2.91,0.6,1.6,3.9,0.662,64.6,HIGH
92.8,192.1,0.18,11.9,11.9,163.6,0.494,20.1,LOW
68.0,118.0,0.06,27.8,44.4,148.1,0.639,9.8,LOW
162.8,211.1,0.0,36.6,52.4,2.5,0.142,28.0,LOW
98.1,193.0,0.01,25.2,31.2,61.3,0.346,18.2,LOW
63.5,147.6,0.0,21.2,26.3,60.1,0.218,5.0,LOW
222.3,283.1,2.12,2.2,6.6,8.1,0.321,54.4,MEDIUM
192.9,277.9,1.49,5.8,4.2,59.0,0.515,43.7,MEDIUM
94.5,212.8,0.02,27.4,42.1,14.6,0.625,18.6,LOW
88.8,153.7,0.07,20.3,11.5,37.3,0.444,15.7,LOW
177.2,247.2,0.0,40.2,65.9,1.8,0.406,31.8,MEDIUM
75.9,117.1,0.21,23.5,20.2,54.7,0.26,7.0,LOW
111.1,156.8,0.0,31.2,32.1,91.9,0.0,10.8,LOW
181.4,259.8,0.62,19.5,26.2,30.5,0.201,32.4,MEDIUM
149.8,226.1,0.82,27.5,16.5,11.6,0.326,32.1,MEDIUM
220.1,286.6,4.18,2.6,0.5,5.9,0.757,80.4,CRITICAL
88.9,168.4,0.25,1.8,3.8,5.9,0.742,22.2,LOW
114.4,188.5,0.74,2.7,6.0,34.6,0.638,26.5,LOW
115.3,198.6,0.36,2.2,2.0,140.3,0.875,34.4,MEDIUM
60.2,170.2,0.03,4.2,3.6,104.3,0.601,11.0,LOW
69.4,146.2,0.02,14.7,20.4,88.1,0.491,11.9,LOW
102.7,175.7,0.19,18.0,22.8,74.5,0.418,20.1,LOW
129.4,217.9,0.02,23.8,30.9,16.6,0.254,23.5,LOW
158.0,209.6,1.78,4.0,5.3,9.0,0.55,34.9,MEDIUM
210.7,296.8,0.11,52.7,39.4,1.6,0.033,37.4,MEDIUM
103.2,193.5,0.59,0.7,6.0,58.3,1.0,28.1,LOW
104.5,183.4,0.58,3.3,0.7,106.5,0.868,26.9,LOW
37.8,161.8,0.0,20.0,12.5,134.1,0.512,9.0,LOW
112.9,203.6,0.5,0.7,5.2,125.1,0.66,31.1,MEDIUM
85.4,157.7,0.17,23.9,22.5,57.8,0.092,7.3,LOW
176.0,230.2,0.12,37.8,63.8,35.6,0.341,31.7,MEDIUM
96.9,153.1,0.26,12.6,14.5,7.8,0.619,20.1,LOW
122.5,169.7,0.0,46.1,62.3,89.1,0.147,17.1,LOW
128.1,232.2,0.44,23.8,11.8,83.9,0.254,22.8,LOW
102.5,192.2,0.41,4.2,0.9,140.7,0.456,21.7,LOW
111.6,165.5,0.2,36.7,60.0,99.3,0.314,20.2,LOW
86.7,217.4,0.06,17.4,16.1,68.5,0.576,21.3,LOW
152.0,184.0,0.11,30.9,48.6,16.2,0.13,23.2,LOW
147.3,189.6,0.85,5.6,6.1,14.4,0.524,29.4,LOW
114.4,169.7,0.44,21.5,20.0,34.9,0.525,20.0,LOW
88.5,131.2,0.27,5.5,2.3,145.9,0.546,19.7,LOW
157.3,259.9,0.35,15.3,23.5,3.1,0.7,35.3,MEDIUM
156.2,218.9,0.87,10.1,12.7,23.2,0.518,30.7,MEDIUM
172.3,212.1,0.23,28.7,41.2,78.0,0.196,30.4,MEDIUM
130.4,211.3,0.16,15.5,23.6,99.0,0.437,27.0,LOW
147.7,194.6,0.26,18.6,24.7,24.3,0.322,26.7,LOW
113.0,211.3,0.25,9.2,11.4,78.3,0.722,27.7,LOW
148.3,315.9,0.16,32.8,26.6,18.3,0.349,30.1,MEDIUM
141.1,207.1,0.0,45.8,34.4,20.2,0.292,24.6,LOW
123.7,284.2,0.26,13.8,18.8,49.8,0.489,29.6,LOW
130.5,201.4,0.15,31.4,44.3,65.4,0.16,20.2,LOW
102.8,208.5,0.1,1.6,6.8,121.6,0.748,28.2,LOW
60.6,130.7,0.15,14.6,17.4,180.1,0.382,8.0,LOW
133.5,177.6,0.16,33.9,24.4,15.8,0.426,21.5,LOW
106.0,202.8,0.36,10.6,10.9,22.0,0.674,25.3,LOW
140.2,230.4,0.83,4.6,5.8,17.2,0.652,33.8,MEDIUM
123.7,186.3,1.22,4.9,2.7,15.4,0.52,28.0,LOW
93.0,187.5,0.0,24.8,22.0,144.0,0.528,22.2,LOW
171.4,284.9,1.54,5.3,7.1,13.1,0.669,37.7,MEDIUM
145.6,192.7,0.74,1.9,1.8,23.9,0.721,32.5,MEDIUM
240.4,357.3,0.63,17.3,20.9,12.0,0.632,54.8,MEDIUM
129.5,190.0,0.81,3.0,2.9,60.4,0.634,32.6,MEDIUM
64.0,191.8,0.0,39.1,52.2,80.9,0.119,7.2,LOW
136.2,252.9,1.18,1.7,2.3,67.1,0.712,35.7,MEDIUM
201.5,268.8,0.27,21.8,34.2,3.8,0.138,35.5,MEDIUM
111.5,234.2,0.15,39.2,25.1,60.7,0.214,18.5,LOW
100.8,213.2,0.76,0.6,1.5,56.7,0.666,31.3,MEDIUM
183.7,265.3,1.33,20.2,11.1,20.9,0.272,40.4,MEDIUM
47.8,96.8,0.07,29.9,42.5,118.9,0.136,1.6,LOW
76.1,171.4,0.26,4.1,4.3,146.4,0.59,18.9,LOW
115.6,191.0,0.0,13.3,15.7,132.0,0.343,24.0,LOW
194.0,273.8,0.25,29.5,43.0,30.7,0.283,36.0,MEDIUM
99.7,166.8,0.37,2.9,4.8,128.9,0.69,26.8,LOW
61.7,145.6,0.01,1.9,7.2,66.6,0.75,15.2,LOW
111.4,198.3,0.75,5.2,2.8,43.0,1.0,28.7,LOW
218.9,295.3,0.12,36.6,59.4,2.1,0.162,43.6,MEDIUM
194.1,265.2,2.69,3.2,2.5,21.0,0.794,58.9,HIGH
127.3,228.4,0.0,44.6,74.1,78.2,0.242,19.1,LOW
92.5,177.5,0.02,10.0,12.2,32.5,0.526,18.8,LOW
223.7,297.5,0.27,25.8,38.3,25.1,0.326,43.0,MEDIUM
137.1,269.0,0.23,26.2,33.3,13.2,0.284,25.8,LOW
102.0,202.3,0.27,19.3,23.4,63.7,0.4,20.3,LOW
169.5,270.6,0.65,30.9,13.8,44.7,0.145,30.3,MEDIUM
112.9,177.4,0.16,14.5,22.3,68.9,0.374,25.2,LOW
96.9,171.4,0.34,6.0,9.4,82.2,0.633,21.3,LOW
151.0,183.2,0.14,20.5,26.3,28.7,0.057,24.0,LOW
176.1,240.1,2.08,4.9,0.4,39.4,0.883,47.3,MEDIUM
117.1,217.3,1.44,5.3,1.8,7.8,0.972,34.7,MEDIUM
70.9,158.9,0.42,4.8,2.9,56.3,0.687,19.0,LOW
152.6,249.2,1.61,1.1,4.5,14.9,0.866,48.2,MEDIUM
194.8,313.8,2.17,0.9,6.8,14.0,0.935,67.2,HIGH
197.1,233.0,0.14,32.5,43.1,39.1,0.019,32.6,MEDIUM
89.4,144.9,0.21,51.6,89.2,77.7,0.241,9.3,LOW
209.1,280.9,2.01,5.5,5.1,24.7,0.577,45.7,MEDIUM
105.8,208.1,0.67,1.3,1.9,60.1,1.0,33.9,MEDIUM
135.9,202.9,0.62,2.7,5.7,22.0,0.691,31.3,MEDIUM
69.4,209.9,0.0,21.0,28.6,64.5,0.482,15.4,LOW
118.4,213.8,0.03,28.9,42.7,39.7,0.225,18.6,LOW
132.3,315.9,0.59,21.2,12.8,3.3,0.672,34.4,MEDIUM
106.4,249.0,0.42,67.6,11.9,24.8,0.0,12.8,LOW
64.6,116.4,0.09,25.4,21.8,132.9,0.465,8.1,LOW
141.7,216.1,0.01,21.1,30.4,87.8,0.438,27.6,LOW
107.4,182.5,0.22,19.5,19.3,39.5,0.427,17.8,LOW
184.2,305.4,3.62,3.9,0.9,15.0,0.72,63.6,HIGH
127.4,275.7,0.0,55.3,93.9,78.5,0.0,18.1,LOW
109.7,210.6,0.42,9.8,12.2,57.2,0.152,20.1,LOW
151.0,232.5,0.55,14.0,15.0,64.5,0.618,31.9,MEDIUM
135.4,218.1,1.51,1.7,2.4,8.8,0.675,40.4,MEDIUM
80.9,221.4,0.22,1.7,1.6,45.0,0.922,25.4,LOW
107.6,237.4,0.6,3.1,1.8,114.5,0.76,28.1,LOW
134.0,221.9,0.35,18.5,18.0,32.4,0.562,31.0,MEDIUM
154.5,226.5,2.04,2.5,1.7,16.5,0.845,44.7,MEDIUM
115.3,191.4,0.05,56.9,75.4,85.1,0.0,16.6,LOW
167.4,257.9,1.02,11.6,15.8,18.2,0.595,35.3,MEDIUM
163.5,197.0,0.66,39.4,15.4,20.3,0.114,24.8,LOW
79.1,113.0,0.05,27.5,44.8,70.5,0.441,11.2,LOW
174.0,318.1,0.64,10.6,15.0,39.0,0.612,41.2,MEDIUM
231.5,414.7,3.11,4.2,5.3,13.6,0.766,69.9,HIGH
156.2,217.4,0.16,17.8,26.4,22.7,0.352,30.3,MEDIUM
143.2,226.7,1.42,0.9,1.0,68.6,0.634,42.8,MEDIUM
114.8,206.0,0.67,3.2,3.2,78.4,0.639,22.5,LOW
127.9,178.4,0.25,17.0,21.3,17.7,0.135,19.4,LOW
264.6,333.9,4.67,1.5,0.6,8.4,0.666,92.5,CRITICAL
164.1,243.6,0.67,18.4,19.2,10.4,0.164,31.5,MEDIUM
155.8,267.0,0.27,31.5,48.2,25.4,0.012,28.1,LOW
132.9,186.1,0.0,71.1,106.8,22.6,0.064,17.5,LOW
127.0,216.9,0.14,25.4,36.4,48.5,0.37,25.1,LOW
84.2,169.3,0.25,3.8,5.6,30.4,0.681,19.5,LOW
180.2,230.1,1.09,8.3,10.2,15.5,0.5,37.2,MEDIUM
47.7,100.9,0.0,1.1,7.8,131.0,0.622,9.3,LOW
119.6,199.6,0.85,1.6,8.3,15.3,0.703,32.3,MEDIUM
130.4,207.7,0.06,18.0,27.1,23.2,0.267,18.8,LOW
132.3,174.1,0.07,33.4,45.5,17.2,0.201,21.3,LOW
229.4,304.7,1.92,8.5,10.8,12.4,0.341,48.5,MEDIUM
115.3,148.1,0.36,4.9,0.5,13.0,0.762,26.5,LOW
142.0,221.0,0.87,1.8,8.2,2.3,0.66,34.3,MEDIUM
201.2,285.9,0.88,15.7,17.9,5.4,0.483,45.4,MEDIUM
188.3,265.0,1.67,4.6,6.1,17.7,0.8,45.4,MEDIUM
213.1,270.5,1.77,15.7,10.8,9.0,0.476,44.0,MEDIUM
229.3,299.5,0.0,29.2,42.3,20.6,0.368,46.7,MEDIUM
92.1,163.2,0.36,2.0,7.1,106.7,0.428,15.3,LOW
224.0,291.8,0.95,15.4,15.8,5.6,0.357,44.5,MEDIUM
174.8,235.2,0.3,12.2,17.4,12.5,0.656,40.6,MEDIUM
69.4,152.5,0.03,27.4,44.9,214.8,0.344,11.2,LOW
106.9,183.2,0.63,10.1,12.2,68.7,0.812,23.2,LOW
133.7,207.1,0.07,18.5,20.1,100.8,0.637,34.0,MEDIUM
179.5,268.2,1.61,11.5,10.1,4.6,0.549,39.3,MEDIUM
208.3,276.3,1.86,17.9,11.0,4.2,0.353,40.5,MEDIUM
99.8,184.5,0.0,65.7,112.9,98.7,0.0,8.9,LOW
229.6,268.2,0.86,17.7,16.6,2.4,0.323,48.0,MEDIUM
94.0,133.7,0.0,56.1,91.8,85.9,0.024,8.2,LOW
143.4,180.5,0.63,11.3,14.0,1.1,0.42,26.9,LOW
102.8,232.4,0.86,1.8,1.4,65.3,0.607,28.0,LOW
88.4,208.1,0.36,2.1,2.7,47.9,0.794,20.7,LOW
128.4,275.2,0.96,5.3,1.1,98.7,0.901,37.6,MEDIUM
142.2,198.0,0.12,20.0,25.3,10.5,0.499,26.4,LOW
122.7,143.4,0.04,16.5,20.0,4.9,0.365,23.4,LOW
150.6,326.1,1.47,2.7,6.0,16.6,0.871,46.0,MEDIUM
113.3,187.4,0.11,21.6,30.7,29.8,0.389,23.3,LOW
162.5,214.0,0.29,25.1,40.1,1.4,0.287,30.1,MEDIUM
95.9,224.5,0.11,17.2,19.9,55.7,0.386,21.8,LOW
104.5,139.0,0.21,11.3,13.5,65.3,0.479,20.4,LOW
150.5,325.1,1.15,9.1,10.2,32.2,0.654,38.3,MEDIUM
118.0,179.1,0.49,1.8,5.9,29.6,0.764,29.1,LOW
153.9,217.6,0.66,18.6,16.4,21.3,0.271,22.7,LOW
112.7,177.2,0.04,19.3,22.9,34.1,0.253,18.1,LOW
172.9,259.9,0.91,13.2,15.9,2.4,0.518,39.8,MEDIUM
124.1,210.5,0.16,14.2,17.9,77.2,0.518,23.7,LOW
108.1,135.2,0.0,56.2,85.9,19.0,0.038,11.7,LOW
114.5,154.8,0.2,38.6,66.3,129.6,0.001,12.0,LOW
150.4,240.9,1.2,16.7,12.2,3.4,0.598,29.4,LOW
199.7,318.0,1.23,3.5,7.4,53.8,0.853,50.0,MEDIUM
142.7,216.0,0.0,109.4,193.6,60.0,0.0,18.4,LOW
160.2,303.8,2.39,2.6,3.1,9.8,0.921,54.8,MEDIUM
41.1,92.0,0.05,42.5,28.4,182.3,0.115,0.0,LOW
132.9,175.2,0.0,41.9,42.4,101.3,0.178,18.0,LOW
133.7,197.7,1.45,4.8,0.7,51.9,0.83,30.6,MEDIUM
125.2,204.8,0.0,47.4,72.6,135.1,0.368,20.4,LOW
145.2,223.0,0.35,10.7,14.8,46.8,0.673,31.1,MEDIUM
72.3,138.6,0.01,21.3,26.7,74.4,0.378,13.7,LOW
205.0,255.7,2.61,5.9,4.4,13.5,0.424,43.3,MEDIUM
206.2,248.1,0.0,46.5,77.5,5.8,0.0,33.2,MEDIUM
64.1,141.7,0.0,29.8,42.3,113.7,0.374,10.4,LOW
163.2,257.6,0.3,18.2,24.7,24.5,0.588,31.5,MEDIUM
115.1,188.6,0.49,3.4,9.2,61.1,0.576,28.6,LOW
188.1,260.8,0.25,17.4,27.1,7.6,0.359,39.4,MEDIUM
179.8,249.8,0.14,23.3,30.9,21.2,0.232,35.3,MEDIUM
90.9,162.1,0.03,53.5,90.5,62.1,0.006,8.8,LOW
79.3,173.0,0.17,3.0,3.4,41.1,0.871,20.5,LOW
148.3,200.4,0.52,15.7,15.3,8.2,0.46,28.2,LOW
193.4,281.6,1.83,2.4,6.5,35.5,0.693,51.6,MEDIUM
99.4,175.4,0.28,5.9,8.2,60.5,1.0,29.8,LOW
143.1,182.4,0.07,43.5,69.5,38.1,0.0,16.9,LOW
185.8,238.6,2.14,3.2,2.8,27.1,0.787,53.9,MEDIUM
110.4,199.7,0.09,26.5,39.9,114.3,0.12,17.2,LOW
103.4,134.0,0.07,50.6,82.0,1.4,0.082,14.6,LOW
61.4,178.5,0.01,1.5,0.8,68.5,0.776,18.9,LOW
218.4,292.4,2.28,5.8,7.0,15.9,0.76,52.7,MEDIUM
154.0,273.3,0.7,11.0,10.7,29.1,0.477,36.2,MEDIUM
52.1,88.0,0.0,5.8,3.3,196.9,0.58,9.0,LOW
120.1,184.0,0.55,2.9,2.1,6.4,0.671,25.7,LOW
84.8,206.0,0.0,2.4,7.0,261.7,0.564,19.0,LOW
205.1,322.5,2.72,4.2,5.1,23.9,0.77,60.6,HIGH
188.8,229.6,0.16,22.0,28.1,6.4,0.374,39.4,MEDIUM
119.5,288.5,0.27,18.8,27.9,11.6,0.442,25.6,LOW
174.6,242.1,0.35,20.8,29.3,29.3,0.338,36.2,MEDIUM
99.6,157.5,0.0,42.8,68.9,1.3,0.115,15.1,LOW
156.1,274.3,1.28,5.1,2.3,64.2,0.83,37.1,MEDIUM
105.7,181.2,0.4,16.9,16.9,45.3,0.56,23.7,LOW
128.8,206.3,0.38,12.8,15.0,19.3,0.693,28.0,LOW
142.2,185.6,0.09,44.2,71.6,3.2,0.192,25.4,LOW
82.7,195.2,0.25,3.2,5.9,39.6,0.906,24.8,LOW
143.4,204.7,0.18,68.2,34.3,11.1,0.0,25.1,LOW
124.0,206.5,0.88,2.3,5.2,82.4,0.699,29.8,LOW
108.5,253.1,0.63,2.2,2.4,82.5,0.913,30.8,MEDIUM
91.9,161.0,0.07,15.9,23.9,116.2,0.55,19.6,LOW
158.8,185.6,0.27,22.6,23.5,2.5,0.28,29.6,LOW
110.0,140.9,0.0,58.2,79.4,37.7,0.0,14.2,LOW
103.2,226.7,0.49,2.3,2.9,100.5,0.699,26.3,LOW
98.8,153.5,0.32,20.0,11.0,84.5,0.256,17.3,LOW
110.1,264.0,0.13,42.6,60.0,26.7,0.404,18.6,LOW
214.5,256.2,0.81,17.3,21.6,6.2,0.515,39.9,MEDIUM
85.0,150.5,0.0,25.0,36.0,19.9,0.18,12.7,LOW
69.6,137.6,0.2,1.1,2.9,52.4,0.607,20.1,LOW
94.3,163.9,0.56,4.8,0.7,65.5,0.544,21.4,LOW
165.1,218.3,0.73,16.8,16.6,25.2,0.325,30.1,MEDIUM
59.3,235.5,0.0,1.1,9.3,51.5,0.741,19.5,LOW
67.8,159.9,0.05,20.5,27.4,119.4,0.52,13.2,LOW
174.1,176.6,0.0,45.8,40.9,15.3,0.0,24.6,LOW
153.4,209.4,0.16,41.3,62.3,6.6,0.497,26.3,LOW
109.3,156.6,0.08,45.9,64.3,48.2,0.0,14.6,LOW
146.4,210.4,0.17,25.1,30.3,10.2,0.082,25.3,LOW
165.0,269.5,2.27,2.7,2.5,13.5,0.972,52.7,MEDIUM
93.6,290.1,0.08,5.1,9.7,16.2,0.851,27.0,LOW
108.4,157.0,0.17,21.6,19.9,52.7,0.31,17.7,LOW
122.6,198.3,0.0,48.1,70.3,26.4,0.174,17.9,LOW
124.0,183.1,0.51,2.7,0.6,148.7,0.778,31.1,MEDIUM
216.0,235.1,0.11,25.9,39.6,7.9,0.305,39.0,MEDIUM
90.9,186.7,0.51,2.1,8.0,39.2,0.54,21.5,LOW
212.0,292.1,2.28,5.7,4.1,34.2,0.264,44.7,MEDIUM
106.2,206.1,0.94,1.2,3.3,56.3,0.636,31.5,MEDIUM
112.3,219.0,0.45,47.0,13.3,20.3,0.394,19.2,LOW
181.8,271.2,0.14,36.8,61.7,62.5,0.462,34.3,MEDIUM
204.4,414.8,0.38,28.0,30.6,5.6,0.222,42.6,MEDIUM
176.8,235.4,0.0,29.4,46.6,10.3,0.103,30.4,MEDIUM
115.5,195.4,0.0,19.5,23.7,58.5,0.409,26.2,LOW
218.7,289.8,1.15,46.1,17.5,24.5,0.192,38.4,MEDIUM
117.2,164.1,0.0,76.9,133.3,23.9,0.127,18.5,LOW
120.7,207.9,0.16,29.3,46.0,7.0,0.0,18.5,LOW
147.0,240.8,0.06,37.4,57.3,39.8,0.653,29.1,LOW
248.9,378.5,4.91,5.4,0.2,10.5,0.815,86.0,CRITICAL
72.0,148.7,0.11,0.8,1.6,47.0,0.744,16.3,LOW
83.6,156.6,0.15,17.8,24.3,34.4,0.285,13.2,LOW
152.8,304.5,0.13,41.2,58.5,9.6,0.302,29.1,LOW
102.3,155.9,0.16,20.8,32.2,67.3,0.423,18.3,LOW
170.4,214.6,2.39,2.8,0.4,11.6,0.73,56.1,HIGH
106.9,198.0,0.0,24.4,34.8,20.1,0.371,22.6,LOW
105.6,190.4,0.0,25.0,40.5,98.6,0.277,18.4,LOW
146.8,217.1,0.0,76.2,108.4,47.0,0.098,20.1,LOW
121.3,226.9,1.11,4.0,0.3,57.7,0.791,28.5,LOW
191.6,295.3,2.18,2.5,2.7,26.8,0.774,58.2,HIGH
52.4,277.2,0.11,34.3,48.4,140.0,0.246,12.2,LOW
90.2,158.9,0.04,20.3,29.0,125.2,0.565,20.4,LOW
164.5,199.5,0.87,9.7,12.4,28.1,0.304,30.0,MEDIUM
146.2,209.5,0.39,33.9,17.3,13.0,0.086,21.0,LOW
99.0,151.1,0.29,14.6,20.1,17.4,0.451,18.3,LOW
155.8,187.1,0.0,39.8,62.7,36.4,0.053,25.0,LOW
139.0,204.6,0.0,32.5,49.4,25.0,0.159,22.4,LOW
164.8,298.4,0.76,18.9,17.2,8.1,0.569,38.2,MEDIUM
92.7,236.8,0.36,16.4,15.2,46.2,0.393,19.6,LOW
122.0,149.6,0.3,10.8,12.7,27.6,0.245,20.6,LOW
127.2,175.6,0.12,17.1,22.1,110.6,0.34,23.5,LOW
89.2,158.9,0.0,27.0,39.6,22.6,0.28,13.7,LOW
179.9,290.6,0.04,28.6,34.5,48.2,0.261,32.4,MEDIUM
148.6,292.4,0.0,34.0,55.9,58.9,0.289,31.3,MEDIUM
98.1,176.5,0.05,36.9,23.3,87.5,0.254,13.9,LOW
75.7,207.1,0.17,18.7,26.9,103.0,0.357,10.1,LOW
198.8,245.8,0.92,14.8,16.0,11.4,0.264,38.1,MEDIUM
143.3,184.8,0.0,33.5,55.0,121.0,0.143,23.6,LOW
151.6,214.7,0.19,66.4,115.1,53.0,0.0,23.8,LOW
175.6,238.3,1.0,10.9,13.0,34.5,0.475,37.2,MEDIUM
115.3,275.3,0.26,20.9,31.4,51.0,0.451,25.7,LOW
102.9,180.8,0.3,3.4,6.0,8.8,0.758,25.7,LOW
206.2,295.5,0.61,16.1,22.9,30.4,0.543,43.4,MEDIUM
76.4,135.0,0.23,29.1,36.0,33.5,0.192,8.9,LOW
165.0,258.9,1.38,1.6,9.1,5.7,0.976,50.0,MEDIUM
99.6,173.6,0.25,12.6,16.2,36.1,0.584,20.1,LOW
208.2,276.7,0.0,50.7,83.5,21.6,0.122,36.3,MEDIUM
216.9,317.1,3.64,3.6,0.3,6.4,0.782,73.6,HIGH
150.4,251.6,0.21,37.8,56.4,6.2,0.075,24.1,LOW
109.2,139.3,0.01,55.1,89.9,11.9,0.0,12.5,LOW
148.7,198.5,0.11,18.5,28.3,3.2,0.291,26.8,LOW
97.6,181.3,0.03,18.2,27.1,34.2,0.498,19.2,LOW
251.0,295.8,1.77,10.8,13.9,5.2,0.532,52.4,MEDIUM
102.5,155.1,0.0,43.8,53.7,8.3,0.118,9.7,LOW
243.9,310.9,0.57,23.4,27.4,10.4,0.186,45.8,MEDIUM
57.1,105.3,0.0,16.0,22.3,92.3,0.128,5.9,LOW
127.5,289.5,0.1,14.0,17.5,106.7,0.671,34.8,MEDIUM
133.7,232.2,0.0,19.7,28.8,28.3,0.333,23.7,LOW
166.8,251.7,2.46,1.2,0.2,41.1,0.697,57.2,HIGH
128.6,180.0,0.45,13.6,10.2,69.6,0.364,24.4,LOW
118.1,216.8,0.16,16.0,19.9,121.0,0.61,28.2,LOW
203.6,227.7,0.33,37.3,22.0,32.4,0.312,35.2,MEDIUM
122.3,208.1,0.19,22.5,16.0,20.4,0.18,17.4,LOW
238.1,260.4,0.0,45.1,56.0,21.9,0.307,43.6,MEDIUM
124.8,193.6,0.1,25.4,29.5,52.9,0.268,20.0,LOW
81.6,184.6,0.0,17.9,24.0,84.7,0.3,17.5,LOW
60.2,107.0,0.01,55.4,84.8,138.7,0.043,3.1,LOW
123.3,158.4,0.18,33.2,51.4,71.5,0.095,15.5,LOW
168.0,224.7,0.0,51.4,60.7,35.3,0.0,24.4,LOW
160.3,216.3,0.0,33.8,47.5,69.9,0.323,29.1,LOW
104.7,209.2,0.05,24.4,31.5,49.4,0.269,18.0,LOW
171.0,260.0,0.1,27.9,38.9,7.0,0.355,33.5,MEDIUM
38.7,104.2,0.14,26.0,11.7,197.3,0.326,11.0,LOW
148.7,212.6,0.73,4.9,4.9,16.3,0.74,32.7,MEDIUM
176.4,259.0,0.16,39.6,33.7,25.2,0.0,31.1,MEDIUM
108.9,170.7,0.86,3.7,2.8,34.3,0.56,26.0,LOW
94.7,153.9,0.12,17.5,26.4,64.5,0.483,20.1,LOW
93.0,164.8,0.8,3.2,1.6,11.3,0.514,17.6,LOW
96.4,145.1,0.05,17.6,27.1,9.4,0.452,17.5,LOW
86.3,206.8,0.28,0.8,4.3,24.5,0.566,18.4,LOW
63.7,114.1,0.03,11.5,14.6,94.7,0.508,12.7,LOW
162.8,371.9,1.43,3.2,8.2,8.0,0.944,47.6,MEDIUM
223.7,306.0,1.12,21.9,16.8,23.4,0.45,47.2,MEDIUM
107.8,150.8,0.16,11.2,12.9,11.9,0.233,20.2,LOW
162.2,253.6,1.95,3.6,3.3,41.9,0.82,45.2,MEDIUM
94.6,256.4,0.42,2.0,3.0,124.7,1.0,31.2,MEDIUM
131.2,214.6,1.31,4.2,1.7,25.5,1.0,34.7,MEDIUM
130.1,168.4,0.23,46.9,18.7,28.5,0.194,22.0,LOW
125.4,195.8,1.14,0.9,2.3,24.8,0.566,33.7,MEDIUM
184.7,262.4,1.38,10.9,10.5,19.0,0.583,41.6,MEDIUM
158.7,260.0,0.71,1.6,9.8,53.1,0.988,44.1,MEDIUM
113.2,188.4,0.47,12.0,11.2,26.4,0.467,24.4,LOW
66.8,220.7,0.03,17.9,20.7,27.6,0.548,16.6,LOW
83.8,156.2,0.05,4.6,6.9,108.3,0.541,15.8,LOW
67.0,121.6,0.01,15.1,12.3,242.9,0.493,11.6,LOW
46.0,74.4,0.0,68.8,118.5,145.2,0.0,0.0,LOW
164.1,198.2,0.0,29.0,46.3,10.9,0.108,26.7,LOW
148.9,226.4,0.0,42.9,64.3,37.0,0.143,25.8,LOW
165.1,254.5,0.77,11.0,14.0,13.1,0.462,37.4,MEDIUM
95.9,182.2,0.27,1.3,7.3,19.3,0.564,20.6,LOW
98.6,195.9,0.1,15.9,18.1,103.9,0.348,22.8,LOW
116.2,217.3,0.26,9.0,11.7,87.5,0.608,23.8,LOW
168.5,258.7,0.0,34.0,50.3,27.2,0.192,31.4,MEDIUM
158.8,188.1,0.06,33.1,55.3,23.0,0.222,27.8,LOW
141.2,193.9,0.36,22.7,24.4,25.7,0.432,28.0,LOW
77.3,149.0,0.0,14.6,17.2,47.0,0.394,14.4,LOW
142.0,265.5,0.65,28.8,13.7,28.5,0.457,29.3,LOW
173.2,226.2,0.32,23.3,20.5,6.4,0.167,34.4,MEDIUM
150.1,261.1,1.5,1.9,4.5,48.2,1.0,45.3,MEDIUM
168.5,256.7,0.24,35.4,60.1,10.4,0.361,31.3,MEDIUM
161.6,200.0,0.93,4.1,9.3,54.8,0.626,35.6,MEDIUM
170.9,266.2,1.44,4.5,8.8,23.2,0.625,39.7,MEDIUM
76.3,123.7,0.02,67.9,85.6,125.4,0.084,4.8,LOW
120.0,173.0,0.06,41.8,65.2,44.6,0.24,19.8,LOW
156.6,283.9,0.0,29.7,34.1,109.5,0.408,32.4,MEDIUM
205.4,273.9,2.6,0.8,5.6,6.8,0.574,67.3,HIGH
249.0,323.4,0.51,19.6,25.9,13.2,0.43,52.1,MEDIUM
145.0,192.9,0.17,20.1,25.8,30.6,0.041,25.5,LOW
170.4,237.5,1.21,1.2,4.8,70.7,0.736,48.4,MEDIUM
86.7,175.7,0.28,3.0,3.7,41.7,0.929,22.6,LOW
143.5,260.9,0.95,3.8,5.1,40.8,0.476,32.2,MEDIUM
141.3,222.4,0.2,29.5,21.0,43.2,0.006,22.2,LOW
81.8,152.8,0.25,3.0,3.8,64.8,0.743,22.4,LOW
145.4,205.9,0.97,4.1,5.6,8.6,0.888,36.5,MEDIUM
144.8,249.1,0.59,9.0,12.7,5.0,0.608,33.7,MEDIUM
76.1,158.5,0.15,18.3,16.9,61.2,0.1,10.1,LOW
227.5,288.0,0.42,22.6,29.6,8.9,0.071,44.7,MEDIUM
242.9,291.7,3.03,4.7,5.5,11.1,0.679,61.6,HIGH
150.2,225.6,0.07,44.2,71.8,73.6,0.0,23.7,LOW
207.9,293.6,1.78,5.7,8.7,31.6,0.657,51.4,MEDIUM
138.4,206.2,0.02,23.0,33.0,83.6,0.349,27.0,LOW
219.6,350.2,2.87,2.4,1.0,34.2,0.653,71.0,HIGH
129.9,207.6,0.22,17.8,16.1,29.8,0.664,29.2,LOW
136.2,258.8,0.54,1.4,9.0,7.4,0.845,33.9,MEDIUM
199.1,326.7,0.15,33.1,40.1,6.1,0.394,39.4,MEDIUM
128.8,174.5,0.07,37.0,56.8,72.2,0.32,20.9,LOW
187.2,247.5,0.3,19.7,27.6,10.1,0.342,34.7,MEDIUM
163.2,218.0,0.11,83.3,139.1,21.5,0.0,24.6,LOW
123.1,292.7,0.82,2.0,3.2,37.4,0.695,31.9,MEDIUM
117.6,178.2,0.08,20.1,24.0,53.3,0.46,25.0,LOW
135.5,195.5,0.53,9.7,12.5,73.2,0.446,28.6,LOW
165.9,234.9,0.45,15.4,21.7,10.4,0.69,35.7,MEDIUM
87.3,160.4,0.19,1.3,6.4,95.0,0.647,19.6,LOW
169.1,226.3,0.0,26.5,38.3,16.6,0.31,31.6,MEDIUM
76.6,158.5,0.18,37.5,35.9,171.1,0.144,11.5,LOW
185.7,258.3,1.04,11.9,11.4,6.0,0.43,38.9,MEDIUM
162.0,325.9,2.14,2.7,5.6,7.6,1.0,56.6,HIGH
163.2,220.3,0.41,41.5,19.3,14.1,0.086,26.8,LOW
232.5,319.4,0.79,20.4,23.0,9.0,0.309,48.9,MEDIUM
163.8,299.1,0.27,16.9,23.5,5.4,0.308,37.5,MEDIUM
90.5,174.1,0.0,16.4,22.1,229.1,0.422,17.8,LOW
191.8,241.6,2.18,5.3,5.0,13.9,0.632,41.2,MEDIUM
208.2,266.7,0.8,16.8,22.9,4.2,0.241,40.3,MEDIUM
193.3,273.6,1.09,12.9,15.5,8.9,0.414,44.6,MEDIUM
99.8,150.8,0.11,41.8,55.4,94.5,0.242,13.3,LOW
166.6,242.0,3.22,2.4,0.2,2.1,0.881,60.6,HIGH
92.6,161.1,0.49,1.3,3.3,114.7,0.763,21.3,LOW
126.1,271.3,0.59,12.1,15.0,12.1,0.503,29.0,LOW
117.6,218.7,0.18,17.0,22.5,19.6,0.352,24.3,LOW
49.7,83.1,0.15,19.0,18.6,183.3,0.299,7.0,LOW
145.3,204.4,0.18,29.7,31.0,53.7,0.105,22.4,LOW
52.6,98.7,0.16,3.4,7.4,97.6,0.465,11.4,LOW
129.1,215.6,0.74,11.5,12.5,29.1,0.401,27.9,LOW
105.2,158.3,0.24,12.8,14.8,1.8,0.615,24.2,LOW
109.6,204.3,0.08,25.1,29.8,19.8,0.23,21.1,LOW
159.2,286.1,0.0,38.7,62.9,17.0,0.118,27.9,LOW
160.5,307.9,0.12,20.7,27.6,38.7,0.295,37.3,MEDIUM
113.0,190.5,1.0,6.0,1.4,28.0,0.817,31.0,MEDIUM
184.8,225.8,0.79,9.7,14.0,54.2,0.402,37.6,MEDIUM
106.9,163.1,0.0,17.6,20.2,16.4,0.438,22.9,LOW
142.3,227.4,1.53,1.5,3.2,32.2,0.742,48.2,MEDIUM
91.4,127.4,0.1,4.8,5.5,53.9,0.671,21.8,LOW
123.5,176.7,0.32,17.5,20.9,27.3,0.434,19.8,LOW
108.9,165.5,0.11,11.3,14.8,23.2,0.518,18.9,LOW
65.4,109.3,0.07,30.2,45.5,75.1,0.358,9.1,LOW
176.5,204.3,0.06,23.5,38.5,50.0,0.308,30.7,MEDIUM
118.7,204.3,0.0,33.6,55.2,67.0,0.47,21.0,LOW
101.1,195.3,0.52,5.0,4.1,54.3,0.661,25.0,LOW
262.2,327.4,0.14,27.1,39.9,5.8,0.015,44.5,MEDIUM
156.6,208.7,1.44,2.7,3.6,26.1,0.814,42.4,MEDIUM
102.7,209.9,0.75,3.9,3.4,29.8,0.743,28.7,LOW
122.5,249.8,0.88,2.9,8.8,38.9,0.718,30.0,MEDIUM
79.1,229.1,0.27,1.9,4.7,114.1,0.701,23.6,LOW
191.9,224.2,0.22,29.2,32.9,24.8,0.0,31.4,MEDIUM
117.8,218.7,1.67,2.8,2.7,27.4,0.422,31.9,MEDIUM
87.7,161.5,0.14,31.0,40.0,16.0,0.479,15.2,LOW
70.2,167.1,0.16,1.0,8.9,102.0,0.68,20.2,LOW
65.4,186.9,0.16,27.2,40.6,122.5,0.415,12.0,LOW
104.1,202.5,0.31,24.6,18.3,76.9,0.059,19.5,LOW
130.9,193.4,0.21,18.3,27.0,28.0,0.228,23.8,LOW
164.1,254.5,1.58,4.4,1.6,71.0,0.773,37.3,MEDIUM
127.4,175.3,0.03,29.7,36.4,23.1,0.229,22.2,LOW
88.5,159.2,0.15,9.0,11.3,86.2,0.638,19.2,LOW
72.6,173.1,0.01,5.1,4.3,69.7,0.651,14.1,LOW
94.6,149.6,0.1,12.2,10.5,92.7,0.461,17.4,LOW
177.7,248.9,0.84,19.3,13.1,11.4,0.268,35.5,MEDIUM
211.8,285.8,1.99,2.2,7.7,22.7,0.554,57.2,HIGH
154.6,216.7,0.26,16.5,18.7,63.9,0.624,34.7,MEDIUM
65.3,130.9,0.0,31.5,42.4,104.2,0.462,10.2,LOW
101.5,286.7,0.25,12.3,14.8,124.9,0.334,22.8,LOW
158.7,225.8,1.78,3.6,4.5,38.8,0.527,35.8,MEDIUM
128.8,177.1,0.45,15.6,13.8,22.3,0.376,25.8,LOW
228.5,274.1,1.64,1.8,9.5,23.9,0.796,61.1,HIGH
129.6,209.7,0.94,1.2,2.8,80.8,0.735,34.8,MEDIUM
211.1,262.7,2.67,4.1,6.2,3.6,0.753,59.6,HIGH
170.8,202.6,1.1,24.1,12.0,6.8,0.297,33.0,MEDIUM
150.2,221.7,0.48,16.9,22.2,2.3,0.39,31.8,MEDIUM
138.8,253.3,0.02,32.2,50.2,63.1,0.583,29.1,LOW
187.2,337.0,2.6,1.2,1.2,3.7,0.683,71.5,HIGH
228.2,311.6,3.23,4.8,5.1,7.8,0.906,64.9,HIGH
104.6,173.1,0.29,2.0,7.2,70.2,0.956,24.2,LOW
150.9,247.8,0.0,33.4,42.0,3.2,0.286,29.9,LOW
210.9,254.1,0.86,16.5,18.3,14.7,0.125,41.3,MEDIUM
165.8,226.4,1.29,5.0,8.9,14.5,0.66,39.5,MEDIUM
65.9,166.4,0.03,16.4,12.4,195.5,0.338,14.1,LOW
215.6,261.8,0.52,22.9,19.0,13.6,0.323,44.4,MEDIUM
203.2,271.9,1.84,2.5,6.9,14.5,0.564,54.2,MEDIUM
168.2,298.4,0.09,40.8,42.8,2.9,0.27,32.7,MEDIUM
97.1,185.5,0.02,27.0,39.2,61.4,0.42,18.8,LOW
107.4,208.1,0.13,13.2,18.5,87.3,0.647,25.3,LOW
143.7,227.6,0.1,43.1,61.7,31.4,0.086,25.5,LOW
186.1,265.0,3.2,2.5,0.7,20.2,0.564,62.2,HIGH
156.2,248.6,0.0,67.8,92.0,8.8,0.106,24.0,LOW
176.5,299.0,0.2,73.7,108.6,7.0,0.305,27.3,LOW
98.5,178.1,0.1,4.6,4.5,19.3,0.675,24.8,LOW
86.1,175.0,0.09,3.3,8.5,120.4,0.769,25.8,LOW
152.6,191.4,0.47,14.6,14.0,3.2,0.412,28.0,LOW
88.7,150.3,0.21,1.6,3.1,159.8,0.675,17.5,LOW
231.8,274.2,0.42,20.3,23.7,4.3,0.454,47.3,MEDIUM
90.5,172.1,0.13,5.2,6.2,235.3,0.634,21.8,LOW
179.7,214.2,0.33,20.5,24.9,3.9,0.413,34.6,MEDIUM
196.2,335.7,0.71,16.7,19.2,15.6,0.486,41.8,MEDIUM
137.9,228.1,0.08,17.1,16.5,58.2,0.456,30.9,MEDIUM
151.7,244.8,1.39,2.4,4.5,32.2,0.811,42.7,MEDIUM
158.2,198.4,0.94,17.2,11.4,23.4,0.274,32.7,MEDIUM
65.9,127.2,0.0,23.0,38.2,300.0,0.181,9.8,LOW
84.7,133.7,0.04,32.9,47.5,163.9,0.208,9.6,LOW
193.1,300.0,2.2,1.1,3.3,43.2,0.764,64.3,HIGH
154.9,218.7,1.88,2.8,2.2,15.8,0.637,43.5,MEDIUM
76.6,199.4,0.02,16.8,13.2,50.0,0.445,19.4,LOW
176.5,252.2,2.04,3.7,3.0,12.3,0.827,47.2,MEDIUM
229.0,330.9,0.11,32.3,46.6,21.8,0.398,44.1,MEDIUM
71.6,273.6,0.03,33.0,49.2,41.0,0.425,15.8,LOW
209.9,229.0,0.13,26.7,33.4,41.6,0.078,36.4,MEDIUM
194.7,267.5,1.28,12.5,11.8,31.4,0.312,39.2,MEDIUM
93.3,148.5,0.34,3.9,3.0,132.7,0.642,21.5,LOW
125.3,199.2,1.37,5.1,1.2,13.6,0.665,23.6,LOW
76.8,154.3,0.18,19.4,29.1,45.9,0.333,10.6,LOW
98.0,123.6,0.27,23.0,26.6,31.5,0.236,14.5,LOW
135.2,263.7,0.58,3.5,9.6,24.7,0.65,33.8,MEDIUM
198.5,270.3,0.4,19.6,26.8,2.2,0.438,45.0,MEDIUM
208.5,281.7,0.59,16.2,21.6,34.0,0.218,41.2,MEDIUM
125.8,279.5,0.85,1.7,2.4,35.0,1.0,36.6,MEDIUM
80.3,140.6,0.09,1.9,7.4,172.5,0.743,18.3,LOW
122.8,229.1,0.16,19.9,30.1,51.9,0.519,28.3,LOW
118.1,224.6,0.36,12.5,17.0,21.8,0.399,24.2,LOW
122.0,169.9,0.0,35.9,45.0,51.8,0.277,15.8,LOW
251.6,296.6,1.88,9.8,12.4,4.0,0.555,53.9,MEDIUM
167.5,227.3,0.0,42.8,62.5,20.5,0.273,31.7,MEDIUM
81.1,209.5,0.0,40.8,41.7,18.8,0.127,11.6,LOW
132.4,244.3,0.0,44.2,47.9,40.4,0.369,23.0,LOW
73.0,105.1,0.0,23.1,24.7,81.8,0.093,9.0,LOW
164.0,293.8,1.51,1.1,2.7,66.9,0.909,50.1,MEDIUM
219.7,351.6,1.73,4.5,8.8,31.0,0.685,55.3,HIGH
91.0,116.2,0.05,46.7,81.0,49.1,0.0,9.5,LOW
181.6,255.7,1.24,1.1,7.7,9.7,1.0,54.5,MEDIUM
180.4,248.1,0.74,22.7,22.5,12.6,0.6,35.9,MEDIUM
124.1,163.8,0.0,35.7,56.0,49.2,0.0,17.3,LOW
176.8,232.6,0.02,41.7,51.1,7.7,0.177,32.5,MEDIUM
242.4,281.0,0.21,27.6,39.6,14.9,0.371,48.3,MEDIUM
111.8,149.9,0.0,29.7,42.2,38.0,0.31,13.1,LOW
153.4,219.8,0.12,23.7,33.8,20.5,0.537,33.0,MEDIUM
83.7,267.2,0.0,25.0,37.4,14.1,0.49,21.7,LOW
131.6,258.5,0.35,12.6,15.0,25.0,0.522,31.0,MEDIUM
170.4,280.0,0.29,27.2,36.6,23.2,0.611,37.1,MEDIUM
216.8,292.8,1.18,12.2,15.1,10.1,0.631,50.7,MEDIUM
173.1,282.4,0.22,40.9,54.2,5.8,0.103,31.1,MEDIUM
80.1,150.0,0.16,17.6,15.5,77.8,0.313,9.6,LOW
99.3,183.2,0.0,33.0,37.6,133.8,0.401,16.1,LOW
75.2,166.3,0.0,13.2,18.0,115.6,0.353,16.8,LOW
169.8,232.4,2.46,3.8,3.1,8.5,0.625,46.0,MEDIUM
84.6,143.0,0.0,48.5,77.3,97.3,0.079,10.1,LOW
200.1,239.8,0.87,53.5,11.8,4.8,0.147,30.4,MEDIUM
163.5,242.2,1.33,3.8,8.2,14.0,0.659,39.4,MEDIUM
106.3,197.8,1.19,4.8,2.3,31.4,0.462,24.3,LOW
119.4,198.7,0.47,16.2,15.2,57.6,0.593,30.4,MEDIUM
165.9,214.9,1.01,17.2,14.0,7.4,0.341,33.6,MEDIUM
125.3,195.6,0.13,34.8,57.8,50.3,0.502,25.5,LOW
109.0,189.7,0.11,33.6,34.0,71.6,0.254,14.4,LOW
210.0,312.2,2.93,0.9,4.9,1.8,0.961,73.6,HIGH
78.5,176.3,0.21,12.8,12.9,29.9,0.574,21.7,LOW
70.8,150.0,0.02,18.5,22.5,58.5,0.58,16.3,LOW
142.1,161.5,0.19,48.6,65.3,11.0,0.2,22.7,LOW
35.0,147.8,0.0,1.6,1.5,209.8,0.785,18.7,LOW
162.1,257.0,1.0,8.7,10.9,6.3,0.73,37.2,MEDIUM
149.6,257.5,1.04,5.5,5.9,3.4,1.0,41.3,MEDIUM
46.5,125.0,0.09,13.3,19.8,160.8,0.43,9.3,LOW
150.8,199.6,0.53,15.3,18.6,9.4,0.554,31.0,MEDIUM
98.0,162.4,0.11,31.1,32.8,111.1,0.23,12.2,LOW
173.1,346.8,0.53,18.2,17.4,39.8,0.463,42.8,MEDIUM
149.9,257.4,0.26,24.1,22.4,26.4,0.311,29.8,LOW
118.0,173.9,0.0,19.9,20.0,173.1,0.038,18.7,LOW
92.4,304.1,0.38,3.6,3.7,102.0,0.661,26.7,LOW
108.4,203.7,0.65,3.0,6.9,59.9,0.859,27.7,LOW
133.3,196.6,0.53,4.6,8.2,22.3,0.55,28.5,LOW
114.0,174.8,0.3,79.3,135.7,126.5,0.172,14.1,LOW
146.2,204.0,1.43,5.5,3.0,1.5,0.67,35.5,MEDIUM
211.9,379.0,2.45,1.9,4.4,30.3,0.711,68.7,HIGH
186.5,367.3,3.04,5.5,0.6,23.5,0.779,55.7,HIGH
190.1,279.6,0.83,14.0,17.5,1.2,0.558,39.0,MEDIUM
95.9,137.5,0.0,34.8,35.5,93.4,0.262,15.8,LOW
131.6,180.7,0.07,26.5,32.4,5.9,0.429,26.4,LOW
70.7,177.4,0.17,16.8,19.8,24.1,0.439,13.5,LOW
229.7,334.2,0.67,19.7,20.5,21.4,0.118,44.4,MEDIUM
158.5,209.0,0.36,15.4,15.3,63.0,0.375,31.0,MEDIUM
80.9,164.7,0.08,17.7,18.6,25.3,0.124,11.8,LOW
96.9,221.2,0.02,21.2,28.8,17.4,0.442,20.8,LOW
120.1,172.6,0.0,67.9,116.1,14.6,0.187,18.7,LOW
150.6,271.6,0.0,36.9,58.1,52.2,0.324,30.8,MEDIUM
180.1,227.5,0.09,26.6,43.6,11.7,0.349,35.9,MEDIUM
123.7,175.8,0.0,42.9,59.2,81.3,0.289,17.9,LOW
81.2,192.5,0.39,1.1,3.7,3.1,0.529,20.5,LOW
229.3,251.6,0.04,29.4,43.9,26.6,0.231,43.2,MEDIUM
93.2,173.1,0.0,44.1,63.8,54.5,0.0,9.1,LOW
98.6,171.7,0.68,5.9,2.0,49.4,0.579,21.1,LOW
185.0,274.8,1.15,1.4,9.8,42.4,0.999,53.3,MEDIUM
196.7,257.5,0.19,25.2,35.5,17.2,0.456,36.8,MEDIUM
135.9,203.3,0.89,2.0,7.8,47.9,0.839,33.6,MEDIUM
141.7,196.1,0.52,1.0,8.6,91.6,0.74,34.5,MEDIUM
64.7,155.7,0.0,35.4,37.8,68.4,0.045,5.8,LOW
95.0,172.4,0.0,24.1,36.8,29.5,0.334,18.7,LOW
109.3,200.6,0.83,4.9,3.0,41.7,0.824,29.9,LOW
134.6,192.5,0.59,16.8,12.3,4.3,0.47,24.2,LOW
167.1,256.9,0.86,11.5,12.8,37.9,0.268,31.9,MEDIUM
165.9,301.8,2.24,5.9,3.9,3.2,0.647,43.2,MEDIUM
156.2,374.1,1.37,2.1,8.3,19.3,0.448,45.1,MEDIUM
138.9,276.4,1.05,2.3,1.0,86.0,0.851,33.7,MEDIUM
118.2,196.5,0.68,2.0,8.5,23.4,0.634,30.6,MEDIUM
96.4,110.0,0.24,38.7,14.9,44.7,0.0,10.5,LOW
100.5,204.5,0.57,9.5,10.3,27.0,0.671,24.3,LOW
183.9,298.1,0.21,27.3,38.2,23.2,0.352,35.6,MEDIUM
112.0,167.5,0.04,24.6,39.0,88.3,0.334,21.9,LOW
141.7,189.6,0.14,17.6,20.9,121.9,0.724,31.9,MEDIUM
173.0,296.6,1.45,1.4,9.3,21.4,0.853,51.0,MEDIUM
187.7,264.1,3.04,4.8,1.3,15.7,0.563,47.2,MEDIUM
196.9,265.5,2.63,0.8,3.8,16.1,0.852,66.5,HIGH
147.6,258.7,0.01,25.0,37.2,35.6,0.252,26.3,LOW
167.2,242.2,1.49,5.8,2.2,68.3,0.824,40.0,MEDIUM
115.9,194.2,0.89,5.6,1.2,70.2,0.682,25.6,LOW
120.2,180.6,0.43,27.6,12.7,18.1,0.322,22.6,LOW
118.7,160.5,0.0,38.1,46.5,2.7,0.0,19.3,LOW
192.4,259.0,0.41,18.9,28.5,16.4,0.385,38.8,MEDIUM
107.4,128.8,0.13,30.8,43.5,65.2,0.225,13.3,LOW
176.0,206.9,0.88,8.6,11.1,50.8,0.413,34.5,MEDIUM
157.3,202.7,0.2,19.8,16.4,85.6,0.33,28.6,LOW
71.5,116.0,0.1,10.1,13.5,169.5,0.598,17.4,LOW
113.5,215.0,0.2,20.1,29.5,10.9,0.357,22.3,LOW
124.6,191.7,0.44,13.4,13.6,24.4,0.255,25.6,LOW
119.2,210.6,0.16,25.8,32.5,54.2,0.244,18.4,LOW
121.5,161.5,0.41,11.9,12.3,71.7,0.427,23.1,LOW
101.8,211.3,0.23,22.4,10.5,46.7,0.356,17.6,LOW
104.4,217.6,0.25,19.9,18.9,84.8,0.374,20.6,LOW
165.6,295.6,1.46,1.2,6.3,9.2,0.702,50.4,MEDIUM
135.8,189.6,0.0,103.9,183.0,5.9,0.0,13.7,LOW
93.8,162.3,0.08,28.8,17.8,13.1,0.263,13.7,LOW
81.3,184.3,0.04,15.1,20.4,89.0,0.583,17.8,LOW
177.3,308.1,0.81,30.4,19.8,14.8,0.279,35.7,MEDIUM
117.6,218.1,0.99,3.4,0.9,24.7,0.911,29.0,LOW
51.1,106.2,0.06,20.3,21.8,266.0,0.526,9.1,LOW
118.0,195.3,0.0,30.3,33.8,81.0,0.462,23.2,LOW
162.7,248.4,0.52,11.8,18.1,13.9,0.703,39.7,MEDIUM
210.6,255.4,0.65,17.3,21.7,5.6,0.635,42.0,MEDIUM
147.5,204.6,0.45,22.4,18.4,26.8,0.153,24.9,LOW
85.5,165.5,0.16,31.9,38.1,117.9,0.321,13.7,LOW
217.8,297.5,1.47,9.7,11.9,11.9,0.725,51.0,MEDIUM
181.3,295.9,1.47,6.0,9.1,19.4,0.84,46.1,MEDIUM
159.0,226.6,0.47,10.1,14.6,29.3,0.418,31.7,MEDIUM
124.7,234.1,0.29,18.2,19.0,51.7,0.485,26.9,LOW
84.2,237.2,0.21,10.9,15.3,51.4,0.528,26.5,LOW
81.8,165.4,0.05,21.4,16.1,147.3,0.617,18.3,LOW
223.9,269.5,0.67,25.1,21.8,9.1,0.086,38.0,MEDIUM
64.4,198.0,0.0,5.2,0.8,161.8,0.535,19.3,LOW
134.9,181.6,0.0,60.2,94.3,10.8,0.0,22.0,LOW
129.5,232.3,0.6,13.7,15.4,24.0,0.484,29.7,LOW
214.8,282.2,0.64,17.8,19.7,14.0,0.733,50.7,MEDIUM
78.3,138.8,0.12,24.6,38.7,49.7,0.293,16.4,LOW
205.8,281.1,1.12,16.9,14.6,10.0,0.422,43.5,MEDIUM
86.4,193.2,0.12,16.8,25.6,42.7,0.491,20.3,LOW
166.6,219.8,0.0,50.2,86.7,44.3,0.09,29.9,LOW
192.9,255.9,0.72,17.3,21.3,16.9,0.456,38.4,MEDIUM
144.1,233.5,0.25,29.1,43.4,51.2,0.308,30.0,MEDIUM
236.8,333.5,0.36,23.5,29.9,14.4,0.186,47.6,MEDIUM
224.4,290.6,1.18,12.4,15.0,16.1,0.473,50.0,MEDIUM
187.8,222.2,0.5,31.3,17.3,60.0,0.34,36.6,MEDIUM
175.0,305.3,1.89,4.4,5.2,5.5,0.809,44.7,MEDIUM
173.2,256.5,0.54,18.4,20.8,10.9,0.579,40.3,MEDIUM
68.7,133.4,0.12,15.4,15.7,42.8,0.482,11.7,LOW
135.1,228.8,0.42,18.6,13.0,9.1,0.433,28.3,LOW
151.6,257.0,0.99,0.6,5.3,49.0,0.893,47.8,MEDIUM
89.0,126.9,0.01,16.8,16.3,35.2,0.319,15.1,LOW
136.1,204.3,0.12,40.9,57.0,122.4,0.06,20.1,LOW
79.8,193.8,0.22,0.9,5.2,141.6,0.754,19.7,LOW
66.4,128.3,0.0,12.8,18.7,45.0,0.287,8.1,LOW
93.6,182.3,0.54,4.9,7.7,52.2,0.72,24.8,LOW
42.7,177.8,0.11,2.6,9.8,214.8,0.879,18.6,LOW
138.8,243.8,1.21,4.2,1.0,12.6,0.57,32.2,MEDIUM
184.4,228.3,0.01,33.8,50.4,8.3,0.272,33.0,MEDIUM
92.2,202.0,0.7,4.6,3.3,53.7,0.572,21.5,LOW
195.1,255.3,0.68,13.4,18.6,11.9,0.315,36.9,MEDIUM
144.1,289.9,0.58,16.6,19.3,18.4,0.721,37.3,MEDIUM
112.0,158.1,0.04,16.6,24.6,109.8,0.262,16.6,LOW
129.3,185.2,0.96,2.8,4.7,83.7,0.523,28.0,LOW
67.5,163.3,0.05,24.0,39.0,35.5,0.339,13.7,LOW
90.0,165.8,0.07,13.7,11.4,35.4,0.503,18.1,LOW
138.4,364.6,0.52,10.9,14.5,78.9,0.618,40.5,MEDIUM
176.1,300.9,2.12,1.3,4.1,23.4,1.0,59.2,HIGH
115.5,181.4,0.68,2.6,5.4,25.3,0.604,23.4,LOW
146.2,217.2,1.82,5.3,1.6,28.5,0.561,27.9,LOW
84.0,164.2,0.54,2.3,0.3,104.4,0.97,25.9,LOW
89.8,148.0,0.06,31.5,49.8,16.2,0.368,10.5,LOW
75.6,188.2,0.34,0.8,1.0,99.6,0.893,26.4,LOW
130.3,205.3,0.4,11.0,15.2,79.1,0.427,30.1,MEDIUM
105.4,175.4,0.07,39.3,59.7,31.9,0.335,17.8,LOW
142.9,280.0,0.36,17.4,16.2,37.8,0.519,30.7,MEDIUM
56.6,138.1,0.04,5.8,4.0,154.6,0.663,10.0,LOW
116.0,116.9,0.0,42.8,61.9,7.0,0.057,15.5,LOW
111.9,227.2,0.08,23.4,31.8,29.4,0.33,21.7,LOW
112.1,329.4,0.85,4.2,0.7,68.9,0.922,36.6,MEDIUM
139.9,183.3,0.16,24.4,38.1,66.5,0.138,24.1,LOW
204.9,293.2,0.23,21.5,30.6,25.1,0.219,38.2,MEDIUM
134.2,175.8,0.11,28.2,45.8,1.3,0.164,21.3,LOW
45.8,86.9,0.05,18.4,26.6,137.6,0.322,5.5,LOW
72.0,143.9,0.0,3.5,5.9,108.0,0.694,22.0,LOW
202.4,258.1,0.38,20.5,27.1,23.2,0.497,43.3,MEDIUM
160.6,242.8,0.27,70.9,31.5,13.8,0.116,25.0,LOW
204.1,239.7,0.02,25.5,40.8,18.0,0.298,36.6,MEDIUM
104.4,178.0,0.42,12.6,12.8,34.2,0.525,24.3,LOW
167.5,244.4,0.63,11.0,14.6,13.9,0.61,40.8,MEDIUM
158.4,201.7,0.4,15.3,19.1,31.5,0.182,25.3,LOW
160.5,318.5,0.71,14.4,17.3,8.6,0.61,35.0,MEDIUM
178.1,249.1,0.67,18.4,14.7,4.4,0.26,34.6,MEDIUM
135.1,204.4,0.56,5.1,8.4,17.5,0.587,29.9,LOW
171.9,309.8,1.88,2.8,4.4,7.0,0.767,53.6,MEDIUM
247.4,336.6,0.47,19.5,26.9,19.1,0.356,48.1,MEDIUM
81.8,147.7,0.25,24.1,38.5,101.9,0.378,11.7,LOW
180.3,307.0,0.69,14.2,18.3,25.4,0.474,37.3,MEDIUM
152.2,265.4,0.21,14.1,16.9,80.5,0.412,30.7,MEDIUM
159.0,263.1,0.15,43.9,68.5,10.7,0.367,29.9,LOW
86.6,150.3,0.15,24.9,29.7,107.5,0.402,11.8,LOW
61.1,130.8,0.0,13.9,15.9,114.0,0.503,17.9,LOW
174.8,267.3,1.02,12.5,13.3,25.8,0.589,34.2,MEDIUM
268.9,309.5,2.22,9.2,11.9,2.1,0.448,50.8,MEDIUM
180.7,264.4,0.27,20.2,21.4,58.1,0.683,40.6,MEDIUM
123.5,201.9,0.3,15.8,21.4,18.6,0.262,25.4,LOW
220.9,251.9,0.09,31.5,39.7,19.0,0.244,38.9,MEDIUM
62.0,146.8,0.0,5.9,6.2,156.6,0.588,10.4,LOW
177.1,280.9,0.08,27.7,40.6,4.0,0.216,32.0,MEDIUM
104.9,227.9,0.14,19.2,28.7,45.5,0.302,24.3,LOW
97.6,147.8,0.38,11.8,10.7,44.4,0.383,13.5,LOW
165.9,306.8,1.14,5.2,7.5,16.7,0.828,45.7,MEDIUM
163.5,194.7,0.25,20.6,28.4,19.2,0.17,29.0,LOW
273.7,348.8,1.16,14.4,18.3,2.6,0.597,55.3,HIGH
124.6,232.0,0.91,2.0,4.4,15.2,0.835,36.4,MEDIUM
225.3,359.1,1.04,16.3,14.9,9.5,0.359,47.6,MEDIUM
167.4,212.3,0.21,21.8,30.7,8.5,0.414,34.4,MEDIUM
83.5,322.7,0.22,19.2,30.1,8.0,0.347,21.2,LOW
127.9,224.9,0.34,19.6,21.1,8.5,0.201,20.9,LOW
216.5,270.9,0.4,20.2,29.6,12.2,0.193,41.3,MEDIUM
178.1,246.1,0.32,19.7,23.5,19.5,0.462,36.4,MEDIUM
86.2,153.4,0.15,18.1,21.0,18.6,0.478,11.4,LOW
116.5,258.3,0.59,2.5,8.1,70.1,0.759,29.9,LOW
156.7,230.8,0.0,23.7,31.7,22.7,0.251,30.2,MEDIUM
157.0,188.9,0.35,18.0,17.7,26.3,0.361,29.7,LOW
107.8,167.5,0.0,29.3,36.9,91.1,0.199,19.0,LOW
224.6,311.1,0.46,22.1,28.6,9.0,0.068,45.5,MEDIUM
109.9,187.6,1.69,2.0,1.1,17.2,0.747,33.9,MEDIUM
116.2,199.6,0.06,22.2,14.9,3.7,0.408,21.0,LOW
118.8,230.2,0.42,14.0,11.5,6.1,0.467,22.6,LOW
227.0,375.7,2.23,4.1,8.2,8.6,0.944,64.6,HIGH
86.3,151.3,0.0,15.7,21.4,157.2,0.277,13.0,LOW
109.0,171.6,0.46,4.0,7.3,48.1,0.582,26.3,LOW
194.7,322.0,2.47,3.4,4.4,13.9,0.719,59.6,HIGH
159.4,241.3,1.52,5.8,4.4,23.1,0.671,38.3,MEDIUM
127.0,194.7,1.34,3.1,5.1,1.7,0.422,26.3,LOW
37.6,142.4,0.05,13.9,20.6,120.9,0.55,12.6,LOW
104.3,239.7,0.0,41.0,68.3,110.4,0.192,17.6,LOW
139.3,177.8,0.66,4.8,9.9,68.4,0.342,27.1,LOW
152.5,198.7,0.0,27.1,42.5,1.7,0.253,23.1,LOW
126.2,211.0,0.75,4.1,5.1,19.1,0.557,29.4,LOW
89.5,192.5,0.26,30.5,10.4,58.7,0.168,14.1,LOW
127.3,175.2,0.12,30.2,42.3,50.0,0.039,18.8,LOW
137.6,251.5,0.22,20.4,29.5,4.9,0.416,27.5,LOW
113.0,199.7,0.03,21.9,30.2,12.7,0.598,20.9,LOW
150.2,192.4,0.08,28.3,36.7,2.6,0.298,26.5,LOW
103.1,135.8,0.07,41.1,69.7,238.3,0.0,8.1,LOW
113.6,209.6,0.07,19.2,27.0,83.4,0.414,22.3,LOW
60.1,145.2,0.11,3.4,3.8,134.9,0.67,13.9,LOW
158.6,218.8,0.22,24.6,38.5,5.5,0.133,30.4,MEDIUM
127.7,167.1,0.11,23.1,34.7,105.2,0.371,26.6,LOW
147.2,214.6,0.07,28.2,40.3,46.9,0.391,24.8,LOW
117.3,213.0,0.09,0.7,8.9,160.5,0.677,30.7,MEDIUM
173.1,232.6,0.33,14.9,19.5,19.2,0.194,31.2,MEDIUM
115.8,174.9,0.52,4.1,2.0,96.5,0.377,21.8,LOW
82.7,175.4,0.37,4.0,8.9,71.1,0.581,18.3,LOW
113.1,161.8,0.12,31.1,14.6,107.6,0.207,20.2,LOW
127.6,222.8,0.59,11.8,11.4,58.8,0.421,26.5,LOW
87.9,158.5,0.0,27.6,39.5,51.6,0.163,13.5,LOW
124.9,216.6,0.45,22.8,11.1,49.0,0.406,21.3,LOW
100.1,224.7,0.05,64.0,108.5,31.3,0.131,11.6,LOW
124.9,231.1,0.47,1.2,9.5,72.2,0.793,31.7,MEDIUM
116.5,214.1,0.27,16.7,17.7,17.6,0.532,25.1,LOW
91.7,174.7,0.53,4.9,2.0,73.2,0.56,21.9,LOW
110.2,145.0,0.18,18.9,20.8,20.2,0.211,16.1,LOW
70.2,128.2,0.11,12.2,11.9,147.3,0.413,14.8,LOW
76.6,114.8,0.0,52.8,90.8,110.3,0.008,6.1,LOW
200.9,296.7,0.75,15.2,17.2,12.0,0.127,38.1,MEDIUM
133.3,200.2,1.42,3.1,2.0,43.7,0.626,33.9,MEDIUM
174.0,254.0,2.23,2.3,2.6,9.6,0.896,57.1,HIGH
107.7,202.7,0.53,5.0,2.3,43.7,0.774,23.9,LOW
229.2,376.1,1.84,2.4,9.6,7.2,0.806,67.4,HIGH
210.1,263.1,2.03,3.9,8.5,7.8,0.704,50.3,MEDIUM
97.0,134.7,0.1,52.4,82.6,127.9,0.316,12.9,LOW
168.5,276.7,1.86,3.9,4.8,17.1,0.525,39.6,MEDIUM
182.1,266.7,0.45,22.0,25.8,19.5,0.187,33.9,MEDIUM
125.2,236.6,0.49,10.3,12.3,72.4,0.698,27.1,LOW
127.6,236.6,0.11,17.5,26.9,6.2,0.401,27.0,LOW
141.3,207.0,0.75,0.8,8.6,38.5,0.674,34.7,MEDIUM
124.1,234.6,0.91,2.8,1.7,36.8,0.797,32.0,MEDIUM
230.0,308.6,2.78,1.7,5.7,4.5,0.681,71.9,HIGH
104.0,168.5,0.4,27.5,10.4,71.6,0.141,16.6,LOW
145.2,210.1,0.07,52.7,53.1,84.0,0.0,21.7,LOW
94.1,140.4,0.14,19.9,29.6,30.4,0.409,20.2,LOW
122.1,239.7,0.72,1.6,5.9,64.0,0.781,30.8,MEDIUM
113.9,176.1,0.16,18.5,14.5,110.8,0.609,23.9,LOW
136.0,203.5,0.55,4.1,9.1,69.9,0.635,33.6,MEDIUM
157.6,226.9,1.56,0.6,0.8,63.0,0.736,53.9,MEDIUM
123.4,186.5,1.2,5.8,4.0,16.1,0.85,27.6,LOW
214.4,276.7,0.22,22.8,30.7,37.9,0.469,42.6,MEDIUM
207.4,286.9,0.32,18.6,22.0,32.1,0.403,45.3,MEDIUM
230.5,347.0,1.81,9.3,11.9,11.1,0.317,49.1,MEDIUM
151.2,197.6,0.25,23.4,26.2,37.1,0.192,26.4,LOW
185.3,242.7,0.06,28.5,42.5,27.7,0.098,31.8,MEDIUM
79.5,151.6,0.05,30.5,40.8,34.3,0.242,11.4,LOW
145.6,249.9,1.27,2.7,3.6,12.5,0.643,30.1,MEDIUM
47.5,206.4,0.0,40.0,60.5,105.8,0.402,7.7,LOW
97.9,179.9,0.45,2.1,4.5,117.2,0.499,21.3,LOW
143.8,201.6,0.0,27.6,32.2,91.2,0.091,22.8,LOW
149.5,263.9,2.04,5.6,2.8,6.7,0.677,36.9,MEDIUM
139.7,220.2,0.66,3.2,5.7,55.7,0.783,32.0,MEDIUM
210.8,225.6,0.38,26.7,33.0,11.0,0.0,36.6,MEDIUM
167.9,229.9,1.22,3.9,8.1,8.3,0.425,38.8,MEDIUM
107.5,210.6,0.37,4.3,7.8,83.5,0.633,28.7,LOW
159.5,270.6,0.0,38.8,64.2,7.0,0.373,32.0,MEDIUM
143.5,349.0,1.96,5.3,4.3,15.1,0.931,43.2,MEDIUM
181.1,211.1,0.37,18.1,22.6,4.7,0.326,32.9,MEDIUM
115.4,199.4,0.0,26.3,43.6,109.7,0.254,19.2,LOW
176.7,192.7,0.39,16.9,22.1,23.1,0.281,34.1,MEDIUM
78.5,231.3,0.06,19.9,12.6,129.2,0.456,17.2,LOW
124.7,201.2,1.47,1.2,0.8,46.6,0.991,47.7,MEDIUM
166.3,264.3,0.3,20.8,27.9,48.0,0.537,32.3,MEDIUM
128.2,212.7,0.14,27.0,27.6,62.8,0.267,22.7,LOW
173.1,215.7,0.4,21.4,20.8,22.9,0.214,30.3,MEDIUM
84.8,165.5,0.07,22.7,20.1,146.9,0.324,15.9,LOW
67.5,215.4,0.0,18.0,29.2,41.1,0.596,18.7,LOW
119.5,261.7,1.0,0.9,4.0,44.5,0.71,34.7,MEDIUM
145.6,202.2,0.83,15.2,11.3,6.7,0.163,23.1,LOW
58.5,89.2,0.0,62.6,52.7,207.5,0.011,1.0,LOW
127.2,224.6,1.05,6.0,1.9,22.2,0.588,30.7,MEDIUM
211.2,261.2,0.01,43.2,73.9,10.8,0.0,36.9,MEDIUM
150.1,256.3,0.25,25.5,35.4,38.3,0.324,26.3,LOW
130.6,184.0,0.27,10.9,10.5,67.2,0.593,28.5,LOW
172.2,265.6,0.78,18.0,16.3,10.1,0.668,39.1,MEDIUM
84.6,160.7,0.01,28.5,29.9,100.5,0.056,10.8,LOW
156.7,230.3,2.06,0.5,2.2,42.4,0.892,57.8,HIGH
139.6,198.2,0.08,15.2,18.3,131.1,0.58,29.9,LOW
216.4,299.4,0.59,21.3,23.7,5.6,0.419,45.1,MEDIUM
93.0,139.0,0.0,27.3,40.3,67.3,0.117,14.7,LOW
211.1,322.9,0.06,29.2,44.2,21.5,0.089,43.4,MEDIUM
114.1,216.5,0.06,50.5,70.5,142.0,0.121,16.5,LOW
96.1,149.5,0.11,24.0,18.5,37.0,0.32,15.6,LOW
112.8,133.3,0.0,38.2,47.4,39.5,0.089,16.4,LOW
121.4,202.5,0.64,4.4,7.4,42.8,0.865,30.9,MEDIUM
143.8,211.4,0.57,13.0,19.4,64.4,0.416,30.5,MEDIUM
136.8,258.7,0.07,19.3,25.2,60.5,0.085,25.5,LOW
96.9,168.9,0.35,11.8,14.3,45.3,0.465,20.9,LOW
126.3,196.5,0.28,17.6,22.0,16.5,0.467,26.7,LOW
116.6,178.9,0.12,35.9,57.8,68.9,0.241,18.6,LOW
169.8,228.3,0.23,20.4,26.3,15.5,0.404,35.4,MEDIUM
103.7,166.1,0.25,12.7,16.9,104.6,0.705,24.7,LOW
96.1,130.9,0.0,33.1,54.6,45.5,0.046,16.3,LOW
166.1,209.2,0.0,46.0,59.2,8.3,0.063,22.9,LOW
148.3,242.0,0.23,15.0,20.7,97.3,0.671,35.3,MEDIUM
84.6,183.1,0.11,15.0,16.4,89.3,0.144,15.6,LOW
148.1,218.3,0.0,33.9,41.5,12.6,0.198,30.1,MEDIUM
123.8,184.1,0.01,47.5,66.8,29.3,0.304,18.8,LOW
96.4,167.3,0.35,17.6,13.9,54.9,0.578,20.2,LOW
118.8,207.7,0.08,15.4,15.0,118.7,0.531,24.5,LOW
173.8,234.5,0.08,33.5,43.7,83.2,0.312,35.7,MEDIUM
51.0,153.3,0.11,24.4,17.3,300.0,0.145,4.1,LOW
116.5,171.4,0.28,17.7,17.9,23.7,0.601,23.1,LOW
55.8,126.5,0.0,17.2,26.6,120.4,0.223,3.8,LOW
173.9,270.4,1.94,3.9,3.7,13.3,0.514,37.3,MEDIUM
100.9,158.1,0.0,21.2,21.7,25.8,0.4,18.0,LOW
145.6,211.1,2.01,3.5,2.6,21.2,0.62,38.2,MEDIUM
118.5,213.6,1.78,4.8,2.3,5.1,0.691,28.5,LOW
163.3,308.6,0.08,25.9,36.6,30.6,0.348,35.3,MEDIUM
157.9,281.8,0.3,17.6,20.6,78.4,0.662,38.4,MEDIUM
77.7,173.6,0.31,6.0,0.7,46.8,0.695,18.2,LOW
175.4,216.5,0.34,16.4,20.1,62.3,0.322,33.8,MEDIUM
143.8,191.1,0.06,19.7,23.7,84.4,0.465,27.8,LOW
119.0,216.9,0.86,0.8,5.4,19.5,0.651,33.5,MEDIUM
162.3,307.7,0.75,3.9,5.4,75.1,0.822,46.2,MEDIUM
90.2,190.3,0.49,4.4,2.4,101.4,0.679,23.4,LOW
82.9,212.5,0.11,17.9,14.1,142.4,0.451,19.8,LOW
155.2,332.4,0.24,20.0,25.1,13.6,0.092,31.1,MEDIUM
71.1,119.9,0.0,62.5,84.6,102.6,0.0,3.2,LOW
54.8,116.4,0.0,2.2,6.7,137.7,0.508,12.8,LOW
136.1,197.7,0.24,16.4,25.1,49.3,0.676,31.2,MEDIUM
171.1,216.7,0.71,17.0,13.1,43.8,0.233,30.8,MEDIUM
235.8,288.8,0.78,23.3,23.4,12.4,0.424,47.5,MEDIUM
122.4,174.0,0.2,24.0,34.0,64.6,0.21,21.4,LOW
86.4,136.9,0.2,14.4,12.2,69.6,0.414,15.9,LOW
100.3,168.0,0.43,5.4,2.4,25.2,0.638,22.5,LOW
163.9,290.5,0.21,24.7,37.9,79.3,0.545,33.6,MEDIUM
104.2,208.3,0.25,14.3,18.6,35.7,0.54,26.8,LOW
209.2,253.9,0.0,38.5,57.8,37.4,0.229,37.9,MEDIUM
91.7,223.0,0.69,3.0,5.4,45.3,0.904,29.8,LOW
104.5,202.6,0.32,1.4,3.7,21.7,0.661,21.1,LOW
91.7,167.9,0.23,5.2,4.7,95.1,0.81,21.0,LOW
179.2,252.3,0.2,61.3,102.0,7.5,0.204,32.0,MEDIUM
120.2,147.3,0.09,33.0,46.0,31.5,0.347,19.3,LOW
223.3,360.9,1.84,5.7,7.8,26.6,0.614,55.9,HIGH
87.0,188.9,0.22,1.0,9.4,123.3,0.702,21.5,LOW
53.7,146.6,0.01,27.3,24.9,108.1,0.138,5.4,LOW
169.4,275.8,0.98,12.2,14.2,3.2,0.369,34.5,MEDIUM
145.8,357.9,0.68,4.6,8.5,11.7,0.527,40.4,MEDIUM
98.9,294.9,0.06,8.3,10.0,118.0,0.63,27.0,LOW
186.0,246.4,0.15,32.6,52.0,15.5,0.183,35.3,MEDIUM
247.8,323.7,0.69,23.7,28.1,6.8,0.375,52.4,MEDIUM
168.4,269.2,0.0,36.1,52.3,11.9,0.262,31.1,MEDIUM
79.8,152.9,0.0,45.3,66.5,109.6,0.0,8.3,LOW
177.7,198.8,0.42,23.3,26.9,10.5,0.152,29.8,LOW
129.5,202.5,0.16,39.0,24.9,39.2,0.134,24.7,LOW
172.0,314.7,1.87,1.7,4.2,9.1,0.632,52.7,MEDIUM
105.4,151.9,0.09,12.8,18.2,27.0,0.348,18.2,LOW
84.5,181.0,0.08,0.5,9.2,112.2,1.0,23.7,LOW
123.7,177.9,0.0,38.3,62.2,117.0,0.0,16.6,LOW
244.1,348.9,2.46,1.9,8.4,10.3,1.0,72.4,HIGH
115.0,202.6,0.33,12.0,10.4,10.2,0.538,27.2,LOW
226.1,251.5,0.0,48.9,63.9,26.3,0.261,39.6,MEDIUM
175.1,254.2,0.02,70.5,97.6,28.2,0.178,27.3,LOW
81.2,129.4,0.0,22.0,25.1,55.1,0.424,15.0,LOW
208.2,240.1,0.59,37.8,20.9,40.9,0.425,39.3,MEDIUM
261.2,366.8,2.87,5.2,8.7,1.1,0.487,58.5,HIGH
77.6,172.4,0.0,23.0,36.8,178.5,0.296,16.1,LOW
174.2,237.0,0.76,21.5,17.5,20.5,0.21,31.3,MEDIUM
118.0,236.4,0.28,13.1,19.2,12.5,0.219,23.6,LOW
167.1,204.9,0.62,13.3,16.9,9.8,0.371,33.4,MEDIUM
162.6,237.2,0.55,17.3,16.3,36.7,0.682,31.8,MEDIUM
163.4,227.2,1.06,1.3,8.5,22.5,0.734,41.9,MEDIUM
140.3,208.0,0.0,63.2,105.2,13.6,0.361,21.3,LOW
119.3,293.4,0.07,21.7,33.5,96.0,0.649,27.0,LOW
200.1,236.2,0.15,62.0,101.9,22.9,0.516,35.0,MEDIUM
220.8,252.4,0.05,73.7,113.0,5.2,0.328,37.1,MEDIUM
71.2,191.1,0.05,12.6,11.8,84.5,0.838,21.1,LOW
129.1,225.0,0.57,13.0,16.8,31.1,0.523,28.4,LOW
81.5,182.7,0.13,24.3,38.4,25.4,0.337,14.3,LOW
136.2,225.8,0.72,9.6,10.4,47.8,0.59,34.0,MEDIUM
133.7,216.0,0.05,42.9,64.2,2.7,0.144,21.0,LOW
234.6,281.8,1.37,16.3,16.2,2.9,0.439,45.2,MEDIUM
139.9,222.5,0.76,10.1,11.4,39.7,0.647,30.4,MEDIUM
118.9,250.8,0.43,9.8,13.7,69.6,0.471,29.5,LOW
235.4,390.4,3.38,1.2,2.1,2.6,0.555,83.0,CRITICAL
128.2,235.2,0.74,4.6,9.3,15.0,0.721,30.4,MEDIUM
59.3,209.1,0.09,65.1,101.5,109.7,0.0,6.6,LOW
58.3,146.4,0.06,11.4,13.6,107.3,0.418,13.9,LOW
140.5,221.1,0.52,10.2,12.0,54.3,0.511,30.0,MEDIUM
135.3,237.5,0.33,19.1,22.7,58.8,0.317,28.0,LOW
62.4,109.2,0.0,43.0,21.6,190.2,0.31,9.7,LOW
196.5,271.6,2.87,2.7,3.3,9.8,0.692,65.5,HIGH
87.8,137.8,0.0,21.4,27.0,48.7,0.515,17.2,LOW
98.3,182.4,0.58,1.3,3.2,45.0,0.79,26.0,LOW
163.5,224.5,1.29,1.8,5.9,13.8,0.732,43.0,MEDIUM
166.3,261.6,1.85,4.9,1.7,44.2,0.682,35.5,MEDIUM
168.2,215.2,0.14,23.3,38.6,62.5,0.121,26.8,LOW
163.8,224.1,0.22,36.8,31.7,11.5,0.234,29.9,LOW
179.4,248.8,0.97,22.8,11.1,10.2,0.449,41.6,MEDIUM
59.3,184.7,0.05,22.6,27.3,129.1,0.472,10.9,LOW
118.7,155.4,0.06,37.2,55.9,14.9,0.0,15.7,LOW
201.6,294.6,1.87,3.9,4.9,39.0,0.456,48.2,MEDIUM
169.2,240.2,1.08,11.9,12.1,6.6,0.416,38.2,MEDIUM
114.1,191.6,0.77,4.7,3.0,32.0,0.871,27.9,LOW
83.9,190.9,0.47,1.0,0.6,58.6,0.801,23.2,LOW
87.9,212.3,0.52,3.0,4.5,10.2,0.593,22.3,LOW
206.6,295.8,0.44,16.5,25.3,6.5,0.196,41.4,MEDIUM
121.4,163.7,0.12,26.0,20.0,64.0,0.18,19.7,LOW
160.9,231.0,0.39,13.1,13.3,80.0,0.361,33.2,MEDIUM
142.2,215.7,0.04,14.9,22.4,48.7,0.581,31.9,MEDIUM
107.9,154.9,0.0,29.7,47.3,128.3,0.396,19.2,LOW
87.1,142.1,0.0,14.7,21.1,37.2,0.286,14.1,LOW
109.5,170.4,0.0,24.7,34.9,55.9,0.41,17.2,LOW
108.5,290.6,0.3,15.7,16.2,16.6,0.525,24.3,LOW
130.7,227.6,1.82,4.9,1.3,12.1,0.481,27.7,LOW
153.9,236.7,0.49,17.3,13.5,76.8,0.388,33.5,MEDIUM
171.5,269.6,0.01,33.3,49.1,25.6,0.262,35.4,MEDIUM
145.5,193.8,0.34,24.7,23.1,7.8,0.323,23.8,LOW
154.8,224.7,0.18,67.6,114.1,20.7,0.0,24.9,LOW
154.1,184.9,0.27,66.5,25.1,24.2,0.076,19.4,LOW
104.0,180.0,0.09,27.0,41.2,61.4,0.367,19.9,LOW
64.4,119.5,0.09,28.6,45.4,124.2,0.492,9.4,LOW
132.5,171.5,0.41,14.2,19.4,6.6,0.354,20.3,LOW
35.9,147.4,0.0,14.3,16.4,200.7,0.37,6.5,LOW
109.8,218.9,0.0,16.5,25.2,165.6,0.382,21.3,LOW
146.3,198.4,0.13,31.5,44.2,23.9,0.271,26.6,LOW
135.1,176.5,0.01,21.7,35.0,80.0,0.35,24.5,LOW
201.9,283.6,0.07,24.8,33.1,41.7,0.387,40.7,MEDIUM
132.1,193.5,1.17,2.0,4.6,12.1,0.571,31.9,MEDIUM
68.6,194.5,0.14,12.1,13.2,27.8,0.553,18.4,LOW
139.6,212.8,0.19,25.6,30.5,9.0,0.176,22.5,LOW
128.8,252.3,0.44,38.9,16.5,29.3,0.147,23.5,LOW
138.6,199.6,0.0,38.3,63.4,38.2,0.429,30.0,MEDIUM
113.3,173.3,0.71,1.4,1.7,3.2,0.546,27.1,LOW
56.9,123.8,0.0,2.6,9.5,117.6,0.679,14.8,LOW
161.2,192.1,1.64,2.3,1.5,31.7,0.538,39.5,MEDIUM
164.6,252.7,1.06,1.5,9.0,45.9,0.776,47.9,MEDIUM
63.1,224.6,0.24,5.7,0.5,55.2,0.793,18.9,LOW
110.4,181.3,0.0,61.0,102.7,96.5,0.095,14.7,LOW
120.0,163.7,0.27,42.5,25.2,22.5,0.129,13.2,LOW
71.0,103.0,0.05,19.9,22.1,93.8,0.56,11.0,LOW
111.9,182.4,0.11,16.0,22.8,23.6,0.471,23.9,LOW
134.7,219.1,0.76,10.3,10.0,68.2,0.652,30.7,MEDIUM
148.1,281.6,1.87,3.2,5.1,4.7,0.812,46.2,MEDIUM
109.9,191.2,0.0,25.1,27.4,91.8,0.0,16.8,LOW
134.2,168.9,0.99,3.8,3.9,36.1,0.674,30.8,MEDIUM
180.6,235.5,2.21,1.2,1.5,10.3,0.602,59.0,HIGH
52.3,138.5,0.09,10.4,11.1,188.5,0.403,6.1,LOW
111.8,220.5,0.13,22.1,23.4,48.8,0.551,25.7,LOW
134.4,219.3,1.3,3.9,2.7,28.3,0.629,30.8,MEDIUM
151.0,262.8,0.0,40.5,46.2,28.8,0.442,28.3,LOW
90.8,166.4,0.0,19.8,20.9,15.8,0.15,11.7,LOW
127.8,175.3,0.0,42.7,67.2,24.9,0.0,19.1,LOW
102.2,169.2,0.44,3.6,1.3,25.9,0.808,26.0,LOW
154.6,266.1,3.17,5.6,0.6,4.2,0.588,47.2,MEDIUM
124.2,183.7,0.64,2.8,7.8,57.1,0.762,26.8,LOW
192.7,256.1,2.69,4.8,1.0,2.2,0.643,53.4,MEDIUM
100.0,186.1,0.0,25.8,40.5,18.9,0.264,18.1,LOW
106.9,180.3,0.06,24.0,33.1,44.1,0.261,16.5,LOW
78.2,163.3,0.01,13.9,13.5,94.9,0.486,17.8,LOW
80.7,177.6,0.44,2.2,5.2,12.3,0.83,23.4,LOW
142.0,232.2,0.15,22.2,20.3,69.8,0.572,27.7,LOW
68.9,157.1,0.22,21.6,20.6,102.7,0.307,11.4,LOW
75.4,139.3,0.0,28.9,40.2,121.6,0.193,4.8,LOW
65.9,166.6,0.09,3.7,5.4,187.6,0.612,17.6,LOW
117.9,172.1,0.15,25.4,34.6,8.4,0.51,21.2,LOW
240.4,283.8,0.56,20.5,29.4,1.5,0.456,45.9,MEDIUM
127.5,188.4,0.06,13.3,14.4,140.7,0.186,17.6,LOW
157.4,243.5,1.68,5.6,1.5,19.4,0.348,33.6,MEDIUM
52.6,172.5,0.0,3.9,3.3,244.1,0.559,13.1,LOW
115.6,246.2,1.0,4.4,3.0,62.4,0.705,29.5,LOW
87.0,249.2,0.04,15.0,19.9,160.8,0.434,20.7,LOW
124.3,262.7,0.13,38.2,48.3,45.6,0.251,22.9,LOW
60.2,110.5,0.0,24.8,27.3,107.4,0.271,8.5,LOW
80.7,190.4,0.09,5.3,7.0,22.5,0.856,23.0,LOW
62.5,124.7,0.04,20.0,24.0,57.9,0.475,9.6,LOW
92.8,135.3,0.04,27.6,28.8,68.6,0.277,12.9,LOW
165.7,216.2,0.06,69.6,101.3,2.2,0.221,26.3,LOW
201.2,248.9,3.02,5.6,1.5,15.4,0.392,50.1,MEDIUM
70.4,99.8,0.0,17.1,20.9,197.4,0.391,9.1,LOW
119.4,199.3,0.0,41.3,55.7,93.1,0.174,18.0,LOW
118.4,200.3,1.32,1.6,1.6,23.7,0.839,37.4,MEDIUM
101.5,193.6,0.32,1.6,7.5,13.0,0.494,23.4,LOW
180.5,233.1,0.47,19.1,24.3,4.5,0.333,33.2,MEDIUM
118.7,168.1,0.31,9.7,12.9,47.3,0.603,22.7,LOW
255.2,328.5,1.19,20.0,17.9,2.0,0.431,50.9,MEDIUM
271.1,464.4,1.52,13.1,17.3,1.2,0.651,58.5,HIGH
67.7,132.4,0.04,20.3,28.7,77.0,0.469,12.3,LOW
141.0,239.6,0.73,11.3,11.0,15.5,0.499,28.2,LOW
121.7,174.1,0.0,23.0,30.7,8.8,0.42,23.2,LOW
219.8,280.4,0.17,25.8,38.0,18.9,0.255,44.2,MEDIUM
112.3,168.1,0.17,18.3,22.9,17.1,0.406,20.0,LOW
180.5,328.0,1.66,3.5,9.2,17.6,0.814,47.7,MEDIUM
124.1,239.3,0.01,34.4,54.1,4.5,0.195,24.2,LOW
154.0,243.1,2.33,6.0,1.0,7.0,0.684,38.7,MEDIUM
107.7,237.2,0.22,21.7,17.3,29.6,0.481,21.3,LOW
161.2,231.8,0.28,21.5,34.9,29.7,0.445,32.8,MEDIUM
172.0,244.7,0.78,11.9,12.1,18.4,0.681,36.8,MEDIUM
55.1,227.6,0.08,10.2,10.2,159.8,0.882,20.4,LOW
68.1,142.4,0.1,3.2,3.4,148.8,0.809,17.2,LOW
188.0,270.8,0.81,11.0,14.8,10.7,0.445,38.3,MEDIUM
89.2,146.6,0.01,41.4,67.1,106.0,0.229,9.4,LOW
126.1,243.7,0.8,2.3,1.0,99.8,0.799,36.1,MEDIUM
98.8,193.5,0.59,3.5,1.7,70.3,0.789,25.0,LOW
127.3,202.2,0.08,39.0,57.6,113.8,0.392,29.0,LOW
108.9,139.9,0.0,73.3,127.4,33.2,0.0,15.3,LOW
169.9,242.4,0.33,17.8,24.1,37.4,0.62,39.5,MEDIUM
140.5,234.8,0.0,79.1,124.4,96.3,0.311,17.0,LOW
111.3,326.6,0.19,14.1,19.9,72.5,0.54,29.0,LOW
239.8,319.4,0.63,17.0,20.5,15.7,0.494,47.4,MEDIUM
164.2,283.2,0.05,23.9,32.6,4.9,0.272,33.7,MEDIUM
173.7,210.7,0.02,56.6,94.2,15.0,0.084,27.3,LOW
112.6,196.1,0.23,0.9,8.7,2.2,0.878,33.1,MEDIUM
113.1,186.3,0.09,15.4,19.4,40.7,0.528,21.3,LOW
136.1,297.2,0.06,45.2,67.9,47.9,0.239,26.1,LOW
136.0,202.0,0.0,38.9,63.5,67.2,0.263,23.2,LOW
234.0,271.9,0.16,39.4,56.4,13.3,0.3,43.6,MEDIUM
101.4,137.5,0.18,27.1,30.2,116.6,0.388,18.3,LOW
127.2,158.7,0.0,21.0,30.3,120.5,0.192,21.6,LOW
193.4,230.6,0.75,16.8,20.0,25.0,0.534,41.7,MEDIUM
103.9,226.1,0.54,1.5,2.1,130.3,1.0,32.5,MEDIUM
77.0,160.9,0.2,9.5,11.2,46.8,0.544,17.3,LOW
103.0,195.4,0.0,31.0,34.9,108.5,0.457,17.9,LOW
106.6,221.3,0.29,10.9,11.9,89.6,0.379,21.8,LOW
226.2,280.8,2.19,1.3,8.7,1.3,0.754,62.0,HIGH
148.9,236.0,1.77,0.7,0.7,36.6,0.683,50.0,MEDIUM
170.6,258.7,0.14,26.7,41.5,25.5,0.482,35.8,MEDIUM
226.0,296.4,0.99,16.0,19.6,13.6,0.668,47.4,MEDIUM
152.5,219.0,1.08,24.9,12.3,6.3,0.28,29.8,LOW
98.7,212.4,0.0,20.8,27.8,175.4,0.524,20.6,LOW
126.6,243.0,1.12,4.5,4.6,39.0,0.917,34.5,MEDIUM
144.0,192.3,0.03,32.1,52.7,20.3,0.216,24.3,LOW
102.3,201.9,0.06,14.3,21.2,103.7,0.47,21.9,LOW
226.6,288.0,0.19,33.2,50.5,8.8,0.322,38.9,MEDIUM
100.8,185.9,0.47,2.3,0.8,158.8,0.604,23.4,LOW
164.7,238.7,2.15,1.4,4.9,22.7,0.772,51.2,MEDIUM
119.5,227.0,1.33,3.3,3.0,3.0,1.0,33.5,MEDIUM
164.6,263.7,1.52,2.3,6.7,11.7,0.655,45.5,MEDIUM
206.9,255.2,0.12,19.6,31.1,8.4,0.493,41.6,MEDIUM
118.7,180.8,0.28,2.7,3.3,150.6,0.798,27.7,LOW
154.8,193.3,0.0,49.2,77.4,91.5,0.087,24.6,LOW
205.0,269.7,0.53,36.7,24.4,13.8,0.218,35.4,MEDIUM
201.7,308.8,0.1,27.3,38.8,15.0,0.531,45.3,MEDIUM
50.7,152.4,0.0,46.9,78.6,109.6,0.206,8.7,LOW
195.8,315.2,1.65,11.9,11.0,3.7,0.604,42.7,MEDIUM
110.0,250.1,0.05,21.8,30.7,41.8,0.574,26.4,LOW
162.9,287.2,1.79,2.2,2.2,47.2,0.688,51.9,MEDIUM
126.9,205.2,0.44,0.5,1.6,1.3,0.626,31.0,MEDIUM
187.3,275.4,0.73,12.4,16.9,56.2,0.752,42.7,MEDIUM
187.1,248.2,0.27,17.3,26.5,2.5,0.422,36.9,MEDIUM
63.4,134.2,0.0,24.2,31.2,70.9,0.438,12.8,LOW
148.8,195.5,0.12,42.5,49.8,33.7,0.032,25.6,LOW
149.4,201.0,0.08,29.5,42.1,25.7,0.305,26.3,LOW
180.2,262.7,0.47,22.3,22.1,29.3,0.164,37.0,MEDIUM
105.5,154.9,0.32,20.5,16.3,128.7,0.361,16.0,LOW
145.3,253.7,0.89,13.9,12.4,20.1,0.362,31.4,MEDIUM
82.0,305.5,0.76,4.3,0.4,3.5,0.542,22.8,LOW
89.7,109.5,0.0,22.6,28.9,277.9,0.278,13.0,LOW
257.6,314.2,0.11,39.9,48.5,5.7,0.0,42.6,MEDIUM
205.0,240.7,0.19,28.8,37.2,12.2,0.079,34.1,MEDIUM
116.0,219.7,0.3,15.6,10.8,10.4,0.546,26.2,LOW
164.5,251.1,0.61,13.4,16.0,44.7,0.52,33.3,MEDIUM
134.7,171.7,0.37,11.9,12.0,14.6,0.336,26.3,LOW
206.7,280.6,1.09,13.9,15.0,36.6,0.542,46.4,MEDIUM
60.2,147.8,0.05,16.8,20.1,66.4,0.276,9.3,LOW
97.6,182.3,0.62,1.1,2.6,19.6,0.874,27.6,LOW
107.2,196.3,0.37,1.7,7.2,54.9,0.73,28.5,LOW
137.6,213.1,0.87,1.5,3.1,82.4,0.703,36.9,MEDIUM
161.0,246.4,2.66,2.3,0.4,9.4,0.715,55.0,HIGH
136.6,205.1,0.55,1.4,9.4,76.4,1.0,36.9,MEDIUM
133.9,173.8,0.5,16.8,13.9,3.8,0.294,23.1,LOW
177.9,226.9,1.06,11.0,12.8,29.9,0.548,38.8,MEDIUM
187.1,239.8,2.77,2.4,1.1,12.0,0.844,60.8,HIGH
101.6,123.2,0.0,44.9,43.1,6.7,0.0,12.1,LOW
176.2,243.6,2.3,1.8,4.3,15.9,0.504,51.3,MEDIUM
150.8,211.1,0.33,21.3,23.1,38.8,0.251,29.4,LOW
136.4,226.7,0.06,21.0,24.4,52.2,0.459,26.8,LOW
95.4,177.2,0.48,0.8,3.3,67.2,0.722,25.8,LOW
95.5,193.0,0.41,5.3,1.0,139.7,0.613,21.9,LOW
70.7,185.8,0.07,2.2,0.8,41.0,0.87,18.6,LOW
164.9,318.7,0.64,1.0,8.4,28.4,0.647,43.4,MEDIUM
86.3,121.8,0.06,15.0,21.9,165.0,0.426,15.9,LOW
197.0,261.1,2.7,3.4,3.8,17.7,0.472,55.5,HIGH
116.1,191.6,0.95,1.2,2.0,14.5,0.811,32.7,MEDIUM
118.1,192.6,0.17,15.3,22.5,40.1,0.468,25.9,LOW
139.3,189.2,1.1,4.8,4.1,22.5,0.781,35.4,MEDIUM
163.4,214.7,0.03,28.0,41.7,4.5,0.089,25.9,LOW
127.9,171.6,0.36,17.7,17.1,10.3,0.365,23.7,LOW
114.5,181.1,0.27,20.1,22.3,54.0,0.166,21.0,LOW
94.2,148.9,0.03,33.0,52.3,70.1,0.177,15.8,LOW
132.6,235.2,1.3,0.8,4.6,38.2,0.996,45.3,MEDIUM
195.8,270.6,0.53,15.9,20.6,1.7,0.376,42.5,MEDIUM
131.5,197.6,0.76,10.6,10.7,17.3,0.319,27.9,LOW
162.9,230.8,1.37,3.1,3.7,41.2,0.606,39.4,MEDIUM
160.0,210.2,0.39,25.1,22.7,18.5,0.052,26.2,LOW
177.0,232.1,2.49,5.7,1.1,33.1,0.443,40.0,MEDIUM
147.0,200.1,0.0,40.8,47.0,15.0,0.257,23.5,LOW
92.7,135.7,0.0,36.0,28.9,58.2,0.0,9.4,LOW
125.5,161.5,0.16,58.3,98.8,19.4,0.124,14.4,LOW
142.0,243.5,0.47,10.5,15.6,36.0,0.529,33.5,MEDIUM
195.1,291.3,0.0,46.6,63.2,17.4,0.044,36.2,MEDIUM
85.1,190.7,0.21,1.4,5.3,8.6,0.791,19.8,LOW
142.4,184.2,0.21,14.2,19.1,1.7,0.312,25.4,LOW
99.2,251.9,0.12,14.7,19.0,82.0,0.57,22.9,LOW
127.4,305.1,0.1,20.8,29.2,58.9,0.244,27.9,LOW
210.5,234.2,0.07,54.3,72.9,23.8,0.033,34.6,MEDIUM
38.1,102.6,0.01,28.5,39.8,158.0,0.18,5.0,LOW
136.9,208.2,1.12,1.6,2.1,83.9,0.854,39.0,MEDIUM
146.2,204.8,0.36,19.8,21.1,47.7,0.445,29.4,LOW
183.8,254.9,1.0,3.8,9.8,28.6,0.294,37.9,MEDIUM
126.5,176.0,0.67,5.9,3.6,37.0,0.67,30.7,MEDIUM
98.3,139.8,0.21,17.6,16.5,50.2,0.134,12.1,LOW
88.6,200.5,0.07,17.3,13.0,20.6,0.35,15.7,LOW
151.6,243.4,1.95,2.6,1.1,48.1,0.704,43.8,MEDIUM
127.9,230.1,0.34,16.1,20.0,8.0,0.367,26.9,LOW
75.5,212.3,0.13,4.1,2.7,118.5,0.755,18.7,LOW
93.5,301.0,0.09,27.9,35.0,37.9,0.37,17.1,LOW
221.0,286.5,2.26,1.3,7.7,5.9,0.642,64.2,HIGH
62.8,193.0,0.03,15.8,22.6,130.8,0.304,9.0,LOW
171.4,257.7,1.29,4.0,4.9,25.2,0.676,38.8,MEDIUM
203.3,262.3,0.08,36.9,57.7,5.9,0.0,32.4,MEDIUM
237.2,298.2,4.01,1.9,1.6,3.1,0.67,83.5,CRITICAL
107.3,188.8,0.01,44.0,55.1,129.1,0.34,23.5,LOW
172.6,235.8,1.56,3.9,5.2,12.7,0.459,36.5,MEDIUM
89.7,146.7,0.22,1.0,4.1,29.9,0.718,21.4,LOW
140.5,173.3,0.18,17.6,23.2,18.6,0.307,23.1,LOW
148.4,178.4,0.34,20.9,20.0,12.8,0.647,30.1,MEDIUM
141.5,202.6,0.14,48.0,79.3,49.6,0.036,23.4,LOW
127.0,168.6,0.37,14.1,17.1,16.3,0.384,23.9,LOW
136.5,195.8,0.83,3.4,6.0,37.7,0.544,33.8,MEDIUM
138.2,181.8,0.15,20.4,22.3,48.5,0.355,23.8,LOW
109.8,195.6,0.17,16.5,20.2,103.5,0.453,17.9,LOW
99.5,189.6,0.11,15.3,20.2,3.3,0.302,19.2,LOW
229.4,280.6,0.0,52.1,85.4,30.6,0.248,41.9,MEDIUM
212.1,322.9,2.03,1.8,7.6,8.4,0.785,62.1,HIGH
104.3,226.9,0.37,11.2,14.0,48.8,0.639,22.7,LOW
89.9,172.4,0.13,27.8,43.6,66.5,0.214,12.9,LOW
254.1,284.2,0.5,28.4,26.7,12.1,0.294,46.9,MEDIUM
202.4,256.0,2.16,4.2,5.9,33.6,0.643,49.8,MEDIUM
107.6,159.1,0.04,28.5,35.2,63.1,0.474,20.8,LOW
107.2,160.1,0.51,4.6,4.8,17.1,0.683,22.4,LOW
178.1,258.6,0.21,20.9,27.4,47.0,0.348,31.8,MEDIUM
137.2,231.7,0.07,31.7,48.7,38.8,0.157,23.6,LOW
105.3,150.8,0.17,30.0,36.1,93.3,0.163,16.6,LOW
102.9,303.8,0.88,5.2,0.5,42.0,0.686,27.4,LOW
190.6,242.7,0.74,22.1,18.0,17.9,0.454,41.5,MEDIUM
157.0,228.7,1.55,6.0,4.4,18.0,0.528,33.8,MEDIUM
118.6,179.6,0.46,3.0,9.9,77.8,0.728,30.4,MEDIUM
116.3,166.7,0.0,23.9,34.7,114.6,0.335,23.8,LOW
126.6,224.4,1.13,4.2,5.0,12.5,0.73,28.3,LOW
96.4,131.6,0.14,41.9,66.3,157.1,0.0,12.0,LOW
158.3,255.8,2.14,0.6,0.9,21.7,0.642,60.0,HIGH
143.9,249.1,1.41,5.5,4.9,18.4,0.438,31.0,MEDIUM
218.9,347.1,3.95,3.9,1.5,13.7,0.69,79.8,HIGH
148.3,222.4,0.45,19.7,17.2,26.3,0.228,29.5,LOW
103.6,186.2,0.59,2.8,7.3,39.4,0.64,23.9,LOW
57.9,118.1,0.0,14.1,17.8,176.7,0.276,7.5,LOW
128.5,195.7,0.07,32.8,52.3,51.0,0.155,17.8,LOW
100.7,158.5,0.06,21.3,24.6,8.0,0.173,14.1,LOW
119.6,215.9,0.52,2.9,1.4,70.5,0.826,32.7,MEDIUM
117.8,192.5,1.24,4.7,0.3,9.5,0.736,27.9,LOW
96.6,155.5,0.05,25.4,27.4,61.4,0.312,16.5,LOW
128.2,174.0,1.09,5.1,2.8,17.9,0.607,30.2,MEDIUM
163.3,270.7,0.5,27.8,18.6,21.9,0.0,31.1,MEDIUM
84.9,147.6,0.0,36.2,60.4,26.6,0.12,11.6,LOW
119.8,206.7,0.22,16.7,20.6,71.5,0.296,21.6,LOW
121.4,214.2,0.0,22.1,32.9,28.6,0.367,23.9,LOW
112.1,239.3,0.25,10.3,12.3,173.4,0.623,27.8,LOW
151.8,237.4,0.76,11.5,12.7,21.7,0.554,32.2,MEDIUM
189.8,281.4,3.41,4.9,1.1,6.4,0.846,61.5,HIGH
100.4,195.7,0.44,3.3,4.2,133.1,0.616,22.4,LOW
118.7,229.2,0.58,2.5,1.3,116.3,0.631,29.2,LOW
197.5,258.7,1.43,5.7,9.7,23.2,0.793,45.6,MEDIUM
133.1,200.9,0.26,18.0,27.9,4.8,0.415,25.2,LOW
148.8,196.9,0.91,4.0,3.6,12.5,0.645,35.2,MEDIUM
159.8,239.3,0.07,29.0,45.1,43.4,0.527,34.2,MEDIUM
156.7,252.8,0.51,15.5,18.7,24.5,0.517,33.7,MEDIUM
82.7,163.0,0.0,14.8,22.8,149.0,0.414,18.1,LOW
120.8,168.1,0.02,29.1,42.7,60.2,0.146,20.2,LOW
84.0,193.4,0.0,21.1,17.2,24.8,0.542,19.1,LOW
142.8,180.8,0.19,30.6,23.0,2.5,0.267,24.2,LOW
73.6,207.7,0.0,13.1,19.3,265.9,0.478,18.1,LOW
139.0,297.4,1.6,3.5,1.9,29.7,0.797,39.1,MEDIUM
121.1,300.3,0.64,3.8,5.3,89.9,0.819,35.7,MEDIUM
184.4,213.1,0.0,28.4,39.7,14.8,0.34,36.6,MEDIUM
137.4,177.8,0.0,50.7,86.4,4.7,0.238,23.3,LOW
100.0,229.3,0.15,4.0,4.6,10.3,0.75,26.0,LOW
83.0,220.4,0.13,13.4,13.3,88.9,0.55,22.0,LOW
122.0,226.1,0.99,4.4,7.7,7.7,0.561,26.1,LOW
102.5,262.9,0.18,31.9,26.2,135.1,0.494,21.9,LOW
99.4,148.8,0.12,16.9,19.9,86.9,0.222,18.0,LOW
177.1,291.1,2.03,3.5,1.2,46.2,0.741,48.3,MEDIUM
167.6,230.2,0.0,51.4,86.2,12.3,0.0,27.2,LOW
144.0,167.7,0.0,38.5,64.6,8.4,0.157,23.5,LOW
148.6,271.3,0.32,21.7,31.8,16.8,0.25,32.0,MEDIUM
84.8,139.2,0.17,38.1,19.6,52.0,0.195,10.1,LOW
77.0,201.8,0.28,5.3,8.7,30.6,0.698,22.5,LOW
140.6,257.9,0.42,14.1,12.8,34.4,0.311,27.7,LOW
115.5,161.9,0.33,9.2,10.2,76.8,0.55,23.1,LOW
80.6,219.9,0.0,17.9,13.0,22.3,0.6,19.4,LOW
156.9,234.8,1.61,5.2,2.0,44.0,0.452,33.6,MEDIUM
178.9,212.1,0.0,28.7,47.0,14.5,0.126,32.8,MEDIUM
78.5,157.9,0.25,16.3,21.6,26.5,0.547,20.9,LOW
196.0,359.7,1.17,30.9,14.6,2.3,0.244,40.2,MEDIUM
108.0,182.0,0.18,38.7,30.4,2.3,0.193,16.7,LOW
190.1,228.9,0.22,21.6,30.8,6.7,0.491,41.6,MEDIUM
169.5,315.2,2.73,2.9,0.9,12.0,0.592,61.7,HIGH
164.7,311.9,2.04,1.4,4.5,3.9,0.678,53.8,MEDIUM
163.7,234.5,0.56,15.4,16.6,55.3,0.335,33.1,MEDIUM
75.7,157.5,0.0,29.9,42.4,99.1,0.189,7.8,LOW
145.5,179.6,0.07,34.3,44.3,1.9,0.404,24.3,LOW
83.1,165.0,0.26,3.7,9.5,101.1,0.436,13.8,LOW
142.3,177.6,0.34,24.7,35.2,1.3,0.119,22.5,LOW
150.9,211.0,1.6,3.9,0.7,11.0,0.479,35.9,MEDIUM
96.3,162.8,0.01,20.5,29.9,126.7,0.563,17.5,LOW
122.6,183.6,0.48,16.7,15.0,31.1,0.319,21.2,LOW
168.1,267.7,1.69,3.4,8.2,1.6,0.65,43.5,MEDIUM
104.5,140.2,0.1,18.8,19.7,78.6,0.134,12.0,LOW
187.2,232.0,0.49,20.1,22.8,24.9,0.319,36.7,MEDIUM
137.8,249.1,0.0,44.9,70.2,53.7,0.263,19.3,LOW
114.5,168.9,0.0,57.2,85.9,67.8,0.119,15.1,LOW
185.4,286.5,1.04,10.6,14.2,19.9,0.507,38.2,MEDIUM
72.5,185.3,0.0,27.4,43.6,226.7,0.033,7.9,LOW
215.7,306.9,1.33,12.2,12.9,10.2,0.442,46.5,MEDIUM
94.8,139.6,0.03,16.3,24.3,173.5,0.44,16.8,LOW
137.5,177.1,0.69,5.4,6.2,80.7,0.496,27.9,LOW
224.8,301.1,2.78,1.0,4.1,7.9,0.867,79.4,HIGH
263.2,300.8,1.15,25.0,19.4,1.4,0.427,50.4,MEDIUM
166.1,250.3,0.87,2.1,10.0,13.9,0.657,36.3,MEDIUM
235.3,309.0,2.41,5.3,8.8,7.8,0.757,54.8,MEDIUM
155.5,228.0,2.74,5.7,1.8,3.7,0.621,42.4,MEDIUM
68.2,210.2,0.15,2.8,3.5,68.4,0.886,22.4,LOW
97.1,181.5,0.14,21.7,27.6,78.1,0.641,23.4,LOW
189.6,217.8,0.24,24.6,27.4,4.6,0.135,35.5,MEDIUM
117.0,177.9,0.06,21.9,15.9,8.1,0.449,21.7,LOW
70.9,283.8,0.02,17.4,21.6,100.4,0.595,20.5,LOW
121.7,159.6,0.85,1.6,1.5,33.8,0.606,27.4,LOW
95.4,155.7,0.03,25.8,42.2,110.9,0.198,16.3,LOW
144.5,195.3,0.41,16.7,21.4,5.5,0.322,27.3,LOW
97.7,154.9,0.17,17.9,28.6,124.3,0.371,19.7,LOW
167.2,296.6,1.67,2.8,4.7,22.8,0.661,44.6,MEDIUM
192.4,227.5,0.18,23.2,26.3,30.6,0.287,35.6,MEDIUM
154.8,195.5,0.15,18.9,26.8,23.4,0.501,29.7,LOW
125.4,204.6,0.89,8.9,10.0,1.3,0.277,27.1,LOW
227.2,308.2,0.0,59.2,86.4,8.0,0.0,38.7,MEDIUM
203.1,260.3,1.23,8.9,10.1,21.8,0.661,45.4,MEDIUM
134.8,258.8,0.0,33.8,55.2,16.4,0.29,25.1,LOW
72.1,126.9,0.1,27.1,42.2,66.9,0.112,10.4,LOW
144.0,254.2,0.06,38.4,58.3,11.4,0.256,32.2,MEDIUM
114.5,278.3,0.32,16.9,14.6,103.6,0.606,33.2,MEDIUM
194.0,281.0,2.66,3.0,5.6,4.3,0.702,58.8,HIGH
189.0,285.4,2.2,3.4,4.7,22.2,0.548,48.4,MEDIUM
146.9,234.6,0.12,24.7,34.0,81.3,0.429,28.2,LOW
221.4,313.9,0.89,22.0,18.8,8.2,0.591,48.9,MEDIUM
70.8,145.7,0.06,12.4,15.0,123.4,0.355,7.5,LOW
78.3,155.5,0.0,10.0,13.6,38.5,0.541,15.2,LOW
78.9,219.5,0.52,2.0,1.2,99.6,0.902,26.9,LOW
115.5,198.2,0.46,9.7,10.7,28.6,0.559,22.2,LOW
88.7,168.3,0.0,39.3,63.7,40.7,0.0,11.9,LOW
119.6,270.7,0.39,17.1,24.5,43.3,0.471,26.1,LOW
165.2,287.4,1.3,2.2,6.1,38.6,0.585,41.7,MEDIUM
91.7,116.6,0.0,33.0,43.9,27.7,0.023,11.4,LOW
144.3,188.2,0.03,34.5,27.8,69.6,0.0,25.2,LOW
154.8,211.4,0.0,44.7,76.5,99.8,0.312,26.6,LOW
100.4,218.6,0.39,4.1,8.3,40.5,0.554,26.9,LOW
62.5,154.7,0.0,3.9,6.3,97.2,0.734,17.3,LOW
150.7,261.4,0.01,40.0,55.1,37.8,0.248,25.2,LOW
136.5,187.7,0.33,12.5,13.1,101.1,0.509,30.1,MEDIUM
202.1,307.3,1.12,9.8,10.5,20.5,0.585,49.0,MEDIUM
97.8,175.4,0.0,25.7,29.5,22.2,0.344,17.9,LOW
134.4,209.1,0.55,17.3,11.2,34.7,0.421,24.3,LOW
232.8,300.5,2.47,4.1,6.0,3.5,0.564,55.5,HIGH
62.1,237.8,0.09,21.3,31.7,117.5,0.214,12.8,LOW
132.9,209.5,0.02,18.5,20.8,54.7,0.366,26.7,LOW
151.5,230.1,1.31,2.6,4.1,34.8,0.703,40.0,MEDIUM
139.5,231.7,0.3,22.0,30.6,2.3,0.396,23.5,LOW
182.3,286.3,1.71,2.4,4.3,52.1,0.893,51.6,MEDIUM
153.7,222.1,1.38,2.4,1.3,1.5,0.777,40.0,MEDIUM
214.2,262.3,0.59,20.6,24.8,6.8,0.229,43.2,MEDIUM
161.2,192.5,1.28,5.7,6.3,42.3,0.309,30.9,MEDIUM
143.1,283.0,0.44,26.5,21.7,7.7,0.162,29.7,LOW
173.5,284.9,0.0,95.4,158.9,15.6,0.0,23.1,LOW
59.4,90.1,0.14,45.9,75.4,72.0,0.018,0.0,LOW
49.1,117.5,0.0,2.7,6.9,300.0,0.755,14.8,LOW
99.7,183.8,0.39,3.8,9.1,50.7,0.699,24.0,LOW
139.9,222.6,0.07,53.9,29.8,83.0,0.371,23.9,LOW
222.1,334.8,4.41,3.4,0.3,17.5,0.771,82.5,CRITICAL
110.2,206.0,0.28,21.4,21.9,20.4,0.627,24.4,LOW
96.5,180.5,0.33,5.3,7.9,96.0,0.754,24.6,LOW
191.5,230.7,0.24,19.4,25.0,55.8,0.531,39.3,MEDIUM
78.9,176.9,0.0,20.9,28.6,133.1,0.293,14.9,LOW
91.6,133.6,0.12,22.2,27.4,23.8,0.168,14.3,LOW
111.6,224.7,0.99,2.5,1.4,27.5,0.656,30.6,MEDIUM
109.1,265.9,0.85,2.9,3.5,63.5,0.711,30.3,MEDIUM
122.5,184.1,0.06,35.5,51.3,28.9,0.099,22.1,LOW
178.4,224.7,2.12,5.1,4.0,6.2,0.501,36.0,MEDIUM
118.7,152.6,0.26,13.8,16.1,122.2,0.523,25.1,LOW
98.1,143.4,0.09,28.2,45.7,78.1,0.108,13.4,LOW
140.7,264.9,1.53,1.4,0.8,4.0,0.527,43.0,MEDIUM
154.1,345.0,1.03,3.8,5.6,50.0,0.52,38.6,MEDIUM
135.8,176.7,0.11,26.2,27.2,41.0,0.246,24.2,LOW
108.6,210.9,0.47,2.7,3.5,111.5,0.569,29.4,LOW
90.7,188.5,0.0,18.4,20.3,24.9,0.349,19.7,LOW
159.0,279.0,0.13,30.3,44.9,7.5,0.328,33.3,MEDIUM
92.5,334.4,0.13,16.2,22.4,55.1,0.505,25.1,LOW
116.3,135.6,0.0,30.7,49.3,37.4,0.136,19.9,LOW
154.0,209.5,1.23,5.9,9.2,22.3,0.436,32.7,MEDIUM
73.7,98.4,0.05,24.0,32.0,300.0,0.22,6.5,LOW
111.4,235.2,0.02,38.6,47.4,50.0,0.269,18.1,LOW
155.9,274.4,1.24,4.5,8.2,23.2,0.802,43.4,MEDIUM
195.2,318.0,0.0,30.7,47.2,14.1,0.287,41.3,MEDIUM
93.9,172.7,0.24,0.6,2.7,121.0,0.963,29.5,LOW
207.1,365.4,0.72,18.0,21.6,4.3,0.649,49.4,MEDIUM
116.0,224.0,0.65,5.1,4.4,98.5,0.579,25.8,LOW
227.5,263.9,0.34,22.2,30.7,7.5,0.552,43.5,MEDIUM
123.8,218.3,0.58,19.5,19.6,5.1,0.328,22.3,LOW
190.0,277.0,0.16,20.0,28.2,28.5,0.512,37.5,MEDIUM
110.8,189.8,0.03,28.3,42.4,50.5,0.364,24.7,LOW
84.6,190.4,0.05,15.0,17.4,146.6,0.143,12.7,LOW
233.1,316.4,2.84,4.4,6.8,11.9,0.527,59.4,HIGH
120.3,190.7,0.13,29.2,48.6,1.4,0.065,17.5,LOW
138.0,170.7,0.03,46.3,69.2,3.0,0.0,16.2,LOW
124.2,218.6,0.06,32.3,49.3,22.2,0.352,19.3,LOW
219.8,342.2,2.7,3.6,3.8,21.9,1.0,71.4,HIGH
143.3,197.2,0.24,26.8,39.5,30.4,0.235,28.6,LOW
194.9,286.2,0.44,23.4,25.9,7.7,0.442,42.8,MEDIUM
49.5,137.7,0.0,17.2,14.0,91.3,0.624,11.8,LOW
118.1,197.0,0.91,1.8,3.3,28.4,0.776,28.9,LOW
104.1,247.5,0.3,28.7,30.0,5.2,0.25,22.2,LOW
121.5,176.5,0.0,28.8,27.2,94.2,0.216,19.9,LOW
77.9,267.0,0.2,1.3,7.0,22.3,0.839,27.6,LOW
188.9,297.0,0.95,11.2,12.3,45.4,0.643,44.6,MEDIUM
107.7,209.3,0.3,4.0,4.6,126.4,0.752,29.3,LOW
197.0,242.8,0.12,44.9,66.7,36.6,0.197,36.4,MEDIUM
197.3,312.8,0.77,13.0,16.6,1.4,0.469,43.6,MEDIUM
187.0,215.7,0.55,15.8,23.7,1.3,0.187,36.3,MEDIUM
39.5,125.6,0.11,14.1,21.3,300.0,0.589,9.6,LOW
159.2,321.6,0.11,27.7,39.0,28.2,0.071,32.7,MEDIUM
164.9,230.7,0.27,21.8,26.5,21.7,0.428,35.0,MEDIUM
119.8,187.2,0.36,2.9,7.6,3.3,0.825,26.7,LOW
209.5,258.5,0.86,20.6,15.8,31.4,0.181,39.6,MEDIUM
66.7,146.5,0.0,5.2,9.5,56.0,0.558,10.3,LOW
58.6,126.2,0.08,22.8,14.8,193.5,0.639,8.4,LOW
161.5,283.0,0.31,22.7,27.6,1.9,0.311,33.0,MEDIUM
124.6,226.0,0.43,12.6,16.6,46.6,0.301,24.5,LOW
109.6,194.3,0.28,20.7,23.2,31.0,0.469,21.4,LOW
241.4,322.5,3.05,1.9,4.8,12.1,0.624,75.1,HIGH
112.9,156.8,0.47,14.0,17.4,17.9,0.17,17.3,LOW
131.9,158.1,0.0,18.9,29.0,73.6,0.454,22.2,LOW
86.0,155.9,0.22,20.5,25.8,51.7,0.215,10.1,LOW
90.5,162.6,0.23,10.7,13.0,12.7,0.57,16.0,LOW
155.0,272.2,1.06,4.0,6.0,31.7,0.56,35.0,MEDIUM
220.1,242.8,0.0,44.9,73.1,9.4,0.239,37.6,MEDIUM
129.9,154.1,0.32,32.2,23.4,58.5,0.248,23.6,LOW
142.6,163.5,0.33,11.8,17.2,8.8,0.111,23.6,LOW
86.5,184.4,0.25,1.9,4.5,49.9,0.8,21.6,LOW
221.1,241.6,0.11,33.9,33.3,27.5,0.163,41.3,MEDIUM
117.8,200.3,0.17,15.7,21.7,38.7,0.64,27.8,LOW
108.5,173.0,0.63,4.0,6.7,79.5,0.741,25.2,LOW
67.8,158.5,0.33,0.8,0.5,58.9,0.889,23.1,LOW
69.3,159.0,0.05,14.3,18.5,31.7,0.345,14.3,LOW
147.2,242.1,1.0,2.7,5.2,1.5,0.601,34.1,MEDIUM
67.9,138.9,0.09,10.2,12.9,55.2,0.528,13.6,LOW
116.7,168.2,0.12,21.6,29.1,84.2,0.283,19.3,LOW
83.3,135.9,0.12,24.0,28.5,108.9,0.508,16.0,LOW
150.3,243.2,1.88,1.4,2.2,40.1,0.732,44.3,MEDIUM
104.2,173.8,0.2,9.2,10.4,3.6,0.369,21.9,LOW
145.5,213.4,0.17,41.8,54.8,25.7,0.026,20.0,LOW
183.1,279.3,1.41,3.8,7.7,10.5,0.831,44.6,MEDIUM
140.1,218.1,0.55,9.7,11.4,9.1,0.517,34.5,MEDIUM
67.0,122.7,0.14,10.4,13.3,85.2,0.495,11.8,LOW
111.9,202.7,0.36,2.2,0.3,1.8,0.89,31.0,MEDIUM
92.0,229.1,0.08,26.1,32.0,15.0,0.145,16.8,LOW
123.9,177.4,1.64,4.7,1.8,7.4,0.326,24.4,LOW
73.9,165.3,0.14,1.1,7.9,71.4,0.637,17.5,LOW
68.9,216.3,0.11,3.6,6.1,151.6,0.73,21.6,LOW
182.5,227.6,0.4,15.3,21.2,18.2,0.396,36.3,MEDIUM
134.2,175.1,0.77,16.8,10.8,24.0,0.174,19.2,LOW
121.9,218.9,0.06,21.0,30.2,10.4,0.498,23.1,LOW
105.1,180.6,0.14,27.0,36.8,72.2,0.297,17.8,LOW
76.7,199.5,0.35,3.8,4.0,83.5,0.746,22.6,LOW
198.4,288.9,1.52,0.6,5.3,46.6,0.843,60.7,HIGH
100.1,141.8,0.01,24.2,23.0,14.0,0.109,14.3,LOW
87.8,148.9,0.0,25.8,39.6,10.9,0.33,14.2,LOW
171.8,268.2,0.02,52.1,76.4,49.5,0.236,29.9,LOW
74.8,156.1,0.19,0.7,6.1,105.7,0.949,23.0,LOW
48.0,144.3,0.0,29.2,45.2,300.0,0.357,5.1,LOW
135.9,205.9,0.75,2.2,3.8,85.2,0.81,33.9,MEDIUM
110.5,173.4,0.6,26.7,13.0,59.6,0.014,17.7,LOW
158.7,185.2,0.11,25.5,40.5,21.0,0.286,28.3,LOW
82.3,283.9,0.19,3.8,6.7,33.7,0.542,21.8,LOW
89.0,155.5,0.31,5.8,4.5,74.3,0.827,20.6,LOW
43.9,168.7,0.0,1.0,1.1,261.6,0.938,20.7,LOW
180.2,288.8,0.44,17.6,23.1,43.6,0.254,36.3,MEDIUM
98.7,176.8,0.38,18.0,20.9,29.5,0.382,15.6,LOW
146.2,217.4,0.0,53.5,92.1,36.7,0.131,21.1,LOW
231.2,297.2,0.82,13.7,16.6,28.1,0.597,47.5,MEDIUM
216.2,293.1,2.25,4.4,5.1,28.3,0.42,47.7,MEDIUM
85.7,153.6,0.0,14.7,11.6,16.0,0.113,12.8,LOW
151.8,222.5,1.99,4.3,1.7,27.1,0.679,36.7,MEDIUM
132.2,245.6,0.12,21.3,27.1,43.8,0.0,20.3,LOW
162.4,270.2,0.12,26.3,32.1,41.7,0.303,34.5,MEDIUM
231.9,288.4,2.25,4.2,6.3,26.3,0.766,58.0,HIGH
145.5,266.4,1.03,3.3,7.6,50.2,0.885,39.2,MEDIUM
178.3,311.4,2.1,5.8,2.1,17.6,0.541,43.8,MEDIUM
92.4,194.8,0.8,3.3,2.2,8.4,0.726,21.0,LOW
169.5,231.6,1.12,16.9,14.0,15.6,0.505,32.7,MEDIUM
135.5,171.8,0.24,14.1,18.8,33.1,0.278,24.2,LOW
117.8,230.6,1.23,5.1,0.5,42.9,0.789,24.2,LOW
158.1,247.5,0.39,19.9,27.2,20.6,0.402,36.3,MEDIUM
102.9,197.9,0.33,1.9,8.6,84.7,0.649,26.0,LOW
138.9,191.2,0.36,14.0,20.7,37.3,0.479,27.7,LOW
158.8,199.4,0.14,18.8,19.4,89.9,0.356,31.0,MEDIUM
100.2,181.6,0.0,35.4,38.7,88.4,0.312,17.9,LOW
133.7,153.4,0.1,35.7,49.2,97.6,0.138,20.8,LOW
123.2,202.5,0.0,30.3,47.7,49.4,0.272,23.2,LOW
120.0,202.7,0.5,9.5,10.2,84.2,0.454,27.5,LOW
79.0,135.5,0.09,20.4,23.9,224.8,0.214,14.6,LOW
114.9,181.4,0.61,4.9,4.3,65.7,0.682,25.0,LOW
192.8,235.3,1.3,16.4,15.4,4.7,0.281,34.6,MEDIUM
91.2,157.8,0.31,6.0,9.1,11.8,0.75,19.5,LOW
144.1,225.6,0.4,17.7,10.0,105.7,0.482,30.3,MEDIUM
204.0,221.0,0.18,23.7,37.0,13.5,0.196,33.3,MEDIUM
139.8,189.5,0.0,38.8,58.0,8.8,0.202,20.0,LOW
72.1,184.5,0.02,10.5,10.3,39.2,0.41,15.9,LOW
78.6,152.4,0.08,28.4,41.3,77.8,0.017,8.1,LOW
91.8,150.8,0.14,18.3,14.3,25.3,0.295,14.8,LOW
84.5,190.8,0.24,5.5,7.9,33.3,0.634,24.0,LOW
94.6,147.1,0.14,22.0,12.3,18.6,0.41,18.5,LOW
176.3,291.1,0.87,2.2,9.0,60.8,0.756,44.9,MEDIUM
136.6,260.6,1.29,5.2,4.1,30.0,0.787,33.5,MEDIUM
189.6,264.5,2.85,1.0,1.3,21.9,0.621,66.5,HIGH
159.0,235.0,2.47,4.2,0.9,4.8,0.619,42.2,MEDIUM
104.5,191.9,0.1,31.9,31.4,63.5,0.47,19.0,LOW
228.0,264.8,0.85,16.3,20.5,6.0,0.128,41.2,MEDIUM
144.1,247.1,0.65,14.1,10.7,3.9,0.387,30.3,MEDIUM
83.6,137.9,0.2,17.9,15.7,143.2,0.231,11.7,LOW
182.9,257.3,0.04,61.9,106.9,24.1,0.038,27.5,LOW
247.1,293.2,1.51,11.2,13.8,11.4,0.445,48.3,MEDIUM
112.9,216.6,0.28,2.4,6.1,96.5,0.818,33.3,MEDIUM
230.6,256.0,0.37,23.6,30.0,7.4,0.349,43.3,MEDIUM
142.4,264.1,1.11,4.1,3.3,50.9,0.483,35.1,MEDIUM
106.6,219.2,0.21,17.6,22.0,41.4,0.307,20.4,LOW
71.6,144.5,0.03,19.7,13.6,116.2,0.364,11.9,LOW
170.7,205.9,0.61,21.8,19.7,15.1,0.445,33.3,MEDIUM
137.0,219.4,0.98,2.8,8.3,12.2,1.0,36.3,MEDIUM
95.0,182.3,0.05,24.9,12.4,5.9,0.401,17.4,LOW
113.7,200.5,0.06,30.3,34.7,5.8,0.086,18.9,LOW
191.5,254.5,2.51,0.5,2.4,21.0,0.769,63.7,HIGH
120.7,228.3,0.0,24.8,39.3,77.1,0.323,22.7,LOW
119.2,182.1,0.0,36.4,44.6,111.9,0.108,18.1,LOW
169.1,239.2,1.09,14.6,11.9,3.4,0.516,37.1,MEDIUM
168.6,228.7,0.14,20.0,31.0,59.4,0.019,28.2,LOW
165.3,206.5,0.21,18.6,24.4,25.7,0.463,32.2,MEDIUM
155.5,241.1,0.74,66.1,18.2,3.4,0.0,24.9,LOW
138.8,213.3,0.0,25.1,34.6,34.8,0.277,22.1,LOW
156.7,215.0,0.9,9.9,10.8,2.4,0.759,38.3,MEDIUM
120.3,248.8,0.0,28.7,45.7,63.1,0.065,18.9,LOW
156.9,249.1,0.0,53.5,60.8,4.4,0.135,27.9,LOW
201.9,298.5,0.46,23.5,23.9,28.2,0.432,44.5,MEDIUM
97.5,202.5,0.77,1.8,5.4,36.2,0.771,25.7,LOW
81.9,168.0,0.42,0.7,1.3,35.9,0.535,21.6,LOW
123.7,182.7,0.59,20.6,12.6,17.5,0.553,24.1,LOW
88.1,164.1,0.4,2.8,1.9,80.1,0.682,19.7,LOW
111.6,211.8,0.05,13.0,11.7,164.0,0.396,23.6,LOW
189.2,255.7,0.0,40.8,61.3,2.4,0.11,34.7,MEDIUM
116.1,173.2,0.09,34.6,35.5,4.0,0.143,15.7,LOW
185.9,228.4,2.55,5.1,2.1,3.4,0.473,40.2,MEDIUM
183.1,279.7,1.99,4.6,5.8,2.2,0.691,45.5,MEDIUM
103.8,191.9,0.07,21.5,27.8,46.6,0.249,21.4,LOW
130.4,154.8,0.0,44.7,76.4,42.7,0.235,19.8,LOW
129.0,225.7,0.15,20.2,32.8,20.5,0.434,28.8,LOW
128.8,207.8,1.0,4.8,4.0,54.8,0.903,35.5,MEDIUM
127.1,183.0,0.12,11.8,12.6,123.0,0.468,27.3,LOW
132.8,183.9,0.0,26.7,39.2,17.5,0.154,21.4,LOW
194.6,250.4,0.6,21.8,21.0,7.9,0.114,34.3,MEDIUM
219.4,330.6,1.45,21.5,11.5,1.5,0.667,49.7,MEDIUM
72.1,125.5,0.05,90.8,149.9,110.2,0.12,3.0,LOW
120.5,193.6,0.09,39.7,31.4,60.7,0.059,19.7,LOW
122.9,282.6,0.18,17.1,16.3,36.7,0.657,29.6,LOW
128.7,232.0,0.03,22.9,28.5,44.5,0.524,26.8,LOW
159.6,224.3,1.6,4.9,6.8,3.7,0.454,33.5,MEDIUM
96.5,161.9,0.0,28.4,46.0,55.8,0.144,12.5,LOW
142.8,224.5,0.31,21.3,18.4,29.5,0.322,26.3,LOW
177.7,251.2,0.37,18.3,29.5,17.3,0.224,34.8,MEDIUM
135.2,179.0,0.0,76.2,130.8,22.3,0.023,15.7,LOW
248.5,329.5,1.17,15.7,17.5,12.1,0.534,50.5,MEDIUM
70.4,157.9,0.0,12.8,16.3,192.9,0.273,9.8,LOW
130.3,236.6,0.38,15.2,19.3,53.3,0.479,28.2,LOW
132.4,239.4,0.81,26.9,10.8,36.5,0.448,23.5,LOW
164.7,218.9,0.55,24.2,21.6,3.8,0.364,29.9,LOW
264.3,348.5,4.71,2.5,2.0,4.1,0.711,85.1,CRITICAL
91.8,118.7,0.0,31.3,48.7,112.4,0.128,8.1,LOW
89.7,128.3,0.09,64.7,112.0,80.1,0.185,9.3,LOW
175.0,218.0,0.54,18.8,17.2,8.9,0.2,32.6,MEDIUM
158.9,221.0,2.21,3.3,0.5,16.7,0.738,46.5,MEDIUM
149.5,226.6,1.06,3.3,8.8,54.8,0.705,35.6,MEDIUM
154.8,262.3,1.86,1.1,0.5,51.2,0.934,54.3,MEDIUM
83.5,209.5,0.12,3.8,4.4,22.9,0.6,23.6,LOW
166.5,250.3,0.0,43.8,59.2,38.7,0.064,27.0,LOW
151.4,215.6,0.62,12.8,12.8,56.2,0.294,26.2,LOW
91.4,175.2,0.07,14.1,17.0,90.8,0.52,21.8,LOW
147.1,160.0,0.43,34.7,20.5,9.1,0.136,21.1,LOW
238.4,356.1,2.73,4.5,6.1,21.4,0.54,61.9,HIGH
144.6,255.4,0.0,35.8,47.8,55.2,0.076,26.9,LOW
128.5,218.8,0.38,18.1,25.0,6.7,0.468,25.2,LOW
47.3,137.1,0.0,23.7,26.2,300.0,0.145,7.1,LOW
90.9,170.9,0.2,13.3,18.9,153.6,0.318,16.6,LOW
210.0,241.5,0.32,21.5,30.8,45.8,0.472,43.1,MEDIUM
138.4,206.0,0.98,10.7,13.6,17.7,0.497,29.5,LOW
152.0,237.5,0.26,25.0,37.7,52.1,0.438,29.9,LOW
53.9,196.6,0.0,25.2,20.9,216.4,0.239,11.8,LOW
121.9,182.8,1.45,3.9,1.4,5.0,0.685,29.8,LOW
123.0,233.1,1.25,4.6,2.5,40.6,0.689,27.2,LOW
90.5,161.6,0.17,23.2,12.1,40.8,0.524,16.5,LOW
107.9,211.0,0.57,1.2,1.0,12.0,0.96,33.5,MEDIUM
140.6,247.2,1.34,4.7,2.2,55.3,0.836,31.7,MEDIUM
131.4,295.5,0.73,14.8,11.8,11.1,0.348,27.6,LOW
108.0,157.4,0.29,1.6,8.8,48.1,0.601,25.8,LOW
114.3,162.6,0.25,23.9,25.9,6.0,0.422,21.3,LOW
80.8,160.9,0.34,5.3,7.5,131.0,0.853,20.6,LOW
71.7,142.4,0.0,1.8,8.0,129.0,0.917,21.9,LOW
60.2,164.2,0.2,10.0,11.6,181.9,0.539,17.8,LOW
261.3,315.2,4.6,3.2,1.1,9.5,0.813,87.3,CRITICAL
95.0,147.3,0.1,25.6,25.7,132.8,0.399,13.7,LOW
110.1,209.6,0.0,30.8,33.2,74.1,0.255,22.7,LOW
108.1,156.5,0.05,53.0,88.4,7.4,0.125,16.5,LOW
115.5,173.0,0.0,23.2,37.9,16.7,0.332,19.8,LOW
165.2,208.8,0.87,3.2,9.6,58.6,0.586,36.3,MEDIUM
164.1,231.8,0.12,28.9,37.1,2.0,0.149,30.8,MEDIUM
230.0,294.1,0.0,75.1,126.1,3.7,0.0,39.2,MEDIUM
151.2,197.6,1.08,2.0,6.3,3.0,0.499,36.1,MEDIUM
71.9,157.7,0.0,48.0,79.3,142.2,0.138,6.6,LOW
173.9,273.5,1.36,17.7,11.0,3.8,0.389,35.8,MEDIUM
126.2,245.4,1.54,2.5,1.7,13.3,0.838,43.0,MEDIUM
215.7,289.8,3.21,1.5,1.9,4.9,0.942,79.1,HIGH
83.0,195.3,0.24,3.6,5.4,111.4,0.89,27.7,LOW
127.2,233.3,0.07,23.7,27.9,56.2,0.523,27.2,LOW
101.0,122.9,0.02,25.2,31.4,26.3,0.178,13.0,LOW
109.4,152.9,0.09,19.8,29.4,86.2,0.148,14.8,LOW
161.0,238.5,0.68,14.5,12.7,45.2,0.587,34.4,MEDIUM
106.1,182.6,0.15,21.3,20.6,72.6,0.549,24.0,LOW
227.0,252.3,0.31,29.7,30.7,33.8,0.477,44.9,MEDIUM
107.6,155.7,0.1,18.3,19.2,53.2,0.457,17.2,LOW
165.3,202.7,0.59,11.9,15.2,62.7,0.197,28.2,LOW
188.7,274.0,2.07,5.5,7.1,15.2,0.696,49.3,MEDIUM
204.5,292.1,1.03,11.4,12.2,41.5,0.59,44.3,MEDIUM
195.8,254.6,0.09,26.9,36.6,22.7,0.461,39.7,MEDIUM
139.0,218.9,0.6,16.5,19.8,14.3,0.628,32.4,MEDIUM
157.1,275.8,1.53,2.2,5.7,21.7,0.868,45.8,MEDIUM
185.8,251.4,1.59,3.3,6.8,31.4,0.613,39.5,MEDIUM
87.9,161.5,0.0,23.9,39.3,170.4,0.153,10.4,LOW
73.6,161.7,0.0,34.5,59.3,101.2,0.281,8.9,LOW
156.5,225.4,0.89,5.2,9.2,44.4,0.53,31.5,MEDIUM
84.1,142.0,0.2,37.2,12.7,171.9,0.402,15.9,LOW
124.4,229.5,1.39,3.0,0.3,8.8,0.454,31.4,MEDIUM
92.1,232.4,0.21,5.1,3.1,2.1,0.738,28.0,LOW
150.1,225.9,0.15,23.2,30.2,12.3,0.365,27.3,LOW
111.3,188.0,0.0,58.1,100.4,59.4,0.047,14.5,LOW
112.6,141.9,0.05,15.9,23.3,93.9,0.285,20.7,LOW
108.6,155.7,0.3,14.4,20.3,55.6,0.141,13.3,LOW
161.1,216.5,0.02,26.0,37.7,1.1,0.204,32.5,MEDIUM
65.2,169.3,0.07,3.0,8.7,150.8,0.634,18.9,LOW
93.4,155.2,0.11,18.0,20.0,18.5,0.556,19.4,LOW
68.6,110.0,0.0,16.0,12.5,104.6,0.304,8.2,LOW
166.4,286.0,0.69,11.6,12.2,17.7,0.57,35.8,MEDIUM
91.0,188.1,0.22,2.9,5.3,141.7,0.518,22.1,LOW
254.2,302.9,1.33,11.5,14.8,9.2,0.576,55.9,HIGH
76.6,183.4,0.15,13.0,18.2,23.9,0.139,12.9,LOW
205.3,255.3,0.04,29.4,48.2,10.9,0.561,42.9,MEDIUM
159.2,279.7,0.08,51.0,76.3,5.8,0.083,28.3,LOW
151.6,199.6,1.36,1.4,2.5,11.5,0.338,37.7,MEDIUM
178.7,245.4,2.19,1.2,3.2,27.9,0.655,57.2,HIGH
127.6,250.2,0.0,30.2,44.5,117.7,0.107,25.5,LOW
68.5,111.5,0.02,14.6,20.9,133.5,0.347,11.2,LOW
82.0,130.1,0.21,37.9,35.5,144.6,0.121,9.9,LOW
154.2,260.5,1.59,3.9,2.7,3.0,0.586,35.3,MEDIUM
136.9,201.5,1.07,5.1,4.4,8.9,0.531,31.4,MEDIUM
49.5,90.7,0.11,23.6,20.7,135.4,0.138,3.2,LOW
49.6,166.0,0.09,11.5,14.4,100.4,0.628,12.8,LOW
148.6,236.8,0.46,14.7,15.4,72.5,0.624,34.4,MEDIUM
48.6,128.1,0.0,39.7,56.8,165.2,0.125,3.6,LOW
101.4,183.3,0.08,25.3,34.4,105.7,0.288,18.3,LOW
134.0,237.9,0.5,14.3,12.3,74.1,0.283,27.0,LOW
145.0,211.9,0.0,34.2,56.7,75.3,0.214,24.3,LOW
129.6,210.9,0.43,16.7,15.0,9.3,0.444,28.1,LOW
106.3,213.1,0.0,23.5,34.6,1.6,0.279,14.4,LOW
99.0,256.0,0.09,25.9,33.5,103.8,0.344,21.5,LOW
135.1,215.6,0.68,17.1,11.3,8.7,0.45,25.5,LOW
103.7,152.8,0.22,24.1,27.1,38.2,0.147,17.6,LOW
160.8,225.8,0.0,41.7,62.3,11.3,0.33,25.1,LOW
146.3,167.9,0.02,39.8,56.1,46.0,0.131,21.6,LOW
143.1,264.7,0.26,21.9,23.0,9.4,0.584,32.7,MEDIUM
71.6,142.2,0.26,1.2,6.9,177.4,0.824,19.0,LOW
161.1,244.1,0.89,5.5,8.1,52.1,0.938,39.9,MEDIUM
191.7,269.5,0.06,28.0,38.9,44.4,0.438,40.8,MEDIUM
185.4,222.8,0.62,21.4,18.9,4.9,0.374,33.2,MEDIUM
106.4,158.9,0.31,15.1,19.3,89.0,0.329,18.9,LOW
158.1,215.5,2.25,2.5,1.6,17.6,0.619,46.1,MEDIUM
105.2,160.3,0.37,2.8,7.6,22.4,0.794,27.3,LOW
105.4,184.7,0.01,20.8,28.1,150.1,0.37,18.4,LOW
149.4,223.8,0.73,5.4,7.4,5.9,0.556,33.3,MEDIUM
87.3,168.6,0.4,5.4,4.3,130.1,0.769,21.5,LOW
72.6,254.5,0.16,21.2,10.1,87.7,0.349,15.9,LOW
142.5,208.2,0.03,18.9,29.5,91.2,0.501,29.3,LOW
119.9,220.1,0.0,28.2,30.1,119.4,0.112,20.3,LOW
152.8,239.5,0.22,13.1,20.1,45.0,0.623,34.3,MEDIUM
129.2,168.2,0.37,13.6,16.2,68.9,0.539,24.6,LOW
90.3,215.6,0.0,49.4,51.6,156.8,0.29,14.8,LOW
169.6,332.2,0.23,30.7,46.8,2.8,0.381,33.4,MEDIUM
105.9,233.4,0.09,13.8,13.6,151.0,0.448,24.0,LOW
144.4,210.4,0.06,39.6,54.2,33.3,0.14,23.7,LOW
174.3,252.7,0.13,35.6,59.9,10.6,0.46,29.5,LOW
141.6,209.4,0.15,21.2,27.2,29.6,0.299,26.8,LOW
133.6,251.7,0.48,13.6,13.4,11.2,0.577,34.1,MEDIUM
184.8,239.4,0.52,32.0,19.3,2.8,0.165,32.8,MEDIUM
98.3,192.9,0.17,3.4,7.8,18.0,0.419,21.3,LOW
184.1,221.1,0.12,29.7,45.2,16.8,0.06,30.0,MEDIUM
154.5,203.6,0.52,12.5,16.1,6.3,0.546,37.1,MEDIUM
202.1,286.6,0.17,23.9,37.2,20.3,0.413,45.9,MEDIUM
58.1,98.1,0.15,32.9,36.9,134.1,0.276,9.3,LOW
142.5,215.3,1.15,2.0,1.7,57.1,0.91,44.1,MEDIUM
80.5,138.6,0.16,31.9,50.0,125.4,0.282,9.7,LOW
188.8,273.4,1.96,1.4,5.1,28.1,0.639,52.7,MEDIUM
94.4,173.0,0.22,2.0,8.2,15.3,0.828,30.5,MEDIUM
76.7,173.4,0.1,15.9,20.5,198.3,0.45,14.9,LOW
86.7,159.6,0.0,15.0,21.6,35.2,0.353,13.8,LOW
200.5,214.5,0.95,11.8,12.2,33.4,0.569,42.6,MEDIUM
142.1,174.2,0.29,11.5,12.1,22.2,0.517,26.3,LOW
106.8,145.4,0.06,23.1,34.7,87.0,0.227,17.1,LOW
143.6,186.6,0.42,16.9,18.8,2.9,0.38,25.5,LOW
136.9,235.4,0.2,23.7,30.5,9.4,0.522,30.5,MEDIUM
98.7,141.3,0.0,33.2,52.5,11.6,0.419,14.4,LOW
167.8,206.3,0.88,14.0,15.4,18.4,0.486,31.6,MEDIUM
59.3,222.4,0.0,35.8,16.5,107.3,0.2,7.4,LOW
211.7,222.2,0.89,32.7,12.3,41.8,0.001,36.4,MEDIUM
107.2,195.1,0.29,4.8,8.9,89.3,0.918,27.8,LOW
105.6,175.4,0.01,29.3,46.6,110.7,0.403,20.6,LOW
128.6,203.9,0.87,2.3,3.6,15.2,0.843,32.7,MEDIUM
111.5,161.3,0.0,29.4,31.7,26.8,0.0,16.5,LOW
158.1,207.8,0.53,12.2,13.5,58.0,0.497,30.7,MEDIUM
141.7,209.6,0.3,15.2,15.1,59.4,0.416,28.0,LOW
161.2,215.4,0.05,61.0,67.9,2.3,0.172,25.4,LOW
189.6,259.5,1.33,12.2,11.3,22.8,0.424,38.1,MEDIUM
113.4,186.6,0.38,16.5,13.0,14.8,0.378,20.6,LOW
229.5,291.8,3.18,4.3,7.0,6.6,0.766,65.1,HIGH
136.9,293.5,0.27,12.2,14.4,46.0,0.375,27.5,LOW
188.0,247.5,2.17,1.6,5.9,13.7,0.665,54.0,MEDIUM
169.7,249.8,0.39,15.5,21.3,48.2,0.459,35.4,MEDIUM
100.3,171.6,0.39,20.5,10.8,40.5,0.553,17.6,LOW
137.4,240.7,0.53,12.6,15.1,21.5,0.605,27.3,LOW
220.6,258.2,0.07,38.7,62.1,17.5,0.331,40.9,MEDIUM
97.4,164.4,0.0,63.8,109.8,5.9,0.072,9.7,LOW
164.7,292.5,2.37,3.1,5.1,3.2,0.93,49.7,MEDIUM
134.1,202.3,0.09,33.1,51.6,27.2,0.0,19.0,LOW
111.1,225.5,1.1,2.4,1.1,23.2,1.0,34.2,MEDIUM
118.0,187.3,0.11,16.3,20.1,27.0,0.74,27.5,LOW
159.1,221.3,0.0,47.0,77.3,37.7,0.191,26.1,LOW
194.3,238.3,0.66,21.8,21.6,37.7,0.459,41.2,MEDIUM
102.2,138.7,0.04,43.4,64.7,89.4,0.135,14.8,LOW
158.6,244.3,0.26,21.9,32.6,95.5,0.301,28.4,LOW
75.5,277.6,0.2,13.4,16.1,53.6,0.376,17.5,LOW
136.0,218.6,0.37,17.6,22.5,8.0,0.388,22.8,LOW
99.7,160.2,0.08,28.2,21.8,29.1,0.342,19.4,LOW
155.7,192.1,0.05,22.4,33.7,18.3,0.39,28.2,LOW
155.3,254.9,0.66,11.7,14.0,13.0,0.799,42.2,MEDIUM
80.2,132.3,0.0,11.8,15.3,99.8,0.515,14.4,LOW
150.7,217.9,0.0,58.8,101.8,18.7,0.0,22.2,LOW
165.1,324.6,1.57,3.3,8.0,5.6,0.949,49.1,MEDIUM
184.9,227.3,1.5,3.6,9.2,4.8,0.509,43.5,MEDIUM
156.3,204.5,0.56,21.7,14.0,34.2,0.252,32.2,MEDIUM
72.8,134.4,0.0,20.4,15.7,228.9,0.394,11.9,LOW
248.7,324.7,3.11,6.0,6.4,4.5,0.693,61.3,HIGH
129.1,216.6,0.71,5.4,7.6,85.3,0.426,26.4,LOW
155.2,218.6,1.19,4.3,1.7,79.7,0.561,38.1,MEDIUM
234.5,273.8,2.39,1.3,6.9,16.8,0.536,66.0,HIGH
195.2,326.1,0.19,24.4,27.4,18.9,0.395,40.1,MEDIUM
65.2,149.4,0.0,14.6,14.8,108.8,0.624,16.2,LOW
146.9,251.0,1.07,5.6,4.5,47.8,0.457,34.1,MEDIUM
59.4,176.3,0.04,5.4,0.7,253.5,0.794,16.3,LOW
61.4,139.6,0.17,5.4,9.5,74.1,0.785,15.2,LOW
89.7,180.3,0.1,3.1,3.5,154.1,0.607,18.9,LOW
110.4,195.9,0.69,1.4,0.6,53.4,0.458,27.4,LOW
123.7,184.8,0.0,22.6,33.7,45.0,0.163,19.4,LOW
158.0,185.3,0.18,30.0,30.7,66.7,0.152,23.8,LOW
118.9,204.0,0.59,4.6,6.7,29.8,0.895,34.2,MEDIUM
177.8,254.1,1.4,2.6,4.9,59.2,0.702,45.6,MEDIUM
201.8,244.9,0.56,24.1,26.6,9.0,0.154,32.6,MEDIUM
142.8,202.3,0.52,9.4,13.6,66.5,0.571,32.2,MEDIUM
79.7,166.8,0.38,16.8,13.9,24.2,0.214,8.8,LOW
223.0,276.2,1.4,9.9,13.5,18.2,0.615,47.6,MEDIUM
112.1,181.8,0.0,20.8,29.7,15.3,0.202,19.7,LOW
181.4,312.5,0.0,49.4,84.3,41.0,0.0,32.3,MEDIUM
55.8,125.1,0.0,15.4,18.5,154.6,0.488,8.3,LOW
123.0,194.5,0.1,57.1,85.2,17.6,0.344,16.8,LOW
102.1,202.5,0.62,2.4,5.0,34.8,1.0,33.4,MEDIUM
139.7,244.7,0.18,17.5,22.9,59.9,0.242,30.1,MEDIUM
199.1,261.0,2.31,2.6,2.3,22.5,0.63,56.0,HIGH
165.3,240.5,0.4,29.6,22.3,2.0,0.322,31.1,MEDIUM
198.9,272.4,0.23,26.9,34.7,18.6,0.448,38.8,MEDIUM
113.1,159.2,0.77,3.6,5.3,40.0,0.369,20.8,LOW
227.2,276.6,1.92,2.3,7.4,26.9,0.742,59.7,HIGH
171.1,215.2,0.07,34.3,31.3,5.6,0.13,30.6,MEDIUM
181.7,247.6,1.32,4.3,9.2,42.8,0.385,34.8,MEDIUM
109.1,248.0,0.7,4.1,0.7,120.2,0.479,26.9,LOW
85.2,153.5,0.02,22.2,31.0,80.5,0.244,16.2,LOW
119.6,177.8,0.06,21.5,29.6,8.5,0.348,20.9,LOW
187.6,255.6,1.8,3.3,7.2,3.6,0.852,47.3,MEDIUM
256.5,318.6,0.15,39.4,66.9,5.2,0.218,47.6,MEDIUM
72.0,227.9,0.16,0.8,8.2,156.0,0.917,22.4,LOW
228.8,452.7,3.33,5.7,3.2,1.7,0.642,63.3,HIGH
259.7,283.0,1.84,11.8,12.6,4.2,0.394,45.9,MEDIUM
136.0,298.3,1.02,2.8,1.1,24.5,0.689,37.3,MEDIUM
168.3,244.9,0.5,14.8,15.0,17.8,0.548,33.7,MEDIUM
172.0,284.6,0.27,41.0,23.8,6.2,0.31,29.0,LOW
95.2,136.4,0.02,50.2,80.3,68.6,0.085,11.6,LOW
160.7,253.2,0.17,47.0,63.2,51.7,0.0,24.0,LOW
112.1,235.5,0.26,16.0,21.3,45.0,0.473,25.7,LOW
227.7,315.6,3.36,3.0,1.7,9.3,0.782,76.2,HIGH
155.7,319.0,0.35,16.5,19.1,15.1,0.598,37.4,MEDIUM
201.3,238.4,0.06,20.2,29.7,12.2,0.254,36.4,MEDIUM
176.2,215.6,0.04,31.1,46.9,4.3,0.13,31.9,MEDIUM
141.2,206.8,0.19,44.4,61.5,26.1,0.249,20.6,LOW
114.6,171.1,0.3,11.3,13.6,24.4,0.447,24.7,LOW
215.9,310.9,4.0,3.0,2.1,1.6,0.642,75.6,HIGH
95.4,193.8,0.04,34.3,45.2,105.6,0.391,16.7,LOW
88.3,137.6,0.23,2.5,4.8,127.8,0.518,18.6,LOW
199.1,324.6,0.47,26.7,26.2,4.2,0.584,46.2,MEDIUM
92.8,187.6,0.0,4.2,7.4,155.6,0.584,22.3,LOW
46.8,161.9,0.05,0.6,6.9,270.8,0.912,16.5,LOW
84.0,118.1,0.0,35.5,60.2,65.8,0.177,11.3,LOW
167.8,246.8,0.53,16.3,20.8,10.0,0.458,37.3,MEDIUM
63.9,222.2,0.0,33.1,46.4,127.3,0.174,12.1,LOW
135.7,227.7,0.59,25.5,10.7,1.1,0.417,27.2,LOW
103.6,167.2,0.0,17.7,16.5,41.9,0.343,18.9,LOW
89.5,144.3,0.13,23.4,19.7,112.0,0.228,14.1,LOW
121.3,244.6,0.08,27.6,44.3,68.3,0.538,27.4,LOW
174.4,232.4,0.85,14.1,15.5,4.1,0.46,35.7,MEDIUM
95.4,158.4,0.0,24.3,19.9,156.2,0.201,14.9,LOW
110.2,146.0,0.17,14.3,19.3,92.4,0.228,18.0,LOW
108.9,281.0,0.22,23.7,22.7,21.5,0.59,23.1,LOW
227.4,337.4,3.1,5.3,2.8,22.3,0.564,60.1,HIGH
179.7,300.3,1.03,13.1,10.9,11.9,0.784,45.8,MEDIUM
142.2,276.3,1.39,1.1,1.2,59.5,0.827,51.6,MEDIUM
146.9,232.6,1.77,6.0,1.0,30.7,0.651,34.5,MEDIUM
138.6,156.1,0.0,65.0,81.6,19.0,0.085,18.9,LOW
169.8,241.6,1.59,4.0,2.3,43.8,1.0,42.8,MEDIUM
137.3,209.0,0.15,21.5,25.6,15.0,0.01,17.5,LOW
203.9,273.1,1.38,10.7,11.0,38.0,0.553,47.8,MEDIUM
153.4,245.8,1.32,0.9,6.2,21.5,0.733,43.6,MEDIUM
99.6,173.2,0.1,27.5,37.9,4.9,0.235,12.7,LOW
157.1,221.5,1.75,3.6,4.7,8.4,0.715,40.0,MEDIUM
223.6,289.7,0.03,35.7,47.6,2.5,0.152,41.3,MEDIUM
113.6,178.4,0.02,10.0,11.1,6.7,0.564,28.5,LOW
136.2,285.2,1.54,2.3,1.6,9.2,0.726,42.9,MEDIUM
149.1,218.6,0.61,5.7,9.2,95.6,0.439,34.6,MEDIUM
127.6,254.2,0.39,16.1,24.5,2.6,0.477,29.6,LOW
116.0,249.0,0.8,10.6,10.3,13.3,0.631,27.3,LOW
66.9,158.4,0.08,4.7,4.7,57.3,0.583,20.6,LOW
134.0,203.8,0.36,3.3,9.7,60.8,0.982,38.7,MEDIUM
105.2,220.2,0.32,2.9,4.4,93.6,0.914,31.2,MEDIUM
126.3,223.9,0.0,28.6,47.6,62.3,0.381,26.4,LOW
211.0,366.6,1.0,38.4,16.8,31.0,0.297,43.3,MEDIUM
102.7,212.1,0.21,16.6,20.8,1.0,0.416,21.6,LOW
149.9,215.9,0.24,46.3,70.8,1.7,0.297,26.7,LOW
119.5,244.4,1.15,6.0,6.0,5.7,0.865,36.8,MEDIUM
85.6,181.5,0.12,4.2,4.5,178.9,0.798,25.4,LOW
81.1,204.7,0.37,3.3,6.1,24.4,0.615,20.9,LOW
83.4,142.5,0.06,41.0,64.0,126.3,0.15,10.8,LOW
120.1,217.8,0.0,23.2,37.7,79.0,0.402,20.5,LOW
73.5,105.7,0.0,50.5,80.4,122.2,0.232,8.0,LOW
216.6,273.6,2.94,2.7,2.8,30.9,0.707,67.8,HIGH
189.9,289.9,1.7,2.3,7.1,42.6,0.645,51.7,MEDIUM
140.2,294.4,1.36,4.4,4.5,31.0,0.909,40.0,MEDIUM
226.0,271.1,0.32,29.7,31.0,3.2,0.083,39.8,MEDIUM
200.6,294.1,1.68,3.7,5.6,27.6,0.548,49.3,MEDIUM
86.9,170.4,0.0,49.4,58.0,102.0,0.0,12.2,LOW
83.5,183.0,0.19,11.7,10.2,163.5,0.359,16.4,LOW
69.5,125.6,0.23,34.2,50.9,44.1,0.391,10.1,LOW
114.8,202.1,0.61,12.0,10.3,55.4,0.687,26.7,LOW
148.2,287.0,1.14,5.2,3.1,58.3,0.64,37.7,MEDIUM
173.0,233.1,0.07,17.4,28.0,18.9,0.473,36.6,MEDIUM
125.4,197.6,0.41,3.5,9.3,47.3,0.693,26.4,LOW
192.8,255.4,2.4,3.7,3.4,6.6,0.511,49.2,MEDIUM
273.5,406.4,2.65,3.1,8.5,5.6,1.0,70.8,HIGH
57.3,109.9,0.05,23.1,10.3,153.8,0.524,8.2,LOW
79.0,173.4,0.2,82.5,131.2,88.7,0.083,10.0,LOW
136.4,203.4,0.22,19.0,25.0,16.9,0.246,22.8,LOW
247.1,329.0,3.77,4.7,3.8,5.4,0.629,68.3,HIGH
162.3,239.3,1.41,2.8,8.2,8.3,0.612,36.8,MEDIUM
81.1,164.6,0.16,32.6,18.0,49.4,0.232,12.5,LOW
124.3,224.0,1.03,5.2,7.2,41.9,0.697,32.0,MEDIUM
102.3,235.8,0.29,2.3,9.9,121.5,0.679,27.2,LOW
102.4,209.5,0.0,4.3,5.0,5.1,0.455,18.7,LOW
215.7,323.1,3.16,5.4,2.4,10.3,0.964,62.6,HIGH
123.0,225.7,0.07,47.0,52.1,103.4,0.158,23.0,LOW
89.4,154.9,0.01,4.7,9.2,43.6,0.731,21.7,LOW
256.9,385.1,1.11,23.6,18.8,2.1,0.248,46.2,MEDIUM
125.2,218.1,0.95,2.4,7.6,15.4,0.493,26.5,LOW
76.7,151.7,0.0,35.5,60.3,29.0,0.181,5.8,LOW
188.4,286.0,0.87,15.0,16.2,6.1,0.39,38.9,MEDIUM
116.8,174.1,0.55,4.4,2.8,11.8,0.778,28.3,LOW
104.7,175.7,0.08,15.1,17.4,133.9,0.573,21.7,LOW
100.4,200.7,0.28,17.2,21.6,27.9,0.516,20.5,LOW
99.6,197.8,0.48,1.6,2.3,49.9,0.897,32.1,MEDIUM
178.7,299.2,0.0,25.0,39.1,49.3,0.565,39.5,MEDIUM
143.0,217.2,0.27,30.1,16.5,16.7,0.299,25.4,LOW
108.0,219.8,0.72,0.8,4.1,67.5,0.939,36.0,MEDIUM
103.7,211.8,0.04,40.7,63.1,69.0,0.231,18.6,LOW
190.8,243.5,0.2,25.2,32.9,28.5,0.007,34.0,MEDIUM
93.8,183.0,0.0,16.4,23.3,76.5,0.393,23.5,LOW
96.4,204.7,0.69,4.9,1.2,7.2,0.529,20.9,LOW
211.3,233.4,0.0,61.6,76.1,12.2,0.103,37.1,MEDIUM
133.6,207.0,0.79,9.5,12.2,10.5,0.427,29.9,LOW
160.1,236.7,0.97,13.7,10.3,47.6,0.554,31.8,MEDIUM
157.9,244.9,2.36,4.9,1.5,14.7,0.804,43.8,MEDIUM
222.5,294.5,2.04,0.6,7.9,9.2,0.961,66.3,HIGH
92.3,268.0,0.0,43.3,45.7,19.0,0.384,17.8,LOW
175.6,224.8,0.03,49.1,45.0,51.8,0.0,30.5,MEDIUM
144.4,258.5,1.25,5.7,2.4,3.6,0.457,32.9,MEDIUM
102.8,218.3,0.37,16.1,12.6,5.5,0.859,22.3,LOW
162.4,256.4,0.04,23.2,30.7,37.1,0.468,35.2,MEDIUM
147.8,207.4,0.44,13.3,16.6,5.5,0.503,27.5,LOW
105.6,169.9,0.69,3.0,6.5,40.0,0.716,24.2,LOW
97.5,165.2,0.05,22.3,23.9,88.2,0.319,19.2,LOW
78.2,138.1,0.05,15.9,16.4,36.3,0.134,8.0,LOW
81.2,143.1,0.15,13.5,17.8,131.2,0.35,14.8,LOW
172.1,306.7,1.84,5.5,4.5,9.1,0.626,40.6,MEDIUM
152.3,234.8,0.87,11.8,13.0,10.9,0.392,27.0,LOW
143.3,183.5,0.21,22.6,34.3,16.4,0.236,23.4,LOW
162.4,279.5,0.4,16.3,16.5,54.9,0.8,38.0,MEDIUM
107.9,195.8,0.15,20.6,23.3,44.9,0.313,17.3,LOW
151.9,225.0,0.58,17.4,11.1,41.4,0.44,31.0,MEDIUM
129.9,227.6,0.03,25.3,39.2,20.9,0.327,24.9,LOW
126.3,228.0,0.96,4.8,3.1,14.2,0.748,30.9,MEDIUM
105.5,206.7,0.0,33.3,29.5,2.3,0.14,16.1,LOW
143.8,283.4,1.53,5.5,5.0,23.4,0.83,39.8,MEDIUM
107.2,224.5,0.66,5.1,7.3,33.6,0.719,25.0,LOW
187.4,316.9,0.0,35.1,54.1,13.7,0.003,36.7,MEDIUM
85.6,151.5,0.15,19.7,13.0,57.9,0.347,13.2,LOW
97.2,149.5,0.1,20.9,14.5,26.0,0.321,15.4,LOW
122.1,221.1,0.38,26.5,25.7,7.9,0.244,20.2,LOW
120.9,190.1,0.01,22.2,29.2,46.0,0.406,20.5,LOW
172.8,222.9,0.28,17.6,25.2,6.6,0.491,37.3,MEDIUM
123.6,194.7,0.41,33.4,20.0,43.0,0.288,19.6,LOW
220.4,291.2,2.89,5.9,0.4,37.9,0.684,57.4,HIGH
97.0,165.5,0.36,4.0,4.3,73.0,0.696,23.8,LOW
79.3,151.6,0.16,1.7,8.1,60.1,0.423,15.2,LOW
93.1,119.7,0.16,29.4,45.3,228.4,0.364,16.4,LOW
99.6,165.0,0.0,50.4,63.7,214.3,0.18,13.9,LOW
110.5,164.2,0.08,25.2,16.4,10.3,0.145,12.5,LOW
71.7,164.1,0.09,10.1,11.7,81.2,0.577,14.8,LOW
170.3,229.0,0.0,52.9,80.5,7.3,0.194,33.9,MEDIUM
111.2,176.7,0.2,19.7,17.8,26.5,0.54,22.5,LOW
152.5,201.3,0.03,54.9,31.0,29.9,0.166,23.8,LOW
144.9,297.9,0.43,15.4,20.8,1.7,0.48,35.4,MEDIUM
168.4,219.6,0.73,21.9,11.5,71.5,0.475,36.5,MEDIUM
151.0,259.3,0.79,13.9,14.3,8.8,0.413,30.4,MEDIUM
208.2,330.1,0.43,17.5,26.0,7.0,0.459,45.8,MEDIUM
83.3,103.4,0.02,38.0,58.9,59.8,0.082,8.6,LOW
131.0,256.2,0.21,13.9,14.4,57.3,0.625,28.0,LOW
188.0,267.6,0.85,10.7,13.2,35.7,0.28,37.8,MEDIUM
61.2,138.7,0.0,2.6,1.6,94.3,0.842,17.7,LOW
151.2,216.3,1.47,4.6,3.4,16.9,0.667,34.4,MEDIUM
132.9,295.2,1.16,1.4,0.4,13.8,0.902,48.8,MEDIUM
153.4,215.0,1.97,5.6,3.6,17.4,0.522,34.8,MEDIUM
127.8,184.0,0.13,26.1,37.4,91.3,0.296,23.1,LOW
177.3,332.7,0.22,24.0,32.9,14.9,0.315,37.6,MEDIUM
152.0,214.6,0.0,27.4,37.5,58.8,0.332,29.8,LOW
86.9,133.0,0.54,1.6,0.9,102.9,0.592,18.1,LOW
235.2,248.0,0.42,22.2,27.4,3.4,0.425,43.3,MEDIUM
158.5,222.0,0.99,5.3,8.0,27.1,0.37,30.0,MEDIUM
78.8,138.0,0.16,13.2,16.0,69.9,0.372,14.0,LOW
214.0,222.9,0.06,36.4,54.1,16.3,0.0,38.5,MEDIUM
92.0,141.2,0.26,23.8,20.5,9.8,0.433,15.0,LOW
64.7,157.6,0.32,3.2,3.3,82.6,0.765,19.6,LOW
117.8,161.4,0.22,26.9,12.5,106.7,0.341,21.1,LOW
103.7,155.8,0.0,49.3,77.8,9.4,0.332,17.9,LOW
99.3,132.9,0.0,41.3,57.3,23.1,0.106,10.3,LOW
36.8,99.3,0.0,24.3,39.0,164.6,0.394,3.8,LOW
159.7,214.8,1.44,5.1,3.6,52.9,0.662,39.8,MEDIUM
63.1,131.0,0.24,5.8,4.3,59.6,0.622,10.5,LOW
49.4,181.7,0.09,2.8,2.7,166.8,0.911,18.8,LOW
95.7,222.0,0.54,4.3,3.7,50.1,0.985,32.3,MEDIUM
139.0,175.8,1.29,1.7,0.5,19.0,0.681,37.9,MEDIUM
146.1,253.1,0.18,29.2,46.2,1.4,0.374,31.7,MEDIUM
178.9,216.2,0.21,24.2,30.0,40.4,0.352,36.5,MEDIUM
133.4,192.0,0.04,25.9,39.0,66.4,0.333,25.8,LOW
191.7,257.7,0.84,12.9,16.9,16.9,0.515,41.8,MEDIUM
162.2,249.3,2.86,4.9,0.3,24.6,0.608,44.1,MEDIUM
118.9,240.0,0.45,20.6,15.7,1.6,0.0,17.2,LOW
109.2,202.1,0.74,5.0,1.8,57.9,0.885,28.8,LOW
73.8,108.5,0.0,31.4,48.3,208.1,0.124,3.9,LOW
133.7,221.9,1.36,2.1,1.0,3.3,0.699,38.7,MEDIUM
105.1,174.6,0.46,0.6,9.6,71.4,0.747,32.2,MEDIUM
111.5,154.6,0.04,32.2,45.4,7.2,0.103,16.0,LOW
165.2,190.0,0.0,23.0,38.4,63.2,0.355,31.2,MEDIUM
118.1,210.6,0.1,56.3,43.2,28.3,0.077,14.7,LOW
70.3,149.1,0.0,20.5,25.2,186.2,0.244,10.1,LOW
183.3,255.9,1.41,2.9,5.7,63.3,0.736,45.8,MEDIUM
67.0,159.7,0.0,33.2,38.3,177.8,0.207,8.4,LOW
70.2,145.9,0.03,35.2,49.5,63.3,0.335,10.9,LOW
83.5,188.3,0.06,37.2,50.2,80.9,0.0,9.3,LOW
143.6,200.7,0.17,27.0,40.6,3.0,0.15,24.6,LOW
96.1,186.9,0.0,18.0,27.0,113.2,0.498,20.7,LOW
101.4,183.9,0.05,38.5,57.1,201.9,0.075,17.2,LOW
107.3,190.4,0.0,37.5,39.8,130.4,0.043,15.7,LOW
191.1,247.9,2.87,1.4,2.0,16.1,0.667,63.7,HIGH
149.0,203.2,0.37,5.0,8.9,76.6,0.64,33.1,MEDIUM
64.5,111.3,0.1,19.3,10.8,175.7,0.355,10.0,LOW
185.7,233.1,0.16,32.1,50.0,74.0,0.19,31.3,MEDIUM
120.9,185.3,0.24,16.1,20.8,51.3,0.265,20.2,LOW
83.0,155.3,0.45,1.9,1.5,74.8,0.856,22.6,LOW
234.3,306.5,3.97,5.7,3.0,9.2,0.836,66.7,HIGH
146.1,190.1,0.86,5.8,9.5,36.0,0.347,28.2,LOW
93.1,237.6,0.14,5.5,6.4,85.5,0.409,20.7,LOW
165.1,317.1,1.41,3.8,4.6,45.2,0.838,45.5,MEDIUM
110.4,242.8,0.54,2.0,8.1,36.6,0.975,31.2,MEDIUM
86.3,151.1,0.09,27.8,27.2,48.4,0.0,9.4,LOW
105.2,201.1,0.04,38.0,30.8,31.4,0.297,17.7,LOW
81.3,184.3,0.01,52.3,65.0,119.1,0.344,10.5,LOW
152.2,182.2,0.51,21.9,20.2,1.9,0.203,24.1,LOW
82.9,172.4,0.11,11.1,10.1,36.2,0.751,19.1,LOW
124.2,189.3,0.31,11.7,13.5,10.2,0.475,21.1,LOW
115.8,177.0,1.32,4.9,1.3,23.8,0.704,24.9,LOW
159.6,254.1,1.28,4.4,9.9,9.5,0.564,38.0,MEDIUM
120.1,228.0,0.63,5.9,5.6,72.6,0.783,27.8,LOW
100.9,174.5,0.31,2.6,3.5,31.0,0.847,24.1,LOW
79.2,210.8,0.1,12.2,12.0,120.0,0.75,20.7,LOW
71.8,191.6,0.12,0.8,3.7,135.2,0.99,25.3,LOW
106.7,167.2,0.59,6.0,1.9,91.1,0.628,21.2,LOW
110.0,213.8,0.0,23.6,23.8,88.0,0.777,24.3,LOW
113.1,152.4,0.06,25.8,36.2,49.0,0.488,23.3,LOW
103.6,229.1,0.25,11.9,14.7,36.6,0.579,24.8,LOW
51.9,170.5,0.17,5.1,0.3,79.3,0.503,13.6,LOW
149.2,232.5,0.86,10.5,11.6,17.1,0.297,27.6,LOW
101.5,188.7,0.52,1.7,1.5,57.5,0.53,21.6,LOW
185.3,241.3,0.31,23.3,27.2,3.6,0.175,36.1,MEDIUM
135.9,221.7,0.15,30.2,49.6,50.8,0.445,27.0,LOW
85.0,189.7,0.05,16.1,21.0,16.3,0.494,19.1,LOW
125.2,182.8,0.59,4.5,6.6,65.7,0.576,28.7,LOW
154.9,202.7,0.0,39.1,64.5,63.1,0.147,27.2,LOW
102.9,199.8,0.12,22.6,26.8,47.5,0.286,17.8,LOW
160.2,278.7,1.25,0.5,2.1,35.1,0.904,50.4,MEDIUM
181.8,281.3,1.38,3.6,5.5,13.3,0.562,40.8,MEDIUM
100.8,233.2,0.12,23.7,31.9,46.8,0.362,19.3,LOW
208.8,352.4,2.45,2.5,5.7,2.0,0.769,59.8,HIGH
93.2,183.7,0.22,13.3,17.3,26.3,0.343,18.6,LOW
119.4,190.2,0.39,11.6,11.7,31.3,0.74,29.5,LOW
186.7,225.0,1.55,2.6,8.6,6.3,0.677,45.7,MEDIUM
211.8,291.3,3.01,1.8,3.3,18.2,0.594,66.9,HIGH
66.1,106.5,0.09,18.8,29.3,91.4,0.505,11.1,LOW
99.4,206.5,0.06,16.0,23.9,121.8,0.43,17.1,LOW
92.0,125.8,0.0,32.7,50.8,30.3,0.278,9.4,LOW
72.0,150.3,0.0,2.0,6.9,216.8,0.56,19.5,LOW
158.1,250.6,2.21,3.0,1.3,19.5,0.831,45.4,MEDIUM
125.4,239.9,0.05,50.0,57.3,57.3,0.434,24.1,LOW
255.1,313.6,0.6,15.7,23.1,7.9,0.238,51.3,MEDIUM
77.5,146.7,0.0,1.9,0.3,208.1,0.796,20.0,LOW
119.6,166.1,0.0,86.9,110.4,41.5,0.0,14.1,LOW
204.6,286.8,0.13,36.5,52.4,32.6,0.589,42.1,MEDIUM
108.4,172.3,0.3,10.8,10.8,45.1,0.706,20.3,LOW
77.4,154.9,0.02,18.0,22.8,141.4,0.432,12.9,LOW
103.8,210.2,0.31,3.1,8.1,106.2,0.524,26.9,LOW
182.7,269.9,1.64,3.7,6.9,22.1,0.543,43.0,MEDIUM
118.6,203.6,0.72,11.9,13.6,16.1,0.609,26.2,LOW
159.6,254.3,1.65,4.4,8.7,3.8,0.466,35.6,MEDIUM
92.8,148.3,0.22,4.2,9.6,106.5,0.476,17.1,LOW
173.8,290.2,1.91,1.8,2.1,13.5,0.745,51.9,MEDIUM
223.7,353.1,0.0,69.8,121.6,18.0,0.069,40.2,MEDIUM
115.8,164.3,0.09,18.2,24.8,21.4,0.443,19.8,LOW
136.0,184.7,1.35,0.7,3.0,7.0,0.711,45.2,MEDIUM
147.3,247.0,1.52,5.1,3.7,24.4,0.791,36.4,MEDIUM
92.0,123.8,0.0,22.7,33.1,73.6,0.194,13.3,LOW
144.5,215.8,0.05,122.9,209.5,52.7,0.1,21.6,LOW
108.3,201.8,0.41,12.0,16.9,32.5,0.526,24.4,LOW
133.7,238.3,0.95,5.3,5.8,52.5,0.737,30.6,MEDIUM
106.4,175.5,0.0,65.5,113.3,86.3,0.235,13.3,LOW
222.3,229.6,0.37,18.7,25.5,7.1,0.311,38.9,MEDIUM
149.3,285.3,1.11,5.9,7.5,28.3,0.533,35.2,MEDIUM
82.1,162.9,0.26,21.5,19.2,26.9,0.085,9.1,LOW
117.7,144.3,0.17,15.4,17.9,56.5,0.129,17.3,LOW
220.5,247.5,0.62,76.6,31.2,3.3,0.011,37.5,MEDIUM
164.7,214.9,0.26,16.8,23.9,84.0,0.393,35.7,MEDIUM
150.4,187.1,0.17,50.6,68.5,17.8,0.0,18.6,LOW
142.6,221.1,0.07,25.4,41.1,17.0,0.159,21.5,LOW
111.3,200.0,0.41,11.4,11.3,23.0,0.736,26.7,LOW
164.1,239.6,0.25,38.2,63.9,30.3,0.305,29.4,LOW
92.6,184.0,0.13,5.8,8.3,102.5,0.446,16.8,LOW
113.2,269.3,0.22,13.5,13.2,8.3,0.401,25.0,LOW
94.7,170.4,0.18,4.0,1.4,9.3,0.743,23.2,LOW
88.9,184.2,0.0,30.6,33.5,122.2,0.141,12.5,LOW
81.1,142.7,0.1,16.5,22.0,125.1,0.293,15.3,LOW
88.9,141.7,0.01,26.0,34.0,87.4,0.232,15.0,LOW
189.8,239.7,0.0,56.1,83.6,6.9,0.248,31.9,MEDIUM
118.3,201.8,0.32,9.8,12.7,26.0,0.717,30.4,MEDIUM
183.1,233.2,0.23,23.6,35.7,14.9,0.201,35.3,MEDIUM
223.5,397.8,0.37,21.1,27.2,3.0,0.413,50.1,MEDIUM
199.2,253.2,0.0,39.8,56.2,23.2,0.162,30.0,MEDIUM
81.4,144.7,0.0,55.7,73.1,256.9,0.0,5.2,LOW
172.9,214.3,0.0,35.0,54.0,42.1,0.153,28.6,LOW
138.9,305.0,0.58,14.2,16.7,22.1,0.264,30.9,MEDIUM
164.1,296.5,1.56,5.4,5.7,8.9,0.819,39.8,MEDIUM
207.8,320.9,3.18,3.0,3.1,1.9,0.943,73.1,HIGH
162.9,236.6,1.27,4.8,8.3,10.2,0.598,39.8,MEDIUM
192.4,307.3,0.98,12.3,13.1,6.5,0.391,42.7,MEDIUM
105.0,179.5,0.0,43.5,68.8,53.9,0.299,17.5,LOW
150.9,254.7,0.76,14.9,11.6,15.8,0.624,35.7,MEDIUM
52.5,170.1,0.45,5.8,0.9,60.9,0.468,12.5,LOW
92.1,216.2,0.15,9.9,10.9,147.7,0.516,21.3,LOW
107.2,238.5,0.46,14.5,12.1,37.7,0.439,23.1,LOW
107.8,189.9,0.79,4.9,7.3,14.4,0.543,25.7,LOW
146.4,211.5,0.36,15.3,20.0,17.9,0.492,31.8,MEDIUM
143.7,222.1,0.57,10.7,13.4,65.0,0.417,26.9,LOW
248.1,332.9,4.48,2.8,2.0,4.3,0.635,86.6,CRITICAL
114.0,220.3,0.07,13.8,16.5,7.9,0.446,25.1,LOW
108.6,226.3,0.0,24.7,37.0,44.7,0.074,15.1,LOW
146.4,191.8,0.33,20.8,27.3,53.5,0.04,24.9,LOW
110.2,183.5,0.46,2.6,2.1,103.6,0.859,28.1,LOW
82.6,129.9,0.0,40.2,64.5,98.5,0.049,12.8,LOW
160.2,301.2,0.57,17.8,20.8,8.7,0.713,40.0,MEDIUM
178.1,311.8,0.74,13.9,16.8,25.5,0.754,43.6,MEDIUM
152.7,184.2,1.08,2.1,6.6,3.5,0.659,36.4,MEDIUM
160.7,259.4,0.07,28.2,45.0,12.2,0.609,34.4,MEDIUM
86.2,136.5,0.15,20.3,30.9,30.5,0.497,12.4,LOW
218.5,284.1,3.19,2.5,1.1,30.1,0.627,70.6,HIGH
180.3,218.3,2.15,5.0,2.9,21.3,0.267,32.9,MEDIUM
141.8,237.4,1.43,4.4,1.5,31.6,0.775,34.8,MEDIUM
221.9,274.7,0.61,20.7,19.9,32.7,0.355,44.6,MEDIUM
106.8,155.1,0.06,91.9,149.4,30.4,0.085,9.3,LOW
104.9,168.4,0.09,46.8,64.6,123.1,0.089,14.0,LOW
185.3,250.6,0.48,19.4,22.2,12.5,0.196,37.9,MEDIUM
166.1,235.1,0.0,61.1,94.8,31.7,0.005,24.5,LOW
149.9,173.7,0.72,35.3,14.6,36.0,0.301,23.4,LOW
114.1,176.0,0.48,1.9,8.6,38.8,0.689,28.9,LOW
90.8,190.3,0.0,13.0,17.4,4.4,0.422,18.8,LOW
65.5,127.9,0.0,4.4,7.2,143.8,0.443,12.0,LOW
123.4,187.7,0.42,2.6,9.1,99.9,0.735,30.6,MEDIUM
148.1,183.9,0.34,30.4,18.9,27.2,0.071,23.7,LOW
152.0,313.2,0.45,17.5,25.2,14.5,0.535,33.9,MEDIUM
78.5,107.8,0.0,28.6,44.6,49.0,0.145,6.4,LOW
106.8,161.9,0.19,12.9,14.4,91.6,0.433,23.9,LOW
78.8,153.9,0.0,31.6,33.1,202.9,0.55,15.2,LOW
166.5,259.4,2.81,3.6,1.1,3.2,0.648,55.6,HIGH
134.8,216.9,0.87,2.5,6.5,8.4,0.657,31.4,MEDIUM
71.4,135.6,0.24,3.4,4.9,95.8,0.787,20.6,LOW
56.7,108.6,0.05,20.0,23.1,87.6,0.092,2.9,LOW
272.4,324.3,4.11,4.5,3.5,6.7,0.855,74.6,HIGH
93.8,111.8,0.07,66.5,111.3,170.7,0.205,11.4,LOW
66.0,210.0,0.15,19.2,20.4,213.1,0.45,16.2,LOW
124.9,169.4,0.0,29.5,48.4,119.8,0.0,20.1,LOW
136.4,250.0,1.15,4.5,2.2,42.5,0.629,33.9,MEDIUM
137.7,204.8,0.25,19.9,24.6,40.0,0.17,22.7,LOW
153.0,261.5,0.15,22.7,37.2,3.7,0.492,33.1,MEDIUM
72.2,168.1,0.0,17.6,22.8,111.5,0.554,15.9,LOW
76.3,135.2,0.0,15.4,19.1,95.2,0.491,13.9,LOW
175.4,289.8,0.19,22.9,32.6,20.4,0.139,32.8,MEDIUM
90.2,126.5,0.04,46.9,77.2,133.3,0.347,10.1,LOW
128.9,181.5,0.38,16.5,23.6,13.4,0.374,24.6,LOW
179.2,277.7,0.07,28.8,47.7,11.8,0.524,37.7,MEDIUM
68.3,136.5,0.02,12.8,11.4,81.8,0.519,10.3,LOW
136.5,187.8,0.33,12.9,14.3,58.5,0.554,32.2,MEDIUM
164.4,293.1,0.43,16.1,23.8,22.8,0.351,32.2,MEDIUM
65.7,190.3,0.18,4.6,4.7,109.7,0.875,19.2,LOW
75.1,187.5,0.3,2.7,4.6,87.5,0.811,22.1,LOW
165.5,219.2,0.05,100.0,173.4,14.8,0.231,23.8,LOW
142.1,209.1,0.15,34.1,57.8,90.5,0.231,22.8,LOW
176.1,244.9,0.03,48.6,71.5,50.3,0.108,27.6,LOW
176.7,231.2,0.1,30.6,49.9,29.9,0.324,32.7,MEDIUM
74.1,115.6,0.0,28.8,41.0,82.1,0.47,11.5,LOW
122.7,179.5,0.04,37.5,61.2,2.0,0.331,23.4,LOW
168.4,284.1,0.34,19.2,26.1,11.5,0.392,33.3,MEDIUM
172.1,200.5,0.95,18.4,10.3,40.6,0.104,29.7,LOW
64.2,126.3,0.0,37.2,52.5,41.3,0.302,7.5,LOW
92.7,164.8,0.03,27.7,27.5,41.8,0.049,13.2,LOW
106.9,180.4,0.56,4.3,6.7,22.0,0.679,24.6,LOW
110.7,241.7,0.0,55.1,86.3,35.7,0.071,18.6,LOW
96.3,145.0,0.15,22.0,35.2,113.2,0.12,14.8,LOW
250.8,319.0,2.13,1.8,8.4,14.9,0.8,69.9,HIGH
94.9,176.4,0.02,15.5,18.7,22.5,0.753,22.5,LOW
169.9,261.1,0.3,27.7,25.9,25.6,0.218,31.9,MEDIUM
98.5,184.5,0.25,13.2,15.8,52.3,0.587,20.7,LOW
118.3,197.9,0.0,31.7,44.9,23.0,0.578,20.4,LOW
111.8,175.7,0.14,19.6,23.2,5.6,0.494,22.6,LOW
126.9,160.5,0.64,19.7,12.5,8.6,0.267,22.3,LOW
135.8,164.2,0.08,20.8,27.8,19.7,0.383,25.5,LOW
186.7,223.0,0.18,40.6,55.2,27.2,0.23,31.8,MEDIUM
82.2,169.2,0.13,3.1,2.3,223.4,0.921,21.1,LOW
88.6,176.8,0.08,3.7,5.7,240.6,0.872,22.6,LOW
86.4,162.6,0.13,19.6,31.6,132.3,0.0,11.5,LOW
73.0,148.0,0.01,32.9,41.7,118.5,0.087,10.6,LOW
110.7,197.8,0.4,15.9,12.2,36.6,0.413,18.8,LOW
96.0,169.8,0.41,4.3,6.8,15.7,0.522,23.8,LOW
70.2,137.3,0.0,70.7,121.0,77.3,0.0,1.1,LOW
77.6,133.7,0.04,10.4,11.0,152.4,0.419,17.4,LOW
194.6,335.3,1.81,5.5,4.4,46.7,0.641,45.6,MEDIUM
181.0,250.4,0.44,30.7,27.2,44.7,0.156,35.6,MEDIUM
207.5,222.0,0.29,32.6,24.9,19.9,0.068,34.6,MEDIUM
146.7,374.1,1.58,2.2,3.9,28.5,0.74,51.2,MEDIUM
106.3,163.9,0.29,20.8,24.4,55.6,0.4,14.6,LOW
160.8,235.8,2.22,5.1,1.4,9.7,0.581,38.9,MEDIUM
79.7,175.4,0.06,18.9,25.0,122.9,0.581,19.0,LOW
133.9,223.8,0.8,2.2,8.5,10.0,0.741,33.8,MEDIUM
148.7,204.0,0.47,11.7,11.2,93.6,0.371,30.3,MEDIUM
214.2,265.2,1.79,3.5,9.9,8.3,0.526,51.3,MEDIUM
111.1,204.7,0.2,15.9,19.2,25.7,0.391,22.5,LOW
92.5,135.1,0.0,23.9,37.3,125.1,0.475,15.2,LOW
93.4,164.6,0.01,23.8,22.1,163.5,0.185,11.7,LOW
132.4,266.4,0.28,5.1,7.5,133.7,0.743,36.4,MEDIUM
125.7,206.3,0.88,4.5,4.2,18.9,0.683,32.1,MEDIUM
132.9,254.4,0.22,24.3,39.2,36.9,0.602,30.8,MEDIUM
89.0,158.1,0.19,29.5,13.6,92.7,0.304,15.6,LOW
52.1,93.6,0.0,15.5,23.2,215.6,0.325,6.5,LOW
149.5,184.2,0.68,9.9,12.2,6.4,0.648,31.2,MEDIUM
93.2,194.6,0.33,5.2,7.1,1.4,0.764,26.6,LOW
127.1,185.2,0.95,5.0,4.8,49.6,0.596,27.0,LOW
183.6,280.1,1.63,2.0,6.5,4.9,0.563,48.9,MEDIUM
150.1,232.0,0.96,6.0,1.7,73.9,0.711,36.8,MEDIUM
107.2,228.6,0.08,34.4,55.6,98.6,0.211,21.3,LOW
115.0,165.9,0.41,5.7,4.5,36.8,0.411,16.6,LOW
152.7,193.4,0.41,22.8,18.6,29.5,0.359,30.1,MEDIUM
111.7,181.8,0.04,15.7,10.5,162.0,0.331,19.7,LOW
94.5,201.3,0.12,35.7,38.2,91.3,0.0,14.2,LOW
128.9,248.8,0.1,25.4,32.3,27.8,0.237,20.7,LOW
83.7,246.0,0.51,2.9,0.3,75.7,0.906,25.6,LOW
53.8,175.7,0.0,0.8,7.8,108.1,0.957,21.8,LOW
218.8,267.8,0.34,26.2,33.1,33.1,0.423,45.9,MEDIUM
93.8,169.9,0.04,14.4,17.4,53.9,0.49,18.5,LOW
80.3,181.1,0.0,54.0,90.2,106.0,0.182,13.7,LOW
79.0,170.2,0.0,47.1,79.5,75.5,0.136,9.9,LOW
179.3,248.7,0.23,26.5,28.0,19.1,0.112,32.9,MEDIUM
195.5,262.2,2.15,2.2,4.2,20.6,0.598,53.3,MEDIUM
121.2,204.8,0.0,21.1,23.4,72.5,0.253,21.0,LOW
175.6,206.6,0.11,19.5,27.9,40.7,0.576,36.6,MEDIUM
96.5,176.3,0.0,28.7,40.1,89.1,0.415,12.7,LOW
83.6,166.6,0.0,34.1,56.5,67.8,0.042,10.7,LOW
144.8,258.6,1.19,5.1,2.5,80.7,0.66,36.3,MEDIUM
136.9,183.7,0.17,53.3,93.2,53.4,0.034,19.8,LOW
118.2,189.4,0.5,5.7,4.2,108.5,0.613,29.6,LOW
126.4,188.9,1.02,5.1,4.1,46.6,0.573,26.8,LOW
140.2,377.1,1.03,2.7,7.2,4.0,0.929,43.5,MEDIUM
201.5,264.9,0.0,25.1,40.9,25.5,0.291,38.2,MEDIUM
61.8,182.5,0.0,0.8,7.2,129.2,0.807,18.6,LOW
181.2,208.0,0.08,25.8,34.4,11.9,0.319,33.1,MEDIUM
80.3,142.9,0.0,41.8,39.7,89.2,0.0,7.3,LOW
128.3,242.1,0.99,3.3,7.8,32.8,0.716,34.9,MEDIUM
162.9,205.6,0.66,21.2,21.6,14.0,0.501,35.2,MEDIUM
150.5,186.8,0.67,12.5,13.7,9.7,0.707,35.1,MEDIUM
154.1,210.0,0.0,46.5,76.3,105.0,0.0,25.2,LOW
75.3,115.1,0.04,15.4,16.5,100.8,0.205,7.8,LOW
135.8,196.5,1.63,2.6,0.3,42.9,0.731,37.9,MEDIUM
71.0,123.8,0.1,19.7,18.5,49.4,0.531,16.9,LOW
113.6,203.1,0.34,15.3,22.8,60.0,0.488,23.3,LOW
99.2,234.7,0.14,16.8,11.2,90.1,0.511,23.2,LOW
164.1,208.9,0.02,43.3,67.6,32.4,0.0,22.8,LOW
122.0,191.6,0.02,30.3,45.6,63.4,0.152,20.9,LOW
203.2,272.0,1.3,9.7,12.7,8.5,0.214,39.1,MEDIUM
204.2,256.2,1.16,1.2,8.8,41.5,0.742,51.8,MEDIUM
194.8,222.1,1.44,1.1,8.3,20.3,0.441,41.7,MEDIUM
137.0,211.3,0.89,1.3,5.9,15.6,0.958,38.9,MEDIUM
151.4,185.8,0.1,39.4,58.8,75.0,0.398,28.4,LOW
78.9,150.5,0.15,10.0,11.3,17.3,0.558,18.4,LOW
71.3,188.3,0.15,1.6,2.9,37.6,0.523,16.5,LOW
112.7,226.5,0.06,20.9,32.5,79.2,0.403,24.5,LOW
126.1,214.3,1.65,4.6,2.5,26.5,0.943,35.6,MEDIUM
178.6,187.9,0.0,45.7,69.5,13.5,0.2,27.8,LOW
155.9,293.5,3.02,2.6,1.5,6.8,0.899,62.9,HIGH
85.9,192.8,0.34,10.9,13.1,102.3,0.445,17.5,LOW
174.8,226.8,0.34,13.6,15.8,75.8,0.333,31.7,MEDIUM
109.0,272.2,0.26,20.9,22.8,46.5,0.336,21.9,LOW
122.7,249.0,1.25,2.9,2.5,6.4,0.423,29.3,LOW
119.6,202.5,0.08,25.7,37.6,11.5,0.625,22.1,LOW
126.8,198.2,0.47,27.9,10.6,6.5,0.283,18.3,LOW
238.4,288.6,0.49,20.2,30.2,3.6,0.486,50.3,MEDIUM
59.5,176.3,0.24,19.3,12.9,91.3,0.301,10.9,LOW
119.6,168.3,0.43,14.3,20.0,13.4,0.22,19.8,LOW
190.7,252.2,0.1,39.0,54.5,7.0,0.382,36.0,MEDIUM
81.8,221.2,0.22,3.8,0.2,99.0,0.519,21.7,LOW
165.9,219.9,1.94,5.8,2.2,18.5,0.687,34.4,MEDIUM
118.7,186.1,0.06,30.1,48.9,130.7,0.306,15.2,LOW
140.1,188.9,0.0,47.9,82.7,67.4,0.129,23.2,LOW
173.7,209.8,0.0,33.7,53.6,19.7,0.09,29.8,LOW
153.2,266.3,0.02,40.7,58.9,3.5,0.134,28.0,LOW
188.6,246.8,1.69,4.7,9.7,13.3,0.521,39.5,MEDIUM
139.5,173.2,0.0,55.7,89.8,22.7,0.207,21.4,LOW
205.6,237.7,0.57,15.3,22.5,15.8,0.52,44.6,MEDIUM
188.7,263.3,2.13,4.1,5.0,6.5,0.677,48.4,MEDIUM
185.1,256.1,2.54,4.6,3.3,18.8,0.581,46.7,MEDIUM
78.9,161.8,0.21,4.5,7.5,16.8,0.985,23.6,LOW
213.0,255.2,0.28,21.6,31.1,18.5,0.142,42.2,MEDIUM
147.9,228.7,0.05,42.6,71.6,50.2,0.0,23.8,LOW
96.5,152.6,0.0,10.5,11.5,140.4,0.513,17.0,LOW
105.7,214.6,0.14,20.3,30.4,29.1,0.316,23.6,LOW
134.1,210.7,0.53,11.2,14.8,5.3,0.676,30.0,MEDIUM
128.2,207.6,0.92,4.3,0.9,82.0,0.771,30.2,MEDIUM
122.1,192.6,1.17,3.2,5.3,49.1,0.707,27.8,LOW
248.4,475.6,3.45,3.6,3.6,10.5,0.767,78.7,HIGH
117.6,217.9,0.18,17.1,23.5,54.1,0.475,23.5,LOW
99.7,207.1,0.66,3.0,0.8,61.8,1.0,26.2,LOW
224.8,280.8,1.39,10.7,12.4,8.5,0.559,49.8,MEDIUM
182.2,266.2,0.05,60.4,80.0,21.3,0.0,29.8,LOW
151.4,282.2,1.48,2.7,3.7,35.6,0.749,42.9,MEDIUM
186.3,258.0,1.92,2.0,5.9,24.2,0.346,45.6,MEDIUM
115.7,253.5,0.91,2.5,7.3,7.2,0.72,30.2,MEDIUM
70.5,196.7,0.03,21.9,25.4,107.9,0.497,15.8,LOW
98.3,221.3,0.06,18.6,28.4,9.8,0.47,21.3,LOW
118.2,221.6,1.14,2.9,5.7,5.3,0.758,31.1,MEDIUM
119.1,202.1,0.6,19.6,12.1,42.3,0.463,27.0,LOW
62.6,142.9,0.08,10.1,11.4,175.6,0.699,15.4,LOW
147.5,243.6,0.94,3.7,4.7,69.4,0.904,39.6,MEDIUM
124.3,219.5,0.86,3.2,5.2,30.2,0.77,29.7,LOW
150.0,171.3,0.0,38.2,57.6,30.0,0.126,21.2,LOW
125.6,234.0,1.11,1.1,2.9,50.0,0.419,35.3,MEDIUM
85.3,145.6,0.19,10.8,11.9,100.7,0.666,17.8,LOW
76.4,212.8,0.17,2.4,3.1,163.3,0.805,19.5,LOW
243.8,286.2,1.23,17.0,18.4,7.5,0.429,50.5,MEDIUM
221.7,296.2,0.59,22.5,29.3,9.8,0.223,45.6,MEDIUM
126.2,188.3,0.43,16.3,15.1,31.0,0.561,24.1,LOW
151.1,187.9,0.78,2.6,8.3,43.2,0.683,30.5,MEDIUM
81.1,143.5,0.0,18.4,26.9,74.2,0.378,16.6,LOW
136.1,284.4,0.94,4.4,7.5,35.5,0.663,37.7,MEDIUM
108.3,152.8,0.07,28.3,45.1,54.6,0.326,19.8,LOW
132.8,203.9,0.56,2.3,8.0,102.6,0.556,28.1,LOW
112.7,258.7,0.37,0.5,6.6,91.8,0.867,33.5,MEDIUM
98.0,158.0,0.0,41.8,67.0,77.1,0.042,13.3,LOW
236.4,270.6,0.02,46.6,70.2,5.4,0.021,42.6,MEDIUM
101.1,193.9,0.14,1.0,7.9,100.5,0.903,28.0,LOW
75.3,226.7,0.0,38.7,65.5,30.9,0.021,15.8,LOW
196.8,316.2,0.0,41.5,69.2,5.5,0.285,39.0,MEDIUM
185.3,236.5,1.43,3.2,8.9,9.0,0.718,44.1,MEDIUM
179.8,209.2,0.13,34.9,52.0,20.5,0.0,28.9,LOW
112.2,178.6,0.0,92.7,163.7,23.9,0.224,14.0,LOW
109.0,192.2,0.69,1.5,0.7,48.0,0.799,29.7,LOW
50.3,114.8,0.07,28.1,43.1,259.7,0.319,3.5,LOW
205.6,257.2,3.54,3.2,0.2,13.9,0.854,69.2,HIGH
91.3,145.4,0.07,34.8,57.3,66.8,0.424,13.4,LOW
118.2,239.4,0.6,3.7,4.4,72.2,0.721,30.0,MEDIUM
133.2,243.7,0.0,25.8,42.4,116.7,0.378,26.8,LOW
213.1,297.7,2.18,5.6,6.2,26.0,0.694,49.2,MEDIUM
170.7,221.0,0.47,12.1,10.3,52.3,0.442,34.8,MEDIUM
187.8,259.9,1.6,4.1,9.4,14.0,0.441,37.8,MEDIUM
228.4,349.6,1.56,14.5,11.0,20.1,0.48,53.4,MEDIUM
179.9,329.1,0.0,32.8,52.8,15.2,0.422,34.9,MEDIUM
127.7,237.9,0.26,23.8,12.8,68.0,0.396,26.3,LOW
50.4,127.9,0.0,11.7,15.8,118.3,0.34,5.5,LOW
102.2,198.8,0.72,0.7,1.6,42.8,0.943,34.2,MEDIUM
187.1,254.4,0.75,16.8,15.8,10.2,0.362,40.9,MEDIUM
81.4,150.0,0.01,2.6,7.4,77.9,0.407,17.4,LOW
102.5,174.6,0.15,15.0,10.2,74.7,0.592,20.0,LOW
112.7,163.6,0.0,21.6,31.1,6.1,0.195,18.6,LOW
98.9,181.7,0.01,4.9,8.8,140.0,0.926,26.2,LOW
117.3,188.3,0.5,8.8,11.4,30.8,0.734,25.0,LOW
138.3,212.4,0.13,21.7,26.1,2.7,0.301,27.9,LOW
117.8,184.7,0.41,10.4,10.3,75.8,0.597,30.3,MEDIUM
124.3,179.5,0.06,28.7,29.0,11.4,0.617,27.3,LOW
73.3,151.3,0.32,1.9,5.2,142.5,0.89,18.4,LOW
126.5,210.4,1.32,5.6,2.3,10.5,0.676,34.2,MEDIUM
132.7,213.5,0.66,3.4,7.7,45.2,1.0,34.6,MEDIUM
148.8,202.4,0.19,17.2,21.1,79.2,0.42,28.4,LOW
122.8,167.3,0.44,1.0,6.5,4.8,0.856,29.1,LOW
101.0,193.3,0.05,80.2,127.6,139.3,0.0,12.0,LOW
123.0,172.9,0.04,23.1,27.3,91.0,0.067,14.8,LOW
255.5,329.4,2.27,8.3,11.0,4.2,0.532,52.0,MEDIUM
110.5,197.4,0.0,72.2,124.8,147.6,0.05,16.5,LOW
158.5,264.8,1.02,21.6,11.9,17.4,0.386,37.7,MEDIUM
61.4,147.4,0.15,1.8,0.5,93.0,0.531,9.2,LOW
56.7,166.3,0.0,19.7,16.6,134.8,0.463,13.1,LOW
119.8,141.1,0.08,26.7,31.6,46.7,0.15,15.4,LOW
186.6,243.3,1.41,5.5,8.7,4.0,0.734,42.4,MEDIUM
135.4,311.6,0.72,6.0,3.0,112.1,0.771,34.8,MEDIUM
50.1,116.9,0.06,44.6,73.2,206.3,0.075,4.6,LOW
142.3,216.8,0.67,32.8,13.9,28.3,0.071,24.6,LOW
215.3,285.8,0.2,22.1,33.4,24.5,0.562,45.9,MEDIUM
113.9,159.1,0.0,29.9,47.3,11.0,0.373,21.0,LOW
58.9,124.8,0.11,15.4,21.7,80.3,0.454,11.3,LOW
114.6,200.6,0.11,24.1,19.5,47.8,0.526,21.0,LOW
142.9,223.3,0.42,14.7,17.3,7.7,0.457,30.4,MEDIUM
180.6,233.1,0.0,44.0,72.4,15.3,0.044,28.6,LOW
178.2,237.9,0.92,5.2,10.0,19.1,0.498,37.0,MEDIUM
167.8,216.0,0.14,28.5,36.1,1.1,0.24,31.2,MEDIUM
89.5,142.4,0.0,14.9,20.5,40.2,0.556,20.3,LOW
159.9,254.9,2.2,2.3,3.2,6.2,0.939,53.0,MEDIUM
99.1,205.0,0.0,29.9,31.1,54.2,0.245,20.3,LOW
156.3,235.9,0.18,31.4,46.2,21.5,0.409,29.5,LOW
105.2,201.6,0.47,9.4,12.0,14.3,0.517,19.8,LOW
158.0,236.0,0.16,16.5,25.4,33.6,0.296,28.2,LOW
175.8,254.6,0.76,11.4,14.7,4.0,0.311,32.5,MEDIUM
142.6,182.1,1.49,4.7,0.8,13.3,0.586,31.5,MEDIUM
153.2,225.6,1.07,9.1,12.2,8.3,0.366,35.1,MEDIUM
89.8,175.7,0.3,11.0,13.9,105.1,0.817,25.1,LOW
133.4,272.1,0.11,100.6,176.3,95.4,0.08,19.1,LOW
243.4,269.1,0.36,19.1,26.4,22.3,0.358,51.0,MEDIUM
116.0,180.0,0.38,1.7,5.6,4.4,1.0,32.9,MEDIUM
109.6,205.7,0.28,13.3,14.8,65.5,0.275,23.1,LOW
107.5,222.8,0.84,2.6,3.4,31.1,0.7,28.0,LOW
179.0,284.9,0.0,38.1,54.3,19.1,0.474,33.9,MEDIUM
91.8,150.1,0.0,35.5,55.1,11.1,0.172,10.2,LOW
147.1,255.5,0.0,29.8,40.2,16.6,0.61,30.6,MEDIUM
104.5,206.9,0.16,4.3,9.1,140.5,0.79,24.0,LOW
105.7,172.6,0.72,5.8,1.6,49.4,0.83,25.7,LOW
180.8,198.9,0.77,48.6,11.2,37.5,0.315,30.1,MEDIUM
90.2,126.3,0.0,42.3,57.3,43.1,0.148,12.8,LOW
247.1,303.3,0.0,30.8,49.8,4.9,0.16,45.2,MEDIUM
127.6,180.4,0.6,2.9,4.2,97.7,0.695,32.0,MEDIUM
126.9,172.9,0.03,18.2,26.0,28.6,0.238,20.9,LOW
64.9,144.2,0.09,16.0,14.7,82.1,0.412,9.4,LOW
153.8,230.3,0.24,17.6,26.6,24.8,0.395,34.5,MEDIUM
147.5,299.8,0.34,18.5,27.6,33.3,0.635,37.5,MEDIUM
79.6,196.7,0.36,3.2,2.6,33.6,0.792,22.9,LOW
253.2,296.5,1.82,18.4,12.5,2.3,0.738,52.1,MEDIUM
170.4,312.1,1.96,1.7,5.9,21.2,0.423,54.1,MEDIUM
250.9,286.6,1.08,20.7,18.8,5.0,0.167,46.2,MEDIUM
57.2,119.7,0.0,2.7,4.1,180.3,0.664,15.1,LOW
153.9,236.4,0.84,0.8,9.3,30.3,0.997,47.4,MEDIUM
88.4,147.2,0.2,10.8,11.5,72.6,0.502,18.3,LOW
95.9,120.0,0.21,17.6,13.7,63.0,0.175,11.0,LOW
91.8,126.7,0.0,34.0,40.5,36.7,0.169,11.6,LOW
55.5,148.7,0.04,5.2,0.4,80.4,0.47,10.5,LOW
117.5,169.3,0.0,36.5,56.3,87.5,0.0,16.3,LOW
92.6,200.0,0.19,27.6,18.4,51.2,0.565,19.8,LOW
102.1,177.9,0.2,19.1,24.0,8.5,0.319,17.5,LOW
151.7,250.8,1.32,0.6,3.6,26.9,0.806,47.2,MEDIUM
192.1,241.6,0.36,20.7,23.0,17.9,0.335,37.7,MEDIUM
102.6,149.6,0.17,12.7,12.8,166.8,0.444,16.3,LOW
165.7,226.6,2.12,4.3,3.8,8.2,0.549,39.3,MEDIUM
110.7,159.4,0.16,21.0,24.5,52.4,0.299,19.3,LOW
101.3,222.4,0.49,2.0,4.0,85.6,0.789,28.3,LOW
166.8,220.8,1.59,3.1,4.2,19.2,0.919,42.7,MEDIUM
152.8,199.9,0.02,60.4,91.9,2.7,0.213,22.9,LOW
91.5,150.4,0.1,14.3,18.3,19.0,0.268,12.0,LOW
221.8,313.9,0.03,32.2,41.2,28.2,0.369,42.8,MEDIUM
97.4,236.8,0.43,2.0,1.9,12.7,0.808,24.4,LOW
110.3,182.0,0.33,21.4,13.0,29.8,0.246,18.5,LOW
113.1,189.7,0.62,2.7,3.2,57.7,0.745,28.8,LOW
144.3,222.2,0.77,3.5,5.3,81.9,0.781,34.0,MEDIUM
164.1,306.4,0.28,25.9,36.8,3.5,0.291,29.1,LOW
182.1,236.9,0.87,12.9,12.2,56.2,0.55,40.5,MEDIUM
175.5,189.8,0.0,78.3,135.6,36.2,0.0,25.8,LOW
179.1,244.2,1.7,4.0,2.5,45.4,0.98,44.5,MEDIUM
123.3,212.1,0.41,15.1,13.4,23.4,0.148,20.1,LOW
62.8,159.5,0.23,5.7,8.0,167.1,0.724,18.4,LOW
206.5,272.0,2.14,2.3,7.2,4.7,0.784,58.8,HIGH
235.4,315.5,2.56,3.7,6.3,14.4,0.786,65.8,HIGH
193.2,282.4,0.55,22.6,23.1,21.0,0.218,34.6,MEDIUM
208.4,309.6,1.97,5.5,6.4,40.6,0.818,52.5,MEDIUM
86.7,112.9,0.0,26.7,26.4,161.5,0.259,9.7,LOW
179.1,243.6,0.8,19.1,12.7,12.8,0.194,30.8,MEDIUM
158.7,232.8,0.42,27.3,24.6,31.9,0.104,27.7,LOW
129.3,198.9,0.6,2.1,5.3,67.4,0.754,32.5,MEDIUM
124.2,182.9,0.0,37.8,60.5,5.3,0.0,18.0,LOW
122.0,187.2,0.0,28.6,40.3,37.8,0.525,23.7,LOW
69.3,229.3,0.05,18.9,20.7,91.7,0.532,14.4,LOW
78.2,157.3,0.0,28.5,43.9,84.6,0.53,10.6,LOW
120.8,198.2,0.18,25.1,19.2,29.0,0.552,25.4,LOW
102.7,190.8,0.76,5.3,0.4,94.9,0.595,24.2,LOW
174.2,201.2,0.64,13.7,18.2,9.7,0.332,32.2,MEDIUM
174.1,247.3,1.12,28.7,12.6,1.7,0.0,29.0,LOW
198.1,310.8,1.07,12.9,11.9,24.9,0.417,43.5,MEDIUM
169.7,305.6,0.29,20.3,30.8,5.8,0.62,38.2,MEDIUM
137.7,207.3,1.39,5.8,4.3,29.6,0.511,31.2,MEDIUM
158.9,226.6,0.08,52.2,65.3,18.0,0.068,26.8,LOW
35.9,71.5,0.08,37.5,30.4,166.7,0.095,1.4,LOW
180.5,264.4,0.51,20.9,17.1,9.5,0.403,36.4,MEDIUM
196.1,237.5,1.2,20.1,10.4,26.1,0.551,41.0,MEDIUM
103.8,189.8,0.03,44.4,56.3,57.3,0.0,8.3,LOW
179.9,273.6,1.5,5.2,9.0,22.4,0.449,39.7,MEDIUM
71.5,109.0,0.09,65.6,105.9,114.4,0.281,3.7,LOW
91.7,201.7,0.09,21.0,22.9,119.8,0.455,19.5,LOW
169.6,196.1,0.12,48.3,70.4,30.4,0.077,28.6,LOW
217.9,279.2,1.71,3.6,8.3,8.8,0.948,50.4,MEDIUM
94.2,115.0,0.0,49.8,73.2,124.7,0.0,11.3,LOW
154.2,313.2,0.02,41.6,46.7,28.0,0.291,29.7,LOW
90.9,175.8,0.0,4.5,4.2,51.8,0.659,22.8,LOW
161.6,232.5,0.1,28.4,42.5,14.2,0.348,32.7,MEDIUM
84.2,126.2,0.0,22.7,26.5,147.8,0.0,9.7,LOW
93.3,287.8,0.34,3.1,0.9,42.1,0.666,27.9,LOW
38.3,95.1,0.0,38.6,64.5,300.0,0.282,1.7,LOW
234.0,437.4,3.45,3.8,5.3,7.0,0.678,71.9,HIGH
113.1,216.5,1.28,5.9,1.8,22.2,0.821,33.6,MEDIUM
134.0,278.1,0.96,1.9,2.0,86.6,0.925,42.3,MEDIUM
134.6,270.2,1.11,4.9,3.6,6.3,0.515,33.1,MEDIUM
137.0,188.9,0.0,37.7,43.3,2.2,0.3,21.4,LOW
129.1,204.3,0.29,23.3,23.5,51.8,0.166,22.9,LOW
181.7,285.2,0.33,18.0,23.3,5.8,0.397,37.4,MEDIUM
91.2,168.6,0.82,3.3,0.4,82.0,0.8,28.0,LOW
62.9,171.6,0.05,14.3,17.1,125.3,0.327,14.1,LOW
122.0,234.4,0.3,28.2,35.7,37.9,0.377,22.1,LOW
223.1,292.5,1.04,14.0,13.3,7.3,0.381,45.1,MEDIUM
102.4,181.8,0.61,1.5,6.6,32.7,0.667,24.4,LOW
123.7,175.1,0.6,13.2,11.7,51.7,0.577,28.3,LOW
75.3,112.2,0.0,27.3,32.0,156.2,0.143,10.6,LOW
147.3,202.1,1.31,4.0,2.2,8.4,0.548,27.6,LOW
145.4,255.1,1.43,4.9,3.6,1.1,0.815,38.2,MEDIUM
131.6,203.5,1.16,3.6,4.9,10.2,0.708,33.7,MEDIUM
172.7,279.9,2.19,5.1,2.8,27.1,0.434,39.5,MEDIUM
255.8,280.9,0.58,21.1,29.1,3.5,0.473,50.3,MEDIUM
90.8,211.5,0.18,2.5,1.6,17.3,0.663,27.5,LOW
114.4,174.3,0.38,15.9,13.4,20.0,0.213,22.2,LOW
225.3,300.9,1.28,14.4,17.5,7.3,0.074,44.6,MEDIUM
108.5,175.1,0.24,16.3,18.8,26.3,0.552,23.0,LOW
105.8,223.2,0.91,5.5,4.5,17.4,0.512,24.6,LOW
154.6,229.1,0.35,19.0,27.9,11.4,0.187,29.6,LOW
112.9,197.6,0.06,46.3,69.9,28.0,0.221,17.3,LOW
102.0,278.7,0.0,24.2,39.1,62.0,0.425,24.9,LOW
177.4,222.7,0.0,69.1,89.9,51.6,0.0,24.9,LOW
121.9,172.4,0.0,54.7,81.4,46.6,0.227,16.8,LOW
90.5,197.2,0.03,4.1,3.0,137.9,0.988,26.3,LOW
144.1,209.3,0.4,10.2,13.7,5.1,0.734,35.7,MEDIUM
116.8,188.3,0.0,35.3,57.1,24.7,0.374,22.1,LOW
225.8,286.8,3.69,4.9,1.8,7.5,0.704,68.6,HIGH
148.3,328.1,0.44,2.0,7.0,110.3,0.672,40.6,MEDIUM
145.9,212.5,0.7,3.0,6.6,82.8,0.702,30.4,MEDIUM
72.1,185.6,0.15,5.5,2.1,103.1,0.708,20.6,LOW
167.6,197.3,0.13,26.8,33.5,30.7,0.086,25.7,LOW
91.8,143.6,0.04,21.7,32.6,24.2,0.22,12.4,LOW
158.2,205.3,0.02,33.4,39.8,22.7,0.0,31.4,MEDIUM
129.1,204.5,0.23,12.3,16.3,46.7,0.524,28.4,LOW
127.5,208.0,0.37,11.7,15.5,49.1,0.513,27.5,LOW
123.3,156.2,0.0,41.6,69.9,65.5,0.054,16.8,LOW
177.3,320.4,2.86,0.8,2.2,19.4,0.899,73.4,HIGH
134.7,172.5,0.15,17.6,21.4,96.0,0.24,21.1,LOW
92.5,122.6,0.01,17.0,19.3,107.3,0.302,13.1,LOW
93.2,167.5,0.06,48.7,77.8,14.5,0.231,15.4,LOW
140.0,223.7,0.0,42.4,71.0,37.4,0.286,24.3,LOW
110.9,182.3,0.03,2.7,9.2,56.9,0.598,25.9,LOW
97.5,146.3,0.0,50.6,84.2,38.3,0.141,11.2,LOW
54.0,163.1,0.08,12.4,17.2,236.2,0.37,11.1,LOW
84.1,151.0,0.12,22.5,32.8,99.6,0.296,12.3,LOW
170.2,214.3,0.0,40.2,66.9,20.2,0.182,25.6,LOW
245.6,296.2,0.51,21.7,23.9,16.5,0.419,51.1,MEDIUM
193.3,331.1,0.41,24.1,27.2,14.1,0.353,38.9,MEDIUM
143.0,198.4,0.0,45.8,77.6,15.3,0.169,20.3,LOW
104.7,204.6,0.1,15.4,18.9,4.3,0.27,17.6,LOW
115.0,150.3,0.06,43.7,40.8,76.9,0.197,16.7,LOW
188.5,257.3,0.19,30.3,48.6,3.2,0.321,34.5,MEDIUM
224.4,261.9,2.1,4.8,5.6,11.3,0.764,56.6,HIGH
105.6,232.0,0.18,4.6,6.9,102.1,0.558,27.9,LOW
156.8,242.8,0.5,21.2,16.3,26.4,0.48,32.7,MEDIUM
86.5,112.6,0.28,23.1,28.9,82.0,0.12,8.5,LOW
162.6,245.3,0.09,28.2,42.8,44.3,0.194,31.7,MEDIUM
219.0,282.5,3.5,5.2,1.5,10.7,0.609,63.3,HIGH
107.0,145.2,0.02,31.8,46.4,22.7,0.035,12.7,LOW
222.0,349.8,0.0,29.9,44.0,30.5,0.199,44.8,MEDIUM
91.0,165.7,0.0,22.1,34.6,72.4,0.364,16.4,LOW
110.8,177.3,0.32,4.6,6.1,11.2,0.393,20.5,LOW
114.0,160.1,0.07,41.7,54.0,133.5,0.092,13.1,LOW
171.3,238.6,1.94,5.7,1.4,17.1,0.374,38.0,MEDIUM
80.7,155.1,0.16,3.2,1.5,58.4,1.0,25.0,LOW
111.2,169.6,0.34,3.9,9.4,47.3,0.715,25.8,LOW
53.2,147.1,0.01,5.2,3.2,108.3,0.67,14.6,LOW
127.8,182.7,1.23,4.4,1.1,18.4,0.707,31.3,MEDIUM
145.6,203.2,0.24,17.9,25.0,43.6,0.482,28.4,LOW
74.3,116.0,0.0,32.5,50.3,73.4,0.365,9.7,LOW
129.4,151.7,0.08,28.7,47.0,41.2,0.019,21.9,LOW
126.4,191.0,0.06,23.5,30.6,51.0,0.509,23.6,LOW
195.2,312.2,1.41,1.1,5.6,41.2,0.954,62.9,HIGH
123.2,219.5,0.35,2.5,4.9,144.8,0.713,37.4,MEDIUM
43.4,156.6,0.01,52.1,84.7,163.9,0.082,4.0,LOW
96.4,143.8,0.36,3.5,4.2,16.7,0.229,12.4,LOW
96.2,164.3,0.0,80.8,129.7,35.7,0.0,10.1,LOW
116.5,214.1,0.11,44.3,68.7,37.2,0.214,19.1,LOW
122.8,171.2,0.32,16.6,16.0,67.9,0.592,25.1,LOW
78.8,143.5,0.09,31.4,16.0,26.7,0.337,14.5,LOW
147.7,244.0,0.75,4.7,6.7,42.5,0.653,34.3,MEDIUM
218.4,297.9,1.24,11.3,17.1,21.3,0.797,52.2,MEDIUM
113.9,175.9,0.75,3.5,2.9,51.4,0.847,29.4,LOW
101.8,261.8,0.0,17.9,17.8,34.9,0.332,22.7,LOW
153.4,202.5,0.08,35.8,54.0,50.3,0.518,27.1,LOW
212.9,251.4,1.14,12.2,16.4,6.4,0.326,44.4,MEDIUM
86.2,144.9,0.12,4.8,4.0,43.2,0.44,14.7,LOW
152.1,225.0,0.83,10.9,11.0,23.8,0.454,32.7,MEDIUM
79.3,138.0,0.0,21.0,32.4,107.4,0.232,12.4,LOW
170.9,237.2,1.29,5.1,8.4,10.9,0.597,36.4,MEDIUM
119.7,197.3,0.15,13.2,15.3,92.2,0.592,24.0,LOW
134.2,210.9,1.13,2.0,7.0,5.6,0.735,34.4,MEDIUM
157.4,228.7,0.62,10.6,12.2,3.8,0.521,36.1,MEDIUM
117.9,202.9,0.74,3.9,5.0,66.8,0.694,29.4,LOW
173.2,187.9,0.14,43.5,67.9,11.3,0.0,28.9,LOW
198.5,263.1,0.57,19.5,23.2,1.1,0.139,39.6,MEDIUM
148.2,230.6,0.57,15.4,15.9,22.5,0.374,31.4,MEDIUM
178.9,360.7,0.13,59.5,97.7,32.9,0.0,31.1,MEDIUM
203.3,244.6,0.0,31.8,51.6,13.5,0.189,30.3,MEDIUM
148.5,263.0,0.86,3.6,3.2,38.4,0.904,41.1,MEDIUM
116.7,212.8,0.21,28.0,42.2,36.6,0.25,25.4,LOW
97.7,135.9,0.16,40.6,28.6,71.3,0.0,10.0,LOW
108.3,203.9,0.09,27.5,44.6,93.6,0.147,17.8,LOW
61.9,187.4,0.07,10.5,10.6,71.2,0.782,21.3,LOW
76.0,188.4,0.08,15.2,16.0,65.4,0.666,19.4,LOW
76.5,127.1,0.0,28.7,43.1,55.5,0.343,12.1,LOW
195.8,352.2,0.09,33.2,38.4,39.2,0.0,36.3,MEDIUM
177.2,273.5,0.49,16.5,21.0,2.6,0.459,38.4,MEDIUM
145.1,191.8,0.04,26.9,39.4,65.1,0.33,26.6,LOW
242.2,302.9,3.56,1.8,2.6,16.3,0.75,82.7,CRITICAL
215.3,269.5,0.53,36.0,28.0,6.2,0.104,36.4,MEDIUM
156.9,267.4,3.25,3.2,0.4,2.8,0.65,62.3,HIGH
165.0,274.1,2.39,3.5,2.2,8.2,0.599,48.1,MEDIUM
197.6,291.9,3.6,5.0,1.3,10.6,0.483,57.3,HIGH
217.4,258.4,0.0,43.9,68.6,4.1,0.343,38.6,MEDIUM
148.8,260.3,0.02,31.9,46.1,68.0,0.355,26.8,LOW
136.8,259.7,0.19,18.2,26.3,38.5,0.343,27.8,LOW
205.0,292.1,0.7,21.7,19.5,8.9,0.389,41.6,MEDIUM
144.8,264.5,1.19,3.0,4.0,36.9,0.767,39.4,MEDIUM
154.2,232.3,1.16,0.9,3.4,2.2,1.0,45.1,MEDIUM
81.9,148.6,0.11,19.7,30.2,86.9,0.494,12.6,LOW
92.9,146.1,0.0,30.0,43.3,34.7,0.366,11.0,LOW
128.0,241.3,0.0,25.3,41.5,36.4,0.296,25.4,LOW
195.0,241.9,0.05,52.6,87.8,12.4,0.032,33.4,MEDIUM
96.0,203.7,0.25,13.2,16.2,36.6,0.678,16.2,LOW
226.1,283.1,2.34,3.2,4.3,31.9,0.802,63.1,HIGH
69.9,112.9,0.42,5.1,3.5,90.0,0.528,11.9,LOW
96.2,168.0,0.49,3.6,5.1,16.4,0.76,25.9,LOW
111.1,157.8,0.02,61.5,83.2,103.5,0.194,18.8,LOW
56.7,150.7,0.08,2.3,3.0,157.2,0.417,8.0,LOW
70.0,178.0,0.0,23.6,20.1,30.7,0.173,9.3,LOW
57.8,73.7,0.0,62.1,74.1,170.5,0.121,4.8,LOW
103.5,171.7,0.02,12.9,16.1,107.8,0.189,19.3,LOW
116.1,155.6,0.87,5.6,3.4,39.7,0.375,21.5,LOW
109.6,172.3,0.15,25.6,29.9,52.9,0.247,20.0,LOW
84.1,202.4,0.26,1.4,4.3,34.8,0.831,25.4,LOW
70.1,115.2,0.0,36.2,53.4,64.2,0.269,10.3,LOW
103.4,201.5,0.03,2.3,1.7,3.1,0.967,31.8,MEDIUM
73.4,145.9,0.0,14.4,18.4,34.1,0.462,13.5,LOW
204.2,289.4,0.26,36.7,34.1,2.9,0.129,39.1,MEDIUM
78.8,165.9,0.05,2.9,4.4,187.5,0.516,17.2,LOW
87.4,188.8,0.28,4.6,1.3,116.7,0.609,22.8,LOW
223.2,254.2,1.02,17.8,17.3,10.5,0.498,44.3,MEDIUM
112.9,219.6,0.73,9.6,12.4,12.5,0.658,28.0,LOW
199.8,283.5,1.5,5.1,7.5,26.8,0.692,47.9,MEDIUM
156.6,221.5,0.13,19.5,27.9,54.5,0.449,33.4,MEDIUM
147.6,213.2,0.11,25.9,31.5,49.6,0.476,28.8,LOW
209.3,248.8,0.12,41.9,67.4,17.0,0.161,35.0,MEDIUM
90.1,154.8,0.1,62.8,103.9,23.9,0.27,11.3,LOW
161.4,293.0,0.68,11.7,16.0,8.6,0.393,32.7,MEDIUM
168.0,256.8,2.32,0.8,1.7,11.5,0.763,59.1,HIGH
148.5,234.7,1.74,4.9,6.6,13.9,0.587,31.0,MEDIUM
75.0,160.0,0.42,4.5,1.0,131.0,0.788,20.0,LOW
55.0,112.9,0.02,12.0,13.8,109.2,0.343,10.0,LOW
188.3,240.9,1.82,5.4,2.7,59.2,0.596,43.6,MEDIUM
121.6,170.2,0.04,58.7,66.4,57.3,0.0,12.7,LOW
135.3,203.3,1.39,5.5,1.7,25.7,0.732,32.6,MEDIUM
108.4,167.1,0.0,28.4,38.7,4.3,0.444,24.6,LOW
144.0,215.6,1.02,4.8,6.5,38.2,0.797,34.0,MEDIUM
108.7,247.8,0.4,10.8,11.1,5.3,0.641,28.1,LOW
123.6,196.8,0.06,26.5,40.6,1.1,0.403,25.6,LOW
248.0,366.6,4.08,1.5,0.9,12.7,0.857,91.2,CRITICAL
82.4,169.3,0.21,2.2,4.6,38.6,0.824,23.1,LOW
97.3,154.3,0.0,10.8,15.9,80.0,0.621,22.7,LOW
151.3,203.5,0.22,18.4,24.5,27.0,0.284,27.4,LOW
105.7,138.7,0.08,14.6,16.2,67.1,0.417,16.0,LOW
124.8,218.4,0.47,13.2,18.5,5.5,0.483,29.2,LOW
162.1,245.6,0.24,33.0,29.9,22.0,0.164,25.4,LOW
121.3,205.2,1.14,5.6,1.1,63.6,0.403,20.8,LOW
142.1,230.3,1.2,10.8,10.2,15.5,0.334,25.9,LOW
130.9,325.2,0.16,12.7,15.3,86.0,0.515,31.9,MEDIUM
218.7,263.1,0.54,21.4,28.6,2.8,0.475,41.5,MEDIUM
71.5,176.7,0.12,22.7,15.3,202.1,0.324,9.9,LOW
92.6,185.5,0.0,41.0,12.8,125.1,0.57,15.7,LOW
125.9,184.9,0.64,3.8,8.4,83.3,0.55,30.0,MEDIUM
89.1,149.0,0.09,22.7,19.1,19.4,0.389,16.2,LOW
194.9,249.1,1.93,3.5,5.1,3.0,0.89,52.1,MEDIUM
81.6,210.4,0.15,5.5,2.2,14.2,0.801,26.7,LOW
91.7,167.4,0.0,47.8,55.5,55.6,0.217,16.2,LOW
215.7,268.0,0.45,23.3,24.2,37.5,0.476,42.1,MEDIUM
111.1,174.3,0.34,5.3,2.7,6.4,0.655,23.3,LOW
131.8,198.4,1.71,4.5,0.8,6.2,0.918,32.4,MEDIUM
89.7,186.9,0.02,16.5,25.4,90.0,0.606,20.4,LOW
149.9,292.7,0.11,28.8,39.4,24.0,0.125,31.2,MEDIUM
176.3,306.4,0.63,13.0,18.5,23.1,0.524,38.2,MEDIUM
119.7,189.7,1.0,5.4,1.1,31.4,0.414,24.3,LOW
109.4,241.6,0.3,1.1,5.3,155.6,0.993,32.9,MEDIUM
106.0,205.0,0.56,4.7,1.6,101.9,0.697,29.3,LOW
116.9,247.8,0.03,25.4,35.4,179.7,0.492,26.7,LOW
111.5,165.2,0.37,5.8,4.2,119.8,0.618,22.3,LOW
107.6,163.1,0.19,31.8,45.6,34.7,0.0,16.2,LOW
149.8,324.0,0.1,22.2,33.6,41.9,0.725,36.3,MEDIUM
108.5,153.4,0.21,18.9,15.0,45.9,0.395,19.9,LOW
129.6,208.7,0.49,13.7,14.5,38.1,0.313,22.5,LOW
103.1,196.9,0.56,0.8,2.8,50.2,0.948,27.4,LOW
96.1,186.4,0.38,1.7,7.4,53.6,1.0,27.5,LOW
176.2,307.6,1.3,4.9,2.9,79.9,0.628,41.0,MEDIUM
176.4,215.6,0.01,36.6,44.3,33.1,0.17,29.9,LOW
106.8,183.9,0.24,20.5,16.8,68.2,0.389,18.7,LOW
220.6,273.1,2.74,3.4,2.4,34.6,0.533,61.1,HIGH
69.5,111.4,0.18,28.4,43.6,163.8,0.154,7.9,LOW
102.4,192.0,0.61,1.0,1.8,57.0,1.0,33.2,MEDIUM
159.9,221.8,1.27,2.0,6.4,51.8,0.719,42.7,MEDIUM
102.2,134.0,0.0,28.2,45.9,28.8,0.133,16.7,LOW
211.3,328.9,0.62,18.6,23.9,9.6,0.312,44.6,MEDIUM
96.5,182.1,0.02,19.5,19.2,6.7,0.527,17.2,LOW
118.8,181.4,0.0,31.9,50.9,10.3,0.0,19.3,LOW
70.3,202.0,0.39,2.3,4.7,105.5,0.768,21.5,LOW
123.3,223.6,0.92,2.3,8.6,10.3,1.0,36.5,MEDIUM
86.5,134.2,0.07,18.9,12.7,103.0,0.68,19.5,LOW
86.7,183.7,0.0,29.4,45.7,28.6,0.333,14.4,LOW
81.8,135.8,0.14,5.3,3.6,83.5,0.844,20.0,LOW
184.4,225.7,0.04,25.5,39.5,45.9,0.484,40.5,MEDIUM
133.8,187.4,1.27,4.1,0.9,49.1,0.659,27.6,LOW
101.9,165.9,0.2,4.5,7.5,70.2,0.806,24.4,LOW
95.6,173.9,0.19,0.6,6.6,21.4,1.0,29.4,LOW
126.4,207.5,0.52,14.8,15.7,4.8,0.253,23.2,LOW
113.7,144.2,0.14,21.7,14.2,53.7,0.422,18.9,LOW
158.9,242.0,0.02,69.1,99.2,24.4,0.105,26.1,LOW
75.5,151.1,0.24,9.5,12.3,43.2,0.563,18.9,LOW
186.5,235.7,0.35,22.9,25.2,59.7,0.323,36.1,MEDIUM
123.7,215.4,1.54,2.9,1.1,13.6,0.749,31.7,MEDIUM
156.5,189.2,0.04,24.6,36.3,28.0,0.347,28.8,LOW
194.5,284.9,1.16,15.0,13.9,22.2,0.607,44.3,MEDIUM
161.6,235.7,0.78,9.2,11.9,5.0,0.626,34.4,MEDIUM
76.5,190.6,0.05,2.2,3.9,30.5,0.705,23.8,LOW
87.1,126.4,0.08,47.3,71.0,58.6,0.0,10.1,LOW
187.1,217.9,0.39,17.4,24.9,1.4,0.328,33.8,MEDIUM
187.5,266.6,1.54,5.2,8.0,26.8,0.689,45.2,MEDIUM
120.2,187.2,1.41,5.7,1.0,21.7,0.53,27.0,LOW
164.0,227.3,0.0,29.5,44.5,44.1,0.388,30.0,MEDIUM
161.8,229.6,0.35,17.9,24.2,8.2,0.456,30.5,MEDIUM
219.2,339.3,1.25,10.5,13.5,13.6,0.697,51.6,MEDIUM
81.2,175.1,0.19,2.8,7.9,55.8,0.619,18.4,LOW
184.1,213.0,0.12,31.8,32.5,29.3,0.099,31.9,MEDIUM
98.7,180.3,0.0,26.6,37.7,37.4,0.447,17.9,LOW
109.8,159.6,0.25,12.3,13.2,48.7,0.509,22.8,LOW
169.5,225.0,0.49,19.2,20.7,5.8,0.34,33.3,MEDIUM
194.0,235.4,0.17,51.6,83.0,51.7,0.206,34.7,MEDIUM
90.8,143.0,0.0,64.7,111.5,58.2,0.159,11.8,LOW
94.6,167.4,0.1,32.3,51.2,33.1,0.031,14.6,LOW
184.1,286.7,0.52,14.2,16.7,43.9,0.661,40.6,MEDIUM
105.2,186.3,0.46,5.9,3.2,114.5,0.571,25.8,LOW
106.8,152.2,0.0,30.2,43.9,106.0,0.494,23.0,LOW
135.8,203.3,1.15,0.6,1.1,53.5,0.582,42.0,MEDIUM
131.3,202.5,0.55,2.3,9.7,74.0,0.778,29.3,LOW
135.9,304.2,0.96,4.8,1.2,105.5,0.633,38.9,MEDIUM
57.4,130.6,0.01,21.3,27.9,85.0,0.045,6.6,LOW
157.9,183.3,0.69,42.2,11.2,58.2,0.247,28.2,LOW
113.3,173.0,0.11,15.8,20.1,72.8,0.136,16.7,LOW
170.0,275.7,0.51,15.6,15.0,62.1,0.385,32.9,MEDIUM
145.0,211.2,0.22,56.1,21.0,41.7,0.25,26.3,LOW
120.6,195.9,0.86,2.5,3.3,37.4,0.645,27.3,LOW
121.9,184.0,0.72,5.6,2.8,94.9,0.505,24.1,LOW
163.6,246.1,0.26,19.7,29.4,77.7,0.484,30.9,MEDIUM
244.8,274.7,1.47,24.4,14.0,16.6,0.263,42.7,MEDIUM
85.2,172.9,0.14,11.2,14.5,87.2,0.45,17.2,LOW
51.9,178.1,0.0,1.7,2.0,208.2,0.939,20.7,LOW
159.5,268.3,0.39,17.4,23.3,39.9,0.224,32.2,MEDIUM
128.1,235.1,0.08,16.7,20.6,37.9,0.341,25.6,LOW
86.7,183.2,0.19,4.9,0.9,28.8,0.788,25.7,LOW
55.9,124.4,0.04,1.6,2.7,67.6,0.565,15.1,LOW
110.5,161.7,0.06,15.8,19.5,12.6,0.692,22.0,LOW
132.7,216.8,1.54,1.6,2.0,7.1,0.718,41.2,MEDIUM
97.1,232.5,0.5,3.0,7.7,27.9,0.842,28.4,LOW
115.5,205.6,0.3,5.7,3.6,155.0,0.768,28.3,LOW
134.2,214.8,0.39,16.8,17.1,45.4,0.386,27.6,LOW
76.5,168.5,0.2,20.1,17.9,73.3,0.286,15.7,LOW
113.2,202.7,0.12,20.0,21.7,64.3,0.353,17.6,LOW
139.6,218.6,0.06,20.9,33.8,19.7,0.454,28.6,LOW
139.5,283.8,0.63,16.1,12.3,59.5,0.273,29.5,LOW
224.3,292.9,3.23,3.7,1.2,11.5,0.509,65.8,HIGH
90.3,199.8,0.0,31.9,49.0,4.3,0.446,18.6,LOW
236.0,301.9,0.93,17.5,21.6,12.1,0.287,47.2,MEDIUM
87.6,213.1,0.19,9.4,12.1,49.2,0.602,20.1,LOW
183.8,318.8,0.63,18.5,21.5,24.7,0.351,41.0,MEDIUM
188.1,305.9,2.11,4.0,6.5,33.1,0.658,46.9,MEDIUM
178.5,304.5,1.01,11.1,10.9,31.0,0.729,42.1,MEDIUM
99.7,177.6,0.0,23.2,30.2,30.5,0.304,15.6,LOW
91.0,195.0,0.06,26.0,25.4,69.4,0.229,18.7,LOW
72.3,164.6,0.0,42.9,71.0,48.0,0.104,8.8,LOW
47.9,105.7,0.0,0.6,8.8,175.1,0.707,9.3,LOW
80.2,174.1,0.14,22.8,21.4,32.3,0.22,13.2,LOW
90.7,114.0,0.0,14.3,17.4,51.0,0.377,12.4,LOW
103.1,186.8,0.79,0.8,1.4,86.5,1.0,34.5,MEDIUM
113.9,231.6,0.28,0.9,7.4,2.6,0.879,29.4,LOW
177.0,196.6,0.02,48.1,74.7,4.2,0.065,25.0,LOW
139.4,219.4,0.72,11.1,13.0,50.7,0.66,33.2,MEDIUM
83.6,202.0,0.48,5.0,2.9,6.4,0.417,17.2,LOW
160.7,243.1,0.68,13.0,16.2,20.9,0.682,39.2,MEDIUM
98.4,168.4,0.0,22.3,33.8,125.8,0.522,14.8,LOW
82.5,162.0,0.04,34.8,50.7,129.1,0.535,16.0,LOW
163.2,259.5,0.22,18.6,26.3,4.6,0.533,34.3,MEDIUM
175.2,259.5,1.36,1.8,8.3,30.5,0.81,49.2,MEDIUM
143.9,313.8,0.11,26.9,28.3,40.2,0.466,31.0,MEDIUM
109.0,215.5,0.03,20.6,25.7,102.9,0.257,21.4,LOW
136.6,158.7,0.02,41.7,64.2,93.5,0.091,19.5,LOW
187.6,277.0,0.37,20.7,25.4,35.9,0.339,38.2,MEDIUM
115.4,203.5,0.54,12.1,17.2,33.1,0.699,29.7,LOW
158.7,192.3,1.35,2.3,5.2,25.1,0.601,38.0,MEDIUM
160.8,261.3,0.33,17.2,19.3,57.0,0.258,30.7,MEDIUM
152.0,267.6,1.17,3.9,7.9,26.4,0.721,36.2,MEDIUM
178.2,235.1,1.93,3.7,3.7,7.1,0.797,47.2,MEDIUM
98.5,142.0,0.0,37.3,58.1,33.4,0.075,14.9,LOW
102.6,155.4,0.08,18.1,11.7,20.9,0.488,20.8,LOW
79.8,167.4,0.0,27.4,40.6,124.1,0.473,18.2,LOW
191.2,248.9,0.09,27.8,37.8,23.2,0.444,38.4,MEDIUM
139.7,248.3,0.35,11.4,11.7,8.5,0.56,30.7,MEDIUM
114.3,180.0,0.13,13.5,10.1,161.2,0.452,25.4,LOW
109.9,257.4,0.03,21.1,29.6,119.0,0.605,23.1,LOW
173.9,278.7,2.75,2.8,0.7,23.3,0.719,57.1,HIGH
216.4,245.2,0.28,41.9,32.5,17.7,0.291,39.4,MEDIUM
104.8,222.9,0.63,0.5,7.1,25.9,1.0,32.6,MEDIUM
87.9,174.2,0.29,3.0,5.2,78.4,0.836,24.8,LOW
68.5,123.9,0.01,4.6,6.3,77.7,0.517,12.6,LOW
133.5,179.5,0.04,28.4,46.3,1.7,0.071,22.9,LOW
79.7,139.3,0.04,35.5,55.5,62.7,0.149,10.8,LOW
221.6,286.8,1.69,12.5,11.7,5.3,0.591,52.5,MEDIUM
195.9,263.5,0.13,19.9,26.6,27.3,0.427,36.5,MEDIUM
133.7,198.0,0.0,78.3,137.4,13.6,0.366,20.5,LOW
160.5,246.1,1.83,1.8,4.6,11.3,0.81,49.3,MEDIUM
124.5,175.1,0.38,37.4,19.6,41.7,0.13,19.2,LOW
142.1,205.0,0.73,4.4,5.5,77.7,0.501,29.7,LOW
217.8,283.4,0.0,49.5,67.8,30.4,0.288,40.3,MEDIUM
90.7,164.4,0.59,0.6,1.8,70.4,0.781,22.7,LOW
110.7,168.7,1.04,5.5,1.7,39.4,0.416,17.9,LOW
158.4,244.1,0.56,13.1,12.5,46.1,0.476,32.2,MEDIUM
106.2,176.9,0.08,5.7,2.8,18.2,0.487,18.3,LOW
106.9,175.7,0.18,0.5,9.3,130.1,0.72,26.8,LOW
59.3,131.8,0.0,26.6,40.0,127.6,0.277,5.6,LOW
135.3,213.5,0.66,18.1,10.4,36.6,0.252,25.0,LOW
142.5,310.4,1.88,3.0,1.0,33.5,0.636,44.3,MEDIUM
215.5,238.5,0.0,50.2,84.4,1.7,0.0,35.3,MEDIUM
94.3,243.4,0.18,2.8,3.7,21.6,0.608,26.4,LOW
121.5,192.1,0.07,14.9,18.8,108.8,0.29,21.5,LOW
108.7,163.4,0.25,16.7,18.9,97.0,0.339,19.2,LOW
170.1,235.1,1.15,18.5,11.2,27.9,0.247,31.3,MEDIUM
270.6,320.5,5.4,5.1,0.4,3.5,0.74,91.3,CRITICAL
113.2,218.7,0.26,20.3,14.7,124.3,0.385,19.8,LOW
194.7,272.8,1.89,3.5,7.6,15.3,0.875,52.4,MEDIUM
177.2,210.1,0.25,45.6,27.7,11.1,0.412,34.6,MEDIUM
96.8,198.2,0.33,3.9,1.5,166.9,0.787,26.6,LOW
207.8,276.9,0.06,23.8,33.1,34.6,0.376,40.5,MEDIUM
115.0,206.6,0.27,23.2,26.5,84.6,0.428,23.2,LOW
87.1,210.2,0.05,19.8,27.0,86.0,0.432,16.7,LOW
72.9,191.6,0.14,17.5,27.2,117.3,0.405,16.7,LOW
194.2,358.2,0.0,42.2,67.4,11.0,0.143,38.1,MEDIUM
206.9,361.7,2.8,1.6,3.0,25.0,0.597,70.2,HIGH
133.5,253.0,1.45,0.9,2.1,3.8,0.897,49.4,MEDIUM
167.4,271.5,2.09,4.3,2.1,50.0,0.669,43.8,MEDIUM
74.5,150.3,0.0,12.3,18.1,184.3,0.707,14.4,LOW
127.0,259.5,1.15,3.9,2.9,47.4,0.821,34.5,MEDIUM
179.4,238.7,0.63,17.1,18.5,50.1,0.309,34.4,MEDIUM
157.3,234.0,0.33,17.4,20.1,77.7,0.586,33.8,MEDIUM
133.6,225.8,1.33,5.1,2.9,37.9,0.269,27.7,LOW
208.5,258.9,0.09,27.7,40.1,29.9,0.553,43.9,MEDIUM
168.8,220.9,1.14,9.8,10.7,40.8,0.34,31.3,MEDIUM
185.5,242.9,0.42,21.4,27.9,17.0,0.415,37.0,MEDIUM
180.2,312.7,0.17,21.7,28.3,17.7,0.399,38.1,MEDIUM
132.6,187.0,0.97,5.1,4.6,28.6,0.82,32.4,MEDIUM
94.3,134.3,0.0,37.7,55.8,33.1,0.128,12.8,LOW
84.5,148.2,0.18,4.0,7.8,71.5,0.361,15.3,LOW
73.2,132.6,0.04,49.7,80.4,35.5,0.061,4.5,LOW
88.5,175.5,0.23,3.5,2.5,119.3,0.664,21.3,LOW
76.6,157.0,0.37,5.5,0.6,53.1,0.334,16.3,LOW
86.1,178.1,0.11,4.9,4.9,86.9,0.664,18.8,LOW
143.8,246.9,0.4,13.1,15.3,15.1,0.312,32.0,MEDIUM
70.6,169.1,0.0,13.9,18.8,48.9,0.556,12.0,LOW
72.1,87.8,0.0,23.6,26.1,174.9,0.274,8.8,LOW
167.1,246.8,0.33,16.3,22.3,2.6,0.71,36.6,MEDIUM
98.1,171.5,0.0,5.4,9.6,39.3,0.607,22.1,LOW
158.5,275.7,0.19,21.4,30.8,28.1,0.405,34.6,MEDIUM
208.4,265.1,3.73,6.0,1.9,4.7,0.598,60.4,HIGH
214.7,279.4,3.81,2.7,1.0,6.1,0.474,75.5,HIGH
142.4,230.3,1.13,4.4,3.5,44.2,0.639,30.4,MEDIUM
173.5,334.0,1.3,4.3,3.6,63.8,0.787,44.1,MEDIUM
116.8,166.4,0.11,13.5,12.3,120.0,0.556,22.6,LOW
76.5,132.1,0.0,29.8,23.1,83.6,0.199,8.2,LOW
68.4,120.7,0.0,61.8,94.8,165.0,0.0,5.8,LOW
195.4,246.8,1.76,1.5,6.6,2.6,0.851,57.3,HIGH
74.9,133.8,0.03,34.2,22.7,176.6,0.267,6.2,LOW
154.4,244.6,1.56,4.0,4.1,48.9,0.808,36.4,MEDIUM
106.9,174.9,0.93,2.9,1.5,46.1,0.673,24.7,LOW
214.1,297.0,3.86,3.0,0.9,22.7,0.457,73.0,HIGH
135.0,201.8,0.11,34.8,32.5,59.5,0.279,26.5,LOW
111.4,180.1,0.0,60.2,98.5,151.8,0.071,12.3,LOW
141.2,170.9,0.05,41.4,67.7,53.2,0.361,22.6,LOW
125.7,186.1,0.43,16.6,14.5,16.0,0.416,26.8,LOW
106.5,270.3,0.61,1.5,1.3,53.8,0.747,29.6,LOW
91.8,185.1,0.93,4.6,4.8,37.6,0.728,24.6,LOW
120.1,157.2,0.19,29.7,39.9,20.1,0.155,17.3,LOW
175.2,239.7,1.36,4.3,6.4,40.9,0.576,38.6,MEDIUM
102.4,151.3,0.26,20.7,22.1,28.7,0.335,18.4,LOW
132.4,328.1,0.77,3.4,9.2,16.3,0.559,34.6,MEDIUM
158.0,179.3,0.39,16.5,18.0,3.4,0.379,28.0,LOW
164.2,226.2,0.2,27.1,40.9,9.0,0.562,34.6,MEDIUM
78.3,128.8,0.12,53.8,14.7,99.6,0.249,7.2,LOW
95.4,154.9,0.06,73.9,122.4,29.6,0.088,12.1,LOW
181.6,247.0,1.29,10.7,11.7,18.5,0.754,41.2,MEDIUM
94.6,336.3,0.16,9.2,11.3,40.3,0.43,24.1,LOW
194.3,263.6,0.57,23.5,16.9,57.4,0.686,43.7,MEDIUM
76.3,131.1,0.01,1.4,1.7,50.8,0.689,16.8,LOW
151.5,319.0,0.05,26.4,41.0,17.6,0.578,34.2,MEDIUM
58.9,162.5,0.0,14.0,12.1,248.3,0.756,11.3,LOW
134.0,171.1,0.25,25.5,30.0,17.5,0.025,17.8,LOW
144.1,204.1,0.44,19.6,19.4,19.7,0.585,32.2,MEDIUM
131.0,189.9,0.21,18.3,22.2,27.8,0.343,24.7,LOW
79.5,131.5,0.0,20.2,24.8,116.9,0.271,13.9,LOW
143.1,225.2,1.03,3.6,7.4,43.0,0.772,35.0,MEDIUM
239.1,289.9,0.11,29.5,40.2,11.4,0.095,44.4,MEDIUM
128.6,203.8,1.32,1.1,0.2,25.3,0.842,45.1,MEDIUM
157.0,231.4,1.88,2.4,2.1,13.3,0.587,45.1,MEDIUM
108.6,226.4,0.02,24.6,33.4,28.1,0.326,24.1,LOW
80.9,213.3,0.0,41.5,68.5,25.4,0.353,12.8,LOW
107.6,220.6,0.49,2.5,7.4,4.3,0.78,28.2,LOW
167.2,257.4,1.36,5.4,4.1,19.3,0.592,36.9,MEDIUM
155.9,258.2,0.36,11.8,16.7,57.6,0.581,36.5,MEDIUM
110.9,159.8,0.47,2.8,3.8,98.8,0.505,21.0,LOW
233.8,286.7,3.8,3.8,0.8,23.3,0.562,77.2,HIGH
154.7,264.4,0.61,26.0,17.1,29.2,0.218,26.2,LOW
78.0,193.4,0.38,5.3,2.9,88.4,0.765,21.4,LOW
89.0,150.5,0.2,19.3,23.6,61.6,0.43,14.8,LOW
93.3,175.9,0.0,11.1,11.6,134.0,0.593,21.1,LOW
110.3,153.8,0.09,41.6,66.4,29.5,0.147,14.0,LOW
97.4,146.4,0.0,18.7,20.8,7.4,0.261,15.9,LOW
113.1,206.9,0.02,20.1,30.9,8.7,0.581,25.1,LOW
141.8,232.7,0.59,12.1,15.9,26.3,0.388,30.4,MEDIUM
100.3,196.2,0.0,19.5,26.2,78.4,0.43,23.4,LOW
92.3,168.1,0.0,28.4,41.6,85.6,0.24,14.3,LOW
209.8,280.1,0.49,12.7,17.1,17.3,0.565,45.3,MEDIUM
238.6,291.2,1.06,19.3,17.0,12.9,0.279,47.0,MEDIUM
139.3,204.3,0.51,2.8,4.6,97.9,0.872,32.1,MEDIUM
101.2,218.6,0.53,5.4,0.8,60.5,0.852,29.9,LOW
176.8,231.7,1.37,1.3,8.2,6.6,0.91,47.7,MEDIUM
105.4,183.8,0.4,15.7,18.5,28.8,0.45,23.0,LOW
192.9,299.8,0.2,30.4,36.6,48.1,0.172,35.0,MEDIUM
119.5,187.2,0.23,13.0,17.0,102.9,0.899,26.0,LOW
149.6,172.1,0.04,41.4,70.0,7.3,0.004,17.3,LOW
119.7,168.0,0.0,18.6,24.7,100.9,0.513,25.1,LOW
177.4,219.0,0.18,30.6,44.3,10.5,0.285,34.8,MEDIUM
216.8,303.8,0.03,80.9,141.3,19.3,0.022,35.4,MEDIUM
69.7,195.8,0.05,35.4,59.0,75.7,0.222,8.5,LOW
54.4,123.4,0.07,47.9,74.9,184.8,0.041,0.8,LOW
257.2,306.2,1.72,11.4,13.5,3.4,0.571,51.9,MEDIUM
87.4,225.2,0.22,2.5,4.6,149.3,0.771,26.9,LOW
124.8,268.0,0.54,17.3,11.0,17.6,0.803,31.2,MEDIUM
130.6,243.1,1.07,1.0,2.3,51.6,0.929,39.2,MEDIUM
141.0,216.7,1.64,3.6,3.3,25.4,0.771,34.4,MEDIUM
90.1,154.2,0.0,5.8,0.8,48.3,0.722,21.7,LOW
94.5,192.8,0.81,4.1,0.2,55.8,0.955,29.5,LOW
89.5,127.5,0.05,37.2,58.1,70.9,0.035,11.3,LOW
139.4,213.6,0.11,50.1,87.3,1.5,0.081,19.8,LOW
97.9,158.5,0.0,18.8,28.2,50.5,0.091,14.1,LOW
119.1,186.8,0.16,17.5,21.7,23.3,0.481,25.8,LOW
166.2,248.4,0.6,16.9,17.1,33.9,0.534,35.5,MEDIUM
82.4,109.9,0.02,52.7,91.2,144.6,0.0,4.3,LOW
131.2,208.6,0.25,3.9,9.9,70.6,0.899,32.5,MEDIUM
102.8,233.1,0.0,24.4,38.2,28.6,0.194,12.2,LOW
140.4,220.9,0.7,2.0,7.0,45.8,0.686,34.2,MEDIUM
77.0,152.2,0.33,5.6,7.2,92.6,0.657,20.6,LOW
132.1,196.4,0.0,26.6,30.9,117.8,0.515,28.8,LOW
119.4,154.1,0.1,32.1,36.4,23.4,0.093,17.1,LOW
201.3,303.6,3.39,3.1,3.3,6.1,0.751,65.9,HIGH
118.0,185.8,0.0,25.3,27.0,58.6,0.407,21.5,LOW
186.8,314.2,0.29,18.9,25.4,26.8,0.461,41.2,MEDIUM
194.0,379.9,2.43,2.0,5.6,7.6,0.83,67.7,HIGH
163.8,183.9,0.17,38.5,64.2,51.3,0.286,28.6,LOW
168.4,250.4,0.72,13.9,17.2,10.9,0.376,31.3,MEDIUM
141.5,210.8,0.79,16.6,10.8,9.8,0.664,32.7,MEDIUM
119.3,174.3,0.35,15.5,10.5,80.9,0.414,18.9,LOW
82.5,189.0,0.27,14.1,10.9,40.8,0.418,17.1,LOW
101.4,231.7,1.06,5.9,1.5,36.4,0.833,31.6,MEDIUM
203.5,336.2,0.33,21.7,35.1,15.1,0.242,38.7,MEDIUM
106.0,176.8,0.01,58.3,74.2,60.6,0.126,14.0,LOW
117.9,266.8,0.0,35.0,54.0,39.2,0.089,20.4,LOW
162.6,250.6,0.83,20.1,11.7,39.9,0.736,36.9,MEDIUM
96.8,201.0,0.07,19.8,31.8,13.1,0.708,24.2,LOW
110.3,145.5,0.08,12.8,10.5,171.5,0.464,19.3,LOW
148.3,220.8,1.36,2.8,4.2,60.5,0.792,39.6,MEDIUM
105.1,156.3,0.01,15.0,11.6,13.2,0.44,19.2,LOW
73.7,157.2,0.22,13.8,11.9,29.0,0.408,13.9,LOW
155.3,205.1,0.49,2.5,5.1,110.9,0.741,33.5,MEDIUM
61.3,182.2,0.08,10.4,12.8,116.9,0.521,16.3,LOW
203.6,288.8,0.87,14.1,15.2,36.1,0.226,41.2,MEDIUM
74.1,153.6,0.0,0.7,7.6,179.8,0.818,21.4,LOW
96.2,167.2,0.68,1.5,1.6,46.5,0.748,27.0,LOW
174.2,344.3,1.12,5.0,6.5,27.4,0.703,44.7,MEDIUM
159.6,287.4,0.11,34.9,51.5,12.4,0.186,29.4,LOW
113.2,166.0,0.18,14.4,20.6,32.3,0.395,17.6,LOW
83.1,168.7,0.14,3.2,9.6,144.8,0.836,22.9,LOW
75.3,178.4,0.15,5.8,7.6,119.1,0.716,22.3,LOW
49.8,136.2,0.07,32.4,25.7,116.0,0.429,7.1,LOW
193.4,273.4,2.23,1.0,5.2,13.0,0.844,60.7,HIGH
111.3,234.3,0.79,3.9,6.3,58.2,0.655,30.0,MEDIUM
93.8,184.7,0.22,35.3,44.3,107.0,0.287,12.4,LOW
82.4,164.3,0.02,13.3,14.5,123.6,0.172,11.6,LOW
130.0,278.8,1.43,4.5,4.4,39.6,0.985,36.6,MEDIUM
100.6,175.7,0.77,3.9,0.9,54.9,0.725,26.3,LOW
254.6,327.6,0.0,54.8,84.3,2.7,0.417,45.6,MEDIUM
110.5,163.0,0.75,3.4,0.3,94.8,0.567,22.6,LOW
172.3,231.0,0.25,23.2,18.3,77.6,0.149,30.0,MEDIUM
131.7,227.8,0.17,19.9,25.6,91.1,0.416,27.1,LOW
208.1,241.9,0.81,14.4,19.6,6.9,0.504,43.5,MEDIUM
69.9,184.1,0.05,19.1,11.9,180.0,0.424,14.1,LOW
96.4,278.7,0.0,28.3,46.3,18.0,0.286,18.4,LOW
103.4,281.0,0.0,32.7,51.4,30.0,0.122,21.1,LOW
145.2,174.0,0.62,11.2,12.5,47.1,0.288,29.6,LOW
97.2,135.8,0.12,35.9,17.2,60.5,0.233,16.6,LOW
93.6,209.3,0.16,13.7,17.4,51.5,0.271,20.4,LOW
151.7,186.5,0.35,17.1,26.9,19.8,0.198,31.3,MEDIUM
